algo,world_size,hidden_dim,num_layers,model_label,total_params,grad_size_bytes,grad_size_mib,steps,batch_size,bucket_cap_mb,threads,repeat_id,total_training_time_sec,avg_step_time_ms,parameter_max_diff
builtin,9,32,2,h32_l2,17802,71208,0.067909,300,16,512,1,1,1.212,4.042,0.00000000
ring,9,32,2,h32_l2,17802,71208,0.067909,300,16,512,1,1,1.291,4.302,0.00000000
recursive-doubling-latency,9,32,2,h32_l2,17802,71208,0.067909,300,16,512,1,1,0.772,2.573,0.00000000
recursive-doubling-bandwidth,9,32,2,h32_l2,17802,71208,0.067909,300,16,512,1,1,1.015,3.385,0.00000000
swing-latency,9,32,2,h32_l2,17802,71208,0.067909,300,16,512,1,1,0.795,2.650,0.00000006
swing-bandwidth,9,32,2,h32_l2,17802,71208,0.067909,300,16,512,1,1,1.063,3.544,0.00000000
bruck-latency,9,32,2,h32_l2,17802,71208,0.067909,300,16,512,1,1,0.858,2.859,0.00000033
bruck-bandwidth,9,32,2,h32_l2,17802,71208,0.067909,300,16,512,1,1,1.040,3.467,0.00000000
trivance-latency,9,32,2,h32_l2,17802,71208,0.067909,300,16,512,1,1,0.825,2.750,0.00000033
trivance-bandwidth,9,32,2,h32_l2,17802,71208,0.067909,300,16,512,1,1,1.003,3.343,0.00000000
builtin,9,64,2,h64_l2,37642,150568,0.143593,300,16,512,1,1,1.260,4.201,0.00000000
ring,9,64,2,h64_l2,37642,150568,0.143593,300,16,512,1,1,1.356,4.520,0.00000000
recursive-doubling-latency,9,64,2,h64_l2,37642,150568,0.143593,300,16,512,1,1,0.953,3.178,0.00000000
recursive-doubling-bandwidth,9,64,2,h64_l2,37642,150568,0.143593,300,16,512,1,1,1.194,3.980,0.00000000
swing-latency,9,64,2,h64_l2,37642,150568,0.143593,300,16,512,1,1,0.916,3.054,0.00000017
swing-bandwidth,9,64,2,h64_l2,37642,150568,0.143593,300,16,512,1,1,1.194,3.980,0.00000000
bruck-latency,9,64,2,h64_l2,37642,150568,0.143593,300,16,512,1,1,0.978,3.261,0.00000034
bruck-bandwidth,9,64,2,h64_l2,37642,150568,0.143593,300,16,512,1,1,1.193,3.976,0.00000000
trivance-latency,9,64,2,h64_l2,37642,150568,0.143593,300,16,512,1,1,0.969,3.229,0.00000022
trivance-bandwidth,9,64,2,h64_l2,37642,150568,0.143593,300,16,512,1,1,1.170,3.901,0.00000000
builtin,9,128,2,h128_l2,83466,333864,0.318398,300,16,512,1,1,1.660,5.533,0.00000000
ring,9,128,2,h128_l2,83466,333864,0.318398,300,16,512,1,1,1.683,5.610,0.00000000
recursive-doubling-latency,9,128,2,h128_l2,83466,333864,0.318398,300,16,512,1,1,1.357,4.523,0.00000000
recursive-doubling-bandwidth,9,128,2,h128_l2,83466,333864,0.318398,300,16,512,1,1,1.580,5.266,0.00000000
swing-latency,9,128,2,h128_l2,83466,333864,0.318398,300,16,512,1,1,1.395,4.650,0.00000006
swing-bandwidth,9,128,2,h128_l2,83466,333864,0.318398,300,16,512,1,1,1.613,5.376,0.00000000
bruck-latency,9,128,2,h128_l2,83466,333864,0.318398,300,16,512,1,1,1.517,5.058,0.00000135
bruck-bandwidth,9,128,2,h128_l2,83466,333864,0.318398,300,16,512,1,1,1.551,5.170,0.00000000
trivance-latency,9,128,2,h128_l2,83466,333864,0.318398,300,16,512,1,1,1.439,4.796,0.00000402
trivance-bandwidth,9,128,2,h128_l2,83466,333864,0.318398,300,16,512,1,1,1.555,5.183,0.00000000
builtin,9,256,2,h256_l2,199690,798760,0.761757,300,16,512,1,1,2.347,7.825,0.00000000
ring,9,256,2,h256_l2,199690,798760,0.761757,300,16,512,1,1,2.814,9.381,0.00000000
recursive-doubling-latency,9,256,2,h256_l2,199690,798760,0.761757,300,16,512,1,1,2.526,8.420,0.00000000
recursive-doubling-bandwidth,9,256,2,h256_l2,199690,798760,0.761757,300,16,512,1,1,2.723,9.077,0.00000000
swing-latency,9,256,2,h256_l2,199690,798760,0.761757,300,16,512,1,1,2.469,8.228,0.00000012
swing-bandwidth,9,256,2,h256_l2,199690,798760,0.761757,300,16,512,1,1,2.897,9.658,0.00000000
bruck-latency,9,256,2,h256_l2,199690,798760,0.761757,300,16,512,1,1,2.797,9.323,0.00000418
bruck-bandwidth,9,256,2,h256_l2,199690,798760,0.761757,300,16,512,1,1,2.818,9.392,0.00000000
trivance-latency,9,256,2,h256_l2,199690,798760,0.761757,300,16,512,1,1,2.713,9.045,0.00000208
trivance-bandwidth,9,256,2,h256_l2,199690,798760,0.761757,300,16,512,1,1,2.811,9.369,0.00000000
builtin,9,512,2,h512_l2,530442,2121768,2.023476,300,16,512,1,1,4.385,14.617,0.00000000
ring,9,512,2,h512_l2,530442,2121768,2.023476,300,16,512,1,1,5.195,17.316,0.00000000
recursive-doubling-latency,9,512,2,h512_l2,530442,2121768,2.023476,300,16,512,1,1,6.069,20.229,0.00000000
recursive-doubling-bandwidth,9,512,2,h512_l2,530442,2121768,2.023476,300,16,512,1,1,6.794,22.648,0.00000000
swing-latency,9,512,2,h512_l2,530442,2121768,2.023476,300,16,512,1,1,5.815,19.385,0.00000136
swing-bandwidth,9,512,2,h512_l2,530442,2121768,2.023476,300,16,512,1,1,7.016,23.385,0.00000000
bruck-latency,9,512,2,h512_l2,530442,2121768,2.023476,300,16,512,1,1,6.769,22.562,0.00000172
bruck-bandwidth,9,512,2,h512_l2,530442,2121768,2.023476,300,16,512,1,1,5.739,19.131,0.00000000
trivance-latency,9,512,2,h512_l2,530442,2121768,2.023476,300,16,512,1,1,6.486,21.619,0.00000241
trivance-bandwidth,9,512,2,h512_l2,530442,2121768,2.023476,300,16,512,1,1,5.643,18.809,0.00000000
builtin,9,1024,2,h1024_l2,1585162,6340648,6.046913,300,16,512,1,1,13.071,43.571,0.00000000
ring,9,1024,2,h1024_l2,1585162,6340648,6.046913,300,16,512,1,1,16.802,56.007,0.00000000
recursive-doubling-latency,9,1024,2,h1024_l2,1585162,6340648,6.046913,300,16,512,1,1,17.996,59.986,0.00000000
recursive-doubling-bandwidth,9,1024,2,h1024_l2,1585162,6340648,6.046913,300,16,512,1,1,19.398,64.661,0.00000000
swing-latency,9,1024,2,h1024_l2,1585162,6340648,6.046913,300,16,512,1,1,17.187,57.292,0.00000110
swing-bandwidth,9,1024,2,h1024_l2,1585162,6340648,6.046913,300,16,512,1,1,20.544,68.481,0.00000000
bruck-latency,9,1024,2,h1024_l2,1585162,6340648,6.046913,300,16,512,1,1,18.730,62.434,0.00000194
bruck-bandwidth,9,1024,2,h1024_l2,1585162,6340648,6.046913,300,16,512,1,1,18.331,61.103,0.00000000
trivance-latency,9,1024,2,h1024_l2,1585162,6340648,6.046913,300,16,512,1,1,18.210,60.699,0.00000279
trivance-bandwidth,9,1024,2,h1024_l2,1585162,6340648,6.046913,300,16,512,1,1,17.975,59.917,0.00000000
builtin,9,1024,4,h1024_l4,3684362,14737448,14.054726,300,16,512,1,1,25.979,86.597,0.00000000
ring,9,1024,4,h1024_l4,3684362,14737448,14.054726,300,16,512,1,1,33.686,112.287,0.00000000
recursive-doubling-latency,9,1024,4,h1024_l4,3684362,14737448,14.054726,300,16,512,1,1,36.967,123.223,0.00000000
recursive-doubling-bandwidth,9,1024,4,h1024_l4,3684362,14737448,14.054726,300,16,512,1,1,40.384,134.614,0.00000000
swing-latency,9,1024,4,h1024_l4,3684362,14737448,14.054726,300,16,512,1,1,37.280,124.268,0.00000095
swing-bandwidth,9,1024,4,h1024_l4,3684362,14737448,14.054726,300,16,512,1,1,42.443,141.478,0.00000000
bruck-latency,9,1024,4,h1024_l4,3684362,14737448,14.054726,300,16,512,1,1,39.874,132.912,0.00000136
bruck-bandwidth,9,1024,4,h1024_l4,3684362,14737448,14.054726,300,16,512,1,1,37.848,126.160,0.00000000
trivance-latency,9,1024,4,h1024_l4,3684362,14737448,14.054726,300,16,512,1,1,38.448,128.161,0.00000103
trivance-bandwidth,9,1024,4,h1024_l4,3684362,14737448,14.054726,300,16,512,1,1,38.180,127.268,0.00000000
builtin,9,32,2,h32_l2,17802,71208,0.067909,300,16,512,1,2,1.215,4.050,0.00000000
ring,9,32,2,h32_l2,17802,71208,0.067909,300,16,512,1,2,1.283,4.278,0.00000000
recursive-doubling-latency,9,32,2,h32_l2,17802,71208,0.067909,300,16,512,1,2,0.769,2.562,0.00000000
recursive-doubling-bandwidth,9,32,2,h32_l2,17802,71208,0.067909,300,16,512,1,2,1.018,3.395,0.00000000
swing-latency,9,32,2,h32_l2,17802,71208,0.067909,300,16,512,1,2,0.785,2.616,0.00000006
swing-bandwidth,9,32,2,h32_l2,17802,71208,0.067909,300,16,512,1,2,1.016,3.386,0.00000000
bruck-latency,9,32,2,h32_l2,17802,71208,0.067909,300,16,512,1,2,0.799,2.664,0.00000033
bruck-bandwidth,9,32,2,h32_l2,17802,71208,0.067909,300,16,512,1,2,1.022,3.408,0.00000000
trivance-latency,9,32,2,h32_l2,17802,71208,0.067909,300,16,512,1,2,0.816,2.721,0.00000033
trivance-bandwidth,9,32,2,h32_l2,17802,71208,0.067909,300,16,512,1,2,1.049,3.496,0.00000000
builtin,9,64,2,h64_l2,37642,150568,0.143593,300,16,512,1,2,1.345,4.483,0.00000000
ring,9,64,2,h64_l2,37642,150568,0.143593,300,16,512,1,2,1.369,4.563,0.00000000
recursive-doubling-latency,9,64,2,h64_l2,37642,150568,0.143593,300,16,512,1,2,0.971,3.237,0.00000000
recursive-doubling-bandwidth,9,64,2,h64_l2,37642,150568,0.143593,300,16,512,1,2,1.149,3.831,0.00000000
swing-latency,9,64,2,h64_l2,37642,150568,0.143593,300,16,512,1,2,0.912,3.040,0.00000017
swing-bandwidth,9,64,2,h64_l2,37642,150568,0.143593,300,16,512,1,2,1.301,4.337,0.00000000
bruck-latency,9,64,2,h64_l2,37642,150568,0.143593,300,16,512,1,2,0.967,3.222,0.00000034
bruck-bandwidth,9,64,2,h64_l2,37642,150568,0.143593,300,16,512,1,2,1.230,4.100,0.00000000
trivance-latency,9,64,2,h64_l2,37642,150568,0.143593,300,16,512,1,2,0.960,3.201,0.00000022
trivance-bandwidth,9,64,2,h64_l2,37642,150568,0.143593,300,16,512,1,2,1.184,3.945,0.00000000
builtin,9,128,2,h128_l2,83466,333864,0.318398,300,16,512,1,2,1.543,5.143,0.00000000
ring,9,128,2,h128_l2,83466,333864,0.318398,300,16,512,1,2,1.684,5.615,0.00000000
recursive-doubling-latency,9,128,2,h128_l2,83466,333864,0.318398,300,16,512,1,2,1.309,4.363,0.00000000
recursive-doubling-bandwidth,9,128,2,h128_l2,83466,333864,0.318398,300,16,512,1,2,1.686,5.619,0.00000000
swing-latency,9,128,2,h128_l2,83466,333864,0.318398,300,16,512,1,2,1.336,4.455,0.00000006
swing-bandwidth,9,128,2,h128_l2,83466,333864,0.318398,300,16,512,1,2,1.666,5.552,0.00000000
bruck-latency,9,128,2,h128_l2,83466,333864,0.318398,300,16,512,1,2,1.494,4.979,0.00000135
bruck-bandwidth,9,128,2,h128_l2,83466,333864,0.318398,300,16,512,1,2,1.597,5.325,0.00000000
trivance-latency,9,128,2,h128_l2,83466,333864,0.318398,300,16,512,1,2,1.476,4.921,0.00000402
trivance-bandwidth,9,128,2,h128_l2,83466,333864,0.318398,300,16,512,1,2,1.542,5.139,0.00000000
builtin,9,256,2,h256_l2,199690,798760,0.761757,300,16,512,1,2,2.246,7.487,0.00000000
ring,9,256,2,h256_l2,199690,798760,0.761757,300,16,512,1,2,2.688,8.959,0.00000000
recursive-doubling-latency,9,256,2,h256_l2,199690,798760,0.761757,300,16,512,1,2,2.502,8.340,0.00000000
recursive-doubling-bandwidth,9,256,2,h256_l2,199690,798760,0.761757,300,16,512,1,2,2.701,9.003,0.00000000
swing-latency,9,256,2,h256_l2,199690,798760,0.761757,300,16,512,1,2,2.564,8.547,0.00000012
swing-bandwidth,9,256,2,h256_l2,199690,798760,0.761757,300,16,512,1,2,2.899,9.665,0.00000000
bruck-latency,9,256,2,h256_l2,199690,798760,0.761757,300,16,512,1,2,2.748,9.159,0.00000418
bruck-bandwidth,9,256,2,h256_l2,199690,798760,0.761757,300,16,512,1,2,2.833,9.445,0.00000000
trivance-latency,9,256,2,h256_l2,199690,798760,0.761757,300,16,512,1,2,2.774,9.247,0.00000208
trivance-bandwidth,9,256,2,h256_l2,199690,798760,0.761757,300,16,512,1,2,2.840,9.467,0.00000000
builtin,9,512,2,h512_l2,530442,2121768,2.023476,300,16,512,1,2,4.413,14.709,0.00000000
ring,9,512,2,h512_l2,530442,2121768,2.023476,300,16,512,1,2,5.066,16.888,0.00000000
recursive-doubling-latency,9,512,2,h512_l2,530442,2121768,2.023476,300,16,512,1,2,6.071,20.236,0.00000000
recursive-doubling-bandwidth,9,512,2,h512_l2,530442,2121768,2.023476,300,16,512,1,2,7.230,24.099,0.00000000
swing-latency,9,512,2,h512_l2,530442,2121768,2.023476,300,16,512,1,2,6.061,20.204,0.00000136
swing-bandwidth,9,512,2,h512_l2,530442,2121768,2.023476,300,16,512,1,2,6.919,23.063,0.00000000
bruck-latency,9,512,2,h512_l2,530442,2121768,2.023476,300,16,512,1,2,6.674,22.245,0.00000172
bruck-bandwidth,9,512,2,h512_l2,530442,2121768,2.023476,300,16,512,1,2,5.743,19.145,0.00000000
trivance-latency,9,512,2,h512_l2,530442,2121768,2.023476,300,16,512,1,2,6.613,22.042,0.00000241
trivance-bandwidth,9,512,2,h512_l2,530442,2121768,2.023476,300,16,512,1,2,5.753,19.178,0.00000000
builtin,9,1024,2,h1024_l2,1585162,6340648,6.046913,300,16,512,1,2,12.856,42.855,0.00000000
ring,9,1024,2,h1024_l2,1585162,6340648,6.046913,300,16,512,1,2,16.297,54.323,0.00000000
recursive-doubling-latency,9,1024,2,h1024_l2,1585162,6340648,6.046913,300,16,512,1,2,17.646,58.821,0.00000000
recursive-doubling-bandwidth,9,1024,2,h1024_l2,1585162,6340648,6.046913,300,16,512,1,2,19.623,65.410,0.00000000
swing-latency,9,1024,2,h1024_l2,1585162,6340648,6.046913,300,16,512,1,2,16.167,53.890,0.00000110
swing-bandwidth,9,1024,2,h1024_l2,1585162,6340648,6.046913,300,16,512,1,2,20.806,69.352,0.00000000
bruck-latency,9,1024,2,h1024_l2,1585162,6340648,6.046913,300,16,512,1,2,18.905,63.016,0.00000194
bruck-bandwidth,9,1024,2,h1024_l2,1585162,6340648,6.046913,300,16,512,1,2,19.232,64.106,0.00000000
trivance-latency,9,1024,2,h1024_l2,1585162,6340648,6.046913,300,16,512,1,2,19.103,63.676,0.00000279
trivance-bandwidth,9,1024,2,h1024_l2,1585162,6340648,6.046913,300,16,512,1,2,18.650,62.167,0.00000000
builtin,9,1024,4,h1024_l4,3684362,14737448,14.054726,300,16,512,1,2,26.190,87.299,0.00000000
ring,9,1024,4,h1024_l4,3684362,14737448,14.054726,300,16,512,1,2,34.145,113.815,0.00000000
recursive-doubling-latency,9,1024,4,h1024_l4,3684362,14737448,14.054726,300,16,512,1,2,37.697,125.658,0.00000000
recursive-doubling-bandwidth,9,1024,4,h1024_l4,3684362,14737448,14.054726,300,16,512,1,2,38.067,126.890,0.00000000
swing-latency,9,1024,4,h1024_l4,3684362,14737448,14.054726,300,16,512,1,2,35.933,119.776,0.00000095
swing-bandwidth,9,1024,4,h1024_l4,3684362,14737448,14.054726,300,16,512,1,2,40.690,135.633,0.00000000
bruck-latency,9,1024,4,h1024_l4,3684362,14737448,14.054726,300,16,512,1,2,39.839,132.796,0.00000136
bruck-bandwidth,9,1024,4,h1024_l4,3684362,14737448,14.054726,300,16,512,1,2,38.641,128.803,0.00000000
trivance-latency,9,1024,4,h1024_l4,3684362,14737448,14.054726,300,16,512,1,2,39.711,132.369,0.00000103
trivance-bandwidth,9,1024,4,h1024_l4,3684362,14737448,14.054726,300,16,512,1,2,36.644,122.147,0.00000000
builtin,9,32,2,h32_l2,17802,71208,0.067909,300,16,512,1,3,1.184,3.947,0.00000000
ring,9,32,2,h32_l2,17802,71208,0.067909,300,16,512,1,3,1.280,4.267,0.00000000
recursive-doubling-latency,9,32,2,h32_l2,17802,71208,0.067909,300,16,512,1,3,0.785,2.617,0.00000000
recursive-doubling-bandwidth,9,32,2,h32_l2,17802,71208,0.067909,300,16,512,1,3,1.021,3.403,0.00000000
swing-latency,9,32,2,h32_l2,17802,71208,0.067909,300,16,512,1,3,0.752,2.506,0.00000006
swing-bandwidth,9,32,2,h32_l2,17802,71208,0.067909,300,16,512,1,3,1.019,3.398,0.00000000
bruck-latency,9,32,2,h32_l2,17802,71208,0.067909,300,16,512,1,3,0.839,2.795,0.00000033
bruck-bandwidth,9,32,2,h32_l2,17802,71208,0.067909,300,16,512,1,3,1.049,3.498,0.00000000
trivance-latency,9,32,2,h32_l2,17802,71208,0.067909,300,16,512,1,3,0.817,2.722,0.00000033
trivance-bandwidth,9,32,2,h32_l2,17802,71208,0.067909,300,16,512,1,3,1.024,3.413,0.00000000
builtin,9,64,2,h64_l2,37642,150568,0.143593,300,16,512,1,3,1.282,4.274,0.00000000
ring,9,64,2,h64_l2,37642,150568,0.143593,300,16,512,1,3,1.370,4.566,0.00000000
recursive-doubling-latency,9,64,2,h64_l2,37642,150568,0.143593,300,16,512,1,3,0.926,3.087,0.00000000
recursive-doubling-bandwidth,9,64,2,h64_l2,37642,150568,0.143593,300,16,512,1,3,1.177,3.925,0.00000000
swing-latency,9,64,2,h64_l2,37642,150568,0.143593,300,16,512,1,3,0.933,3.111,0.00000017
swing-bandwidth,9,64,2,h64_l2,37642,150568,0.143593,300,16,512,1,3,1.211,4.037,0.00000000
bruck-latency,9,64,2,h64_l2,37642,150568,0.143593,300,16,512,1,3,0.972,3.239,0.00000034
bruck-bandwidth,9,64,2,h64_l2,37642,150568,0.143593,300,16,512,1,3,1.228,4.094,0.00000000
trivance-latency,9,64,2,h64_l2,37642,150568,0.143593,300,16,512,1,3,0.969,3.231,0.00000022
trivance-bandwidth,9,64,2,h64_l2,37642,150568,0.143593,300,16,512,1,3,1.202,4.006,0.00000000
builtin,9,128,2,h128_l2,83466,333864,0.318398,300,16,512,1,3,1.540,5.133,0.00000000
ring,9,128,2,h128_l2,83466,333864,0.318398,300,16,512,1,3,1.661,5.537,0.00000000
recursive-doubling-latency,9,128,2,h128_l2,83466,333864,0.318398,300,16,512,1,3,1.399,4.664,0.00000000
recursive-doubling-bandwidth,9,128,2,h128_l2,83466,333864,0.318398,300,16,512,1,3,1.631,5.436,0.00000000
swing-latency,9,128,2,h128_l2,83466,333864,0.318398,300,16,512,1,3,1.386,4.620,0.00000006
swing-bandwidth,9,128,2,h128_l2,83466,333864,0.318398,300,16,512,1,3,1.681,5.603,0.00000000
bruck-latency,9,128,2,h128_l2,83466,333864,0.318398,300,16,512,1,3,1.499,4.998,0.00000135
bruck-bandwidth,9,128,2,h128_l2,83466,333864,0.318398,300,16,512,1,3,1.581,5.271,0.00000000
trivance-latency,9,128,2,h128_l2,83466,333864,0.318398,300,16,512,1,3,1.459,4.863,0.00000402
trivance-bandwidth,9,128,2,h128_l2,83466,333864,0.318398,300,16,512,1,3,1.578,5.259,0.00000000
builtin,9,256,2,h256_l2,199690,798760,0.761757,300,16,512,1,3,2.370,7.901,0.00000000
ring,9,256,2,h256_l2,199690,798760,0.761757,300,16,512,1,3,2.859,9.530,0.00000000
recursive-doubling-latency,9,256,2,h256_l2,199690,798760,0.761757,300,16,512,1,3,2.639,8.797,0.00000000
recursive-doubling-bandwidth,9,256,2,h256_l2,199690,798760,0.761757,300,16,512,1,3,2.930,9.766,0.00000000
swing-latency,9,256,2,h256_l2,199690,798760,0.761757,300,16,512,1,3,2.579,8.597,0.00000012
swing-bandwidth,9,256,2,h256_l2,199690,798760,0.761757,300,16,512,1,3,2.854,9.514,0.00000000
bruck-latency,9,256,2,h256_l2,199690,798760,0.761757,300,16,512,1,3,2.751,9.169,0.00000418
bruck-bandwidth,9,256,2,h256_l2,199690,798760,0.761757,300,16,512,1,3,2.857,9.523,0.00000000
trivance-latency,9,256,2,h256_l2,199690,798760,0.761757,300,16,512,1,3,2.668,8.894,0.00000208
trivance-bandwidth,9,256,2,h256_l2,199690,798760,0.761757,300,16,512,1,3,2.745,9.150,0.00000000
builtin,9,512,2,h512_l2,530442,2121768,2.023476,300,16,512,1,3,4.485,14.951,0.00000000
ring,9,512,2,h512_l2,530442,2121768,2.023476,300,16,512,1,3,5.399,17.996,0.00000000
recursive-doubling-latency,9,512,2,h512_l2,530442,2121768,2.023476,300,16,512,1,3,6.083,20.278,0.00000000
recursive-doubling-bandwidth,9,512,2,h512_l2,530442,2121768,2.023476,300,16,512,1,3,6.805,22.682,0.00000000
swing-latency,9,512,2,h512_l2,530442,2121768,2.023476,300,16,512,1,3,6.200,20.665,0.00000136
swing-bandwidth,9,512,2,h512_l2,530442,2121768,2.023476,300,16,512,1,3,7.116,23.721,0.00000000
bruck-latency,9,512,2,h512_l2,530442,2121768,2.023476,300,16,512,1,3,6.576,21.918,0.00000172
bruck-bandwidth,9,512,2,h512_l2,530442,2121768,2.023476,300,16,512,1,3,5.754,19.179,0.00000000
trivance-latency,9,512,2,h512_l2,530442,2121768,2.023476,300,16,512,1,3,6.557,21.858,0.00000241
trivance-bandwidth,9,512,2,h512_l2,530442,2121768,2.023476,300,16,512,1,3,5.569,18.562,0.00000000
builtin,9,1024,2,h1024_l2,1585162,6340648,6.046913,300,16,512,1,3,12.188,40.625,0.00000000
ring,9,1024,2,h1024_l2,1585162,6340648,6.046913,300,16,512,1,3,16.529,55.096,0.00000000
recursive-doubling-latency,9,1024,2,h1024_l2,1585162,6340648,6.046913,300,16,512,1,3,16.766,55.886,0.00000000
recursive-doubling-bandwidth,9,1024,2,h1024_l2,1585162,6340648,6.046913,300,16,512,1,3,20.140,67.132,0.00000000
swing-latency,9,1024,2,h1024_l2,1585162,6340648,6.046913,300,16,512,1,3,17.254,57.514,0.00000110
swing-bandwidth,9,1024,2,h1024_l2,1585162,6340648,6.046913,300,16,512,1,3,19.920,66.400,0.00000000
bruck-latency,9,1024,2,h1024_l2,1585162,6340648,6.046913,300,16,512,1,3,18.581,61.936,0.00000194
bruck-bandwidth,9,1024,2,h1024_l2,1585162,6340648,6.046913,300,16,512,1,3,18.248,60.826,0.00000000
trivance-latency,9,1024,2,h1024_l2,1585162,6340648,6.046913,300,16,512,1,3,19.039,63.463,0.00000279
trivance-bandwidth,9,1024,2,h1024_l2,1585162,6340648,6.046913,300,16,512,1,3,18.259,60.864,0.00000000
builtin,9,1024,4,h1024_l4,3684362,14737448,14.054726,300,16,512,1,3,26.350,87.832,0.00000000
ring,9,1024,4,h1024_l4,3684362,14737448,14.054726,300,16,512,1,3,35.945,119.818,0.00000000
recursive-doubling-latency,9,1024,4,h1024_l4,3684362,14737448,14.054726,300,16,512,1,3,36.070,120.233,0.00000000
recursive-doubling-bandwidth,9,1024,4,h1024_l4,3684362,14737448,14.054726,300,16,512,1,3,41.566,138.554,0.00000000
swing-latency,9,1024,4,h1024_l4,3684362,14737448,14.054726,300,16,512,1,3,37.184,123.946,0.00000095
swing-bandwidth,9,1024,4,h1024_l4,3684362,14737448,14.054726,300,16,512,1,3,40.058,133.527,0.00000000
bruck-latency,9,1024,4,h1024_l4,3684362,14737448,14.054726,300,16,512,1,3,40.868,136.226,0.00000136
bruck-bandwidth,9,1024,4,h1024_l4,3684362,14737448,14.054726,300,16,512,1,3,37.576,125.254,0.00000000
trivance-latency,9,1024,4,h1024_l4,3684362,14737448,14.054726,300,16,512,1,3,38.824,129.415,0.00000103
trivance-bandwidth,9,1024,4,h1024_l4,3684362,14737448,14.054726,300,16,512,1,3,37.115,123.716,0.00000000
builtin,9,32,2,h32_l2,17802,71208,0.067909,300,16,512,1,4,1.141,3.804,0.00000000
ring,9,32,2,h32_l2,17802,71208,0.067909,300,16,512,1,4,1.226,4.086,0.00000000
recursive-doubling-latency,9,32,2,h32_l2,17802,71208,0.067909,300,16,512,1,4,0.789,2.631,0.00000000
recursive-doubling-bandwidth,9,32,2,h32_l2,17802,71208,0.067909,300,16,512,1,4,1.008,3.360,0.00000000
swing-latency,9,32,2,h32_l2,17802,71208,0.067909,300,16,512,1,4,0.802,2.673,0.00000006
swing-bandwidth,9,32,2,h32_l2,17802,71208,0.067909,300,16,512,1,4,1.029,3.431,0.00000000
bruck-latency,9,32,2,h32_l2,17802,71208,0.067909,300,16,512,1,4,0.800,2.665,0.00000033
bruck-bandwidth,9,32,2,h32_l2,17802,71208,0.067909,300,16,512,1,4,1.048,3.493,0.00000000
trivance-latency,9,32,2,h32_l2,17802,71208,0.067909,300,16,512,1,4,0.814,2.712,0.00000033
trivance-bandwidth,9,32,2,h32_l2,17802,71208,0.067909,300,16,512,1,4,1.001,3.337,0.00000000
builtin,9,64,2,h64_l2,37642,150568,0.143593,300,16,512,1,4,1.274,4.246,0.00000000
ring,9,64,2,h64_l2,37642,150568,0.143593,300,16,512,1,4,1.382,4.607,0.00000000
recursive-doubling-latency,9,64,2,h64_l2,37642,150568,0.143593,300,16,512,1,4,0.913,3.042,0.00000000
recursive-doubling-bandwidth,9,64,2,h64_l2,37642,150568,0.143593,300,16,512,1,4,1.161,3.869,0.00000000
swing-latency,9,64,2,h64_l2,37642,150568,0.143593,300,16,512,1,4,0.948,3.161,0.00000017
swing-bandwidth,9,64,2,h64_l2,37642,150568,0.143593,300,16,512,1,4,1.173,3.911,0.00000000
bruck-latency,9,64,2,h64_l2,37642,150568,0.143593,300,16,512,1,4,0.983,3.277,0.00000034
bruck-bandwidth,9,64,2,h64_l2,37642,150568,0.143593,300,16,512,1,4,1.208,4.028,0.00000000
trivance-latency,9,64,2,h64_l2,37642,150568,0.143593,300,16,512,1,4,0.946,3.154,0.00000022
trivance-bandwidth,9,64,2,h64_l2,37642,150568,0.143593,300,16,512,1,4,1.146,3.821,0.00000000
builtin,9,128,2,h128_l2,83466,333864,0.318398,300,16,512,1,4,1.559,5.196,0.00000000
ring,9,128,2,h128_l2,83466,333864,0.318398,300,16,512,1,4,1.702,5.673,0.00000000
recursive-doubling-latency,9,128,2,h128_l2,83466,333864,0.318398,300,16,512,1,4,1.342,4.474,0.00000000
recursive-doubling-bandwidth,9,128,2,h128_l2,83466,333864,0.318398,300,16,512,1,4,1.632,5.440,0.00000000
swing-latency,9,128,2,h128_l2,83466,333864,0.318398,300,16,512,1,4,1.392,4.639,0.00000006
swing-bandwidth,9,128,2,h128_l2,83466,333864,0.318398,300,16,512,1,4,1.654,5.515,0.00000000
bruck-latency,9,128,2,h128_l2,83466,333864,0.318398,300,16,512,1,4,1.495,4.984,0.00000135
bruck-bandwidth,9,128,2,h128_l2,83466,333864,0.318398,300,16,512,1,4,1.532,5.108,0.00000000
trivance-latency,9,128,2,h128_l2,83466,333864,0.318398,300,16,512,1,4,1.475,4.916,0.00000402
trivance-bandwidth,9,128,2,h128_l2,83466,333864,0.318398,300,16,512,1,4,1.528,5.094,0.00000000
builtin,9,256,2,h256_l2,199690,798760,0.761757,300,16,512,1,4,2.317,7.722,0.00000000
ring,9,256,2,h256_l2,199690,798760,0.761757,300,16,512,1,4,2.788,9.293,0.00000000
recursive-doubling-latency,9,256,2,h256_l2,199690,798760,0.761757,300,16,512,1,4,2.484,8.279,0.00000000
recursive-doubling-bandwidth,9,256,2,h256_l2,199690,798760,0.761757,300,16,512,1,4,2.965,9.884,0.00000000
swing-latency,9,256,2,h256_l2,199690,798760,0.761757,300,16,512,1,4,2.472,8.241,0.00000012
swing-bandwidth,9,256,2,h256_l2,199690,798760,0.761757,300,16,512,1,4,2.904,9.678,0.00000000
bruck-latency,9,256,2,h256_l2,199690,798760,0.761757,300,16,512,1,4,2.768,9.226,0.00000418
bruck-bandwidth,9,256,2,h256_l2,199690,798760,0.761757,300,16,512,1,4,2.821,9.402,0.00000000
trivance-latency,9,256,2,h256_l2,199690,798760,0.761757,300,16,512,1,4,2.734,9.113,0.00000208
trivance-bandwidth,9,256,2,h256_l2,199690,798760,0.761757,300,16,512,1,4,2.822,9.408,0.00000000
builtin,9,512,2,h512_l2,530442,2121768,2.023476,300,16,512,1,4,4.401,14.669,0.00000000
ring,9,512,2,h512_l2,530442,2121768,2.023476,300,16,512,1,4,5.070,16.899,0.00000000
recursive-doubling-latency,9,512,2,h512_l2,530442,2121768,2.023476,300,16,512,1,4,5.972,19.907,0.00000000
recursive-doubling-bandwidth,9,512,2,h512_l2,530442,2121768,2.023476,300,16,512,1,4,7.000,23.332,0.00000000
swing-latency,9,512,2,h512_l2,530442,2121768,2.023476,300,16,512,1,4,6.223,20.744,0.00000136
swing-bandwidth,9,512,2,h512_l2,530442,2121768,2.023476,300,16,512,1,4,6.977,23.256,0.00000000
bruck-latency,9,512,2,h512_l2,530442,2121768,2.023476,300,16,512,1,4,6.533,21.778,0.00000172
bruck-bandwidth,9,512,2,h512_l2,530442,2121768,2.023476,300,16,512,1,4,5.843,19.476,0.00000000
trivance-latency,9,512,2,h512_l2,530442,2121768,2.023476,300,16,512,1,4,6.347,21.155,0.00000241
trivance-bandwidth,9,512,2,h512_l2,530442,2121768,2.023476,300,16,512,1,4,5.699,18.995,0.00000000
builtin,9,1024,2,h1024_l2,1585162,6340648,6.046913,300,16,512,1,4,13.115,43.716,0.00000000
ring,9,1024,2,h1024_l2,1585162,6340648,6.046913,300,16,512,1,4,16.329,54.431,0.00000000
recursive-doubling-latency,9,1024,2,h1024_l2,1585162,6340648,6.046913,300,16,512,1,4,17.418,58.061,0.00000000
recursive-doubling-bandwidth,9,1024,2,h1024_l2,1585162,6340648,6.046913,300,16,512,1,4,19.773,65.910,0.00000000
swing-latency,9,1024,2,h1024_l2,1585162,6340648,6.046913,300,16,512,1,4,17.390,57.965,0.00000110
swing-bandwidth,9,1024,2,h1024_l2,1585162,6340648,6.046913,300,16,512,1,4,19.676,65.587,0.00000000
bruck-latency,9,1024,2,h1024_l2,1585162,6340648,6.046913,300,16,512,1,4,20.193,67.310,0.00000194
bruck-bandwidth,9,1024,2,h1024_l2,1585162,6340648,6.046913,300,16,512,1,4,18.601,62.003,0.00000000
trivance-latency,9,1024,2,h1024_l2,1585162,6340648,6.046913,300,16,512,1,4,18.485,61.616,0.00000279
trivance-bandwidth,9,1024,2,h1024_l2,1585162,6340648,6.046913,300,16,512,1,4,18.376,61.253,0.00000000
builtin,9,1024,4,h1024_l4,3684362,14737448,14.054726,300,16,512,1,4,27.065,90.216,0.00000000
ring,9,1024,4,h1024_l4,3684362,14737448,14.054726,300,16,512,1,4,34.179,113.931,0.00000000
recursive-doubling-latency,9,1024,4,h1024_l4,3684362,14737448,14.054726,300,16,512,1,4,36.711,122.370,0.00000000
recursive-doubling-bandwidth,9,1024,4,h1024_l4,3684362,14737448,14.054726,300,16,512,1,4,39.250,130.832,0.00000000
swing-latency,9,1024,4,h1024_l4,3684362,14737448,14.054726,300,16,512,1,4,35.807,119.356,0.00000095
swing-bandwidth,9,1024,4,h1024_l4,3684362,14737448,14.054726,300,16,512,1,4,41.272,137.574,0.00000000
bruck-latency,9,1024,4,h1024_l4,3684362,14737448,14.054726,300,16,512,1,4,40.898,136.327,0.00000136
bruck-bandwidth,9,1024,4,h1024_l4,3684362,14737448,14.054726,300,16,512,1,4,39.055,130.183,0.00000000
trivance-latency,9,1024,4,h1024_l4,3684362,14737448,14.054726,300,16,512,1,4,41.918,139.726,0.00000103
trivance-bandwidth,9,1024,4,h1024_l4,3684362,14737448,14.054726,300,16,512,1,4,37.438,124.794,0.00000000
builtin,9,32,2,h32_l2,17802,71208,0.067909,300,16,512,1,5,1.185,3.950,0.00000000
ring,9,32,2,h32_l2,17802,71208,0.067909,300,16,512,1,5,1.275,4.249,0.00000000
recursive-doubling-latency,9,32,2,h32_l2,17802,71208,0.067909,300,16,512,1,5,0.775,2.582,0.00000000
recursive-doubling-bandwidth,9,32,2,h32_l2,17802,71208,0.067909,300,16,512,1,5,0.994,3.314,0.00000000
swing-latency,9,32,2,h32_l2,17802,71208,0.067909,300,16,512,1,5,0.790,2.634,0.00000006
swing-bandwidth,9,32,2,h32_l2,17802,71208,0.067909,300,16,512,1,5,1.022,3.407,0.00000000
bruck-latency,9,32,2,h32_l2,17802,71208,0.067909,300,16,512,1,5,0.829,2.765,0.00000033
bruck-bandwidth,9,32,2,h32_l2,17802,71208,0.067909,300,16,512,1,5,1.043,3.478,0.00000000
trivance-latency,9,32,2,h32_l2,17802,71208,0.067909,300,16,512,1,5,0.807,2.691,0.00000033
trivance-bandwidth,9,32,2,h32_l2,17802,71208,0.067909,300,16,512,1,5,1.015,3.383,0.00000000
builtin,9,64,2,h64_l2,37642,150568,0.143593,300,16,512,1,5,1.285,4.283,0.00000000
ring,9,64,2,h64_l2,37642,150568,0.143593,300,16,512,1,5,1.466,4.886,0.00000000
recursive-doubling-latency,9,64,2,h64_l2,37642,150568,0.143593,300,16,512,1,5,0.913,3.043,0.00000000
recursive-doubling-bandwidth,9,64,2,h64_l2,37642,150568,0.143593,300,16,512,1,5,1.200,4.001,0.00000000
swing-latency,9,64,2,h64_l2,37642,150568,0.143593,300,16,512,1,5,0.944,3.148,0.00000017
swing-bandwidth,9,64,2,h64_l2,37642,150568,0.143593,300,16,512,1,5,1.184,3.947,0.00000000
bruck-latency,9,64,2,h64_l2,37642,150568,0.143593,300,16,512,1,5,0.953,3.176,0.00000034
bruck-bandwidth,9,64,2,h64_l2,37642,150568,0.143593,300,16,512,1,5,1.213,4.042,0.00000000
trivance-latency,9,64,2,h64_l2,37642,150568,0.143593,300,16,512,1,5,0.962,3.207,0.00000022
trivance-bandwidth,9,64,2,h64_l2,37642,150568,0.143593,300,16,512,1,5,1.192,3.972,0.00000000
builtin,9,128,2,h128_l2,83466,333864,0.318398,300,16,512,1,5,1.530,5.100,0.00000000
ring,9,128,2,h128_l2,83466,333864,0.318398,300,16,512,1,5,1.685,5.617,0.00000000
recursive-doubling-latency,9,128,2,h128_l2,83466,333864,0.318398,300,16,512,1,5,1.348,4.494,0.00000000
recursive-doubling-bandwidth,9,128,2,h128_l2,83466,333864,0.318398,300,16,512,1,5,1.571,5.238,0.00000000
swing-latency,9,128,2,h128_l2,83466,333864,0.318398,300,16,512,1,5,1.397,4.656,0.00000006
swing-bandwidth,9,128,2,h128_l2,83466,333864,0.318398,300,16,512,1,5,1.661,5.537,0.00000000
bruck-latency,9,128,2,h128_l2,83466,333864,0.318398,300,16,512,1,5,1.505,5.016,0.00000135
bruck-bandwidth,9,128,2,h128_l2,83466,333864,0.318398,300,16,512,1,5,1.529,5.095,0.00000000
trivance-latency,9,128,2,h128_l2,83466,333864,0.318398,300,16,512,1,5,1.464,4.878,0.00000402
trivance-bandwidth,9,128,2,h128_l2,83466,333864,0.318398,300,16,512,1,5,1.535,5.116,0.00000000
builtin,9,256,2,h256_l2,199690,798760,0.761757,300,16,512,1,5,2.354,7.848,0.00000000
ring,9,256,2,h256_l2,199690,798760,0.761757,300,16,512,1,5,2.832,9.440,0.00000000
recursive-doubling-latency,9,256,2,h256_l2,199690,798760,0.761757,300,16,512,1,5,2.418,8.061,0.00000000
recursive-doubling-bandwidth,9,256,2,h256_l2,199690,798760,0.761757,300,16,512,1,5,2.931,9.769,0.00000000
swing-latency,9,256,2,h256_l2,199690,798760,0.761757,300,16,512,1,5,2.566,8.553,0.00000012
swing-bandwidth,9,256,2,h256_l2,199690,798760,0.761757,300,16,512,1,5,2.801,9.336,0.00000000
bruck-latency,9,256,2,h256_l2,199690,798760,0.761757,300,16,512,1,5,2.785,9.284,0.00000418
bruck-bandwidth,9,256,2,h256_l2,199690,798760,0.761757,300,16,512,1,5,2.748,9.160,0.00000000
trivance-latency,9,256,2,h256_l2,199690,798760,0.761757,300,16,512,1,5,2.714,9.046,0.00000208
trivance-bandwidth,9,256,2,h256_l2,199690,798760,0.761757,300,16,512,1,5,2.814,9.379,0.00000000
builtin,9,512,2,h512_l2,530442,2121768,2.023476,300,16,512,1,5,4.376,14.587,0.00000000
ring,9,512,2,h512_l2,530442,2121768,2.023476,300,16,512,1,5,5.023,16.743,0.00000000
recursive-doubling-latency,9,512,2,h512_l2,530442,2121768,2.023476,300,16,512,1,5,6.034,20.114,0.00000000
recursive-doubling-bandwidth,9,512,2,h512_l2,530442,2121768,2.023476,300,16,512,1,5,6.681,22.268,0.00000000
swing-latency,9,512,2,h512_l2,530442,2121768,2.023476,300,16,512,1,5,5.990,19.966,0.00000136
swing-bandwidth,9,512,2,h512_l2,530442,2121768,2.023476,300,16,512,1,5,6.934,23.112,0.00000000
bruck-latency,9,512,2,h512_l2,530442,2121768,2.023476,300,16,512,1,5,6.467,21.557,0.00000172
bruck-bandwidth,9,512,2,h512_l2,530442,2121768,2.023476,300,16,512,1,5,5.740,19.132,0.00000000
trivance-latency,9,512,2,h512_l2,530442,2121768,2.023476,300,16,512,1,5,6.586,21.954,0.00000241
trivance-bandwidth,9,512,2,h512_l2,530442,2121768,2.023476,300,16,512,1,5,5.706,19.020,0.00000000
builtin,9,1024,2,h1024_l2,1585162,6340648,6.046913,300,16,512,1,5,12.594,41.979,0.00000000
ring,9,1024,2,h1024_l2,1585162,6340648,6.046913,300,16,512,1,5,16.041,53.472,0.00000000
recursive-doubling-latency,9,1024,2,h1024_l2,1585162,6340648,6.046913,300,16,512,1,5,17.542,58.475,0.00000000
recursive-doubling-bandwidth,9,1024,2,h1024_l2,1585162,6340648,6.046913,300,16,512,1,5,19.314,64.380,0.00000000
swing-latency,9,1024,2,h1024_l2,1585162,6340648,6.046913,300,16,512,1,5,17.868,59.560,0.00000110
swing-bandwidth,9,1024,2,h1024_l2,1585162,6340648,6.046913,300,16,512,1,5,19.518,65.060,0.00000000
bruck-latency,9,1024,2,h1024_l2,1585162,6340648,6.046913,300,16,512,1,5,18.766,62.555,0.00000194
bruck-bandwidth,9,1024,2,h1024_l2,1585162,6340648,6.046913,300,16,512,1,5,18.884,62.947,0.00000000
trivance-latency,9,1024,2,h1024_l2,1585162,6340648,6.046913,300,16,512,1,5,18.163,60.543,0.00000279
trivance-bandwidth,9,1024,2,h1024_l2,1585162,6340648,6.046913,300,16,512,1,5,17.876,59.588,0.00000000
builtin,9,1024,4,h1024_l4,3684362,14737448,14.054726,300,16,512,1,5,26.760,89.199,0.00000000
ring,9,1024,4,h1024_l4,3684362,14737448,14.054726,300,16,512,1,5,35.076,116.920,0.00000000
recursive-doubling-latency,9,1024,4,h1024_l4,3684362,14737448,14.054726,300,16,512,1,5,34.931,116.435,0.00000000
recursive-doubling-bandwidth,9,1024,4,h1024_l4,3684362,14737448,14.054726,300,16,512,1,5,41.600,138.665,0.00000000
swing-latency,9,1024,4,h1024_l4,3684362,14737448,14.054726,300,16,512,1,5,36.329,121.097,0.00000095
swing-bandwidth,9,1024,4,h1024_l4,3684362,14737448,14.054726,300,16,512,1,5,41.732,139.107,0.00000000
bruck-latency,9,1024,4,h1024_l4,3684362,14737448,14.054726,300,16,512,1,5,39.728,132.426,0.00000136
bruck-bandwidth,9,1024,4,h1024_l4,3684362,14737448,14.054726,300,16,512,1,5,37.127,123.755,0.00000000
trivance-latency,9,1024,4,h1024_l4,3684362,14737448,14.054726,300,16,512,1,5,41.299,137.664,0.00000103
trivance-bandwidth,9,1024,4,h1024_l4,3684362,14737448,14.054726,300,16,512,1,5,36.971,123.237,0.00000000
builtin,9,32,2,h32_l2,17802,71208,0.067909,300,16,512,1,6,1.216,4.055,0.00000000
ring,9,32,2,h32_l2,17802,71208,0.067909,300,16,512,1,6,1.229,4.098,0.00000000
recursive-doubling-latency,9,32,2,h32_l2,17802,71208,0.067909,300,16,512,1,6,0.764,2.548,0.00000000
recursive-doubling-bandwidth,9,32,2,h32_l2,17802,71208,0.067909,300,16,512,1,6,1.009,3.365,0.00000000
swing-latency,9,32,2,h32_l2,17802,71208,0.067909,300,16,512,1,6,0.782,2.605,0.00000006
swing-bandwidth,9,32,2,h32_l2,17802,71208,0.067909,300,16,512,1,6,1.068,3.560,0.00000000
bruck-latency,9,32,2,h32_l2,17802,71208,0.067909,300,16,512,1,6,0.826,2.753,0.00000033
bruck-bandwidth,9,32,2,h32_l2,17802,71208,0.067909,300,16,512,1,6,1.038,3.460,0.00000000
trivance-latency,9,32,2,h32_l2,17802,71208,0.067909,300,16,512,1,6,0.797,2.656,0.00000033
trivance-bandwidth,9,32,2,h32_l2,17802,71208,0.067909,300,16,512,1,6,1.046,3.488,0.00000000
builtin,9,64,2,h64_l2,37642,150568,0.143593,300,16,512,1,6,1.253,4.178,0.00000000
ring,9,64,2,h64_l2,37642,150568,0.143593,300,16,512,1,6,1.358,4.527,0.00000000
recursive-doubling-latency,9,64,2,h64_l2,37642,150568,0.143593,300,16,512,1,6,0.920,3.066,0.00000000
recursive-doubling-bandwidth,9,64,2,h64_l2,37642,150568,0.143593,300,16,512,1,6,1.184,3.947,0.00000000
swing-latency,9,64,2,h64_l2,37642,150568,0.143593,300,16,512,1,6,0.934,3.112,0.00000017
swing-bandwidth,9,64,2,h64_l2,37642,150568,0.143593,300,16,512,1,6,1.183,3.942,0.00000000
bruck-latency,9,64,2,h64_l2,37642,150568,0.143593,300,16,512,1,6,0.970,3.232,0.00000034
bruck-bandwidth,9,64,2,h64_l2,37642,150568,0.143593,300,16,512,1,6,1.232,4.108,0.00000000
trivance-latency,9,64,2,h64_l2,37642,150568,0.143593,300,16,512,1,6,1.005,3.351,0.00000022
trivance-bandwidth,9,64,2,h64_l2,37642,150568,0.143593,300,16,512,1,6,1.168,3.893,0.00000000
builtin,9,128,2,h128_l2,83466,333864,0.318398,300,16,512,1,6,1.513,5.044,0.00000000
ring,9,128,2,h128_l2,83466,333864,0.318398,300,16,512,1,6,1.722,5.741,0.00000000
recursive-doubling-latency,9,128,2,h128_l2,83466,333864,0.318398,300,16,512,1,6,1.293,4.309,0.00000000
recursive-doubling-bandwidth,9,128,2,h128_l2,83466,333864,0.318398,300,16,512,1,6,1.689,5.631,0.00000000
swing-latency,9,128,2,h128_l2,83466,333864,0.318398,300,16,512,1,6,1.374,4.581,0.00000006
swing-bandwidth,9,128,2,h128_l2,83466,333864,0.318398,300,16,512,1,6,1.623,5.410,0.00000000
bruck-latency,9,128,2,h128_l2,83466,333864,0.318398,300,16,512,1,6,1.536,5.121,0.00000135
bruck-bandwidth,9,128,2,h128_l2,83466,333864,0.318398,300,16,512,1,6,1.521,5.069,0.00000000
trivance-latency,9,128,2,h128_l2,83466,333864,0.318398,300,16,512,1,6,1.467,4.889,0.00000402
trivance-bandwidth,9,128,2,h128_l2,83466,333864,0.318398,300,16,512,1,6,1.547,5.155,0.00000000
builtin,9,256,2,h256_l2,199690,798760,0.761757,300,16,512,1,6,2.306,7.686,0.00000000
ring,9,256,2,h256_l2,199690,798760,0.761757,300,16,512,1,6,2.787,9.292,0.00000000
recursive-doubling-latency,9,256,2,h256_l2,199690,798760,0.761757,300,16,512,1,6,2.553,8.511,0.00000000
recursive-doubling-bandwidth,9,256,2,h256_l2,199690,798760,0.761757,300,16,512,1,6,2.846,9.487,0.00000000
swing-latency,9,256,2,h256_l2,199690,798760,0.761757,300,16,512,1,6,2.539,8.463,0.00000012
swing-bandwidth,9,256,2,h256_l2,199690,798760,0.761757,300,16,512,1,6,2.901,9.669,0.00000000
bruck-latency,9,256,2,h256_l2,199690,798760,0.761757,300,16,512,1,6,2.793,9.309,0.00000418
bruck-bandwidth,9,256,2,h256_l2,199690,798760,0.761757,300,16,512,1,6,2.710,9.033,0.00000000
trivance-latency,9,256,2,h256_l2,199690,798760,0.761757,300,16,512,1,6,2.684,8.946,0.00000208
trivance-bandwidth,9,256,2,h256_l2,199690,798760,0.761757,300,16,512,1,6,2.809,9.363,0.00000000
builtin,9,512,2,h512_l2,530442,2121768,2.023476,300,16,512,1,6,4.421,14.736,0.00000000
ring,9,512,2,h512_l2,530442,2121768,2.023476,300,16,512,1,6,5.353,17.844,0.00000000
recursive-doubling-latency,9,512,2,h512_l2,530442,2121768,2.023476,300,16,512,1,6,5.980,19.933,0.00000000
recursive-doubling-bandwidth,9,512,2,h512_l2,530442,2121768,2.023476,300,16,512,1,6,6.896,22.986,0.00000000
swing-latency,9,512,2,h512_l2,530442,2121768,2.023476,300,16,512,1,6,6.098,20.327,0.00000136
swing-bandwidth,9,512,2,h512_l2,530442,2121768,2.023476,300,16,512,1,6,7.089,23.629,0.00000000
bruck-latency,9,512,2,h512_l2,530442,2121768,2.023476,300,16,512,1,6,6.465,21.550,0.00000172
bruck-bandwidth,9,512,2,h512_l2,530442,2121768,2.023476,300,16,512,1,6,5.929,19.764,0.00000000
trivance-latency,9,512,2,h512_l2,530442,2121768,2.023476,300,16,512,1,6,6.464,21.548,0.00000241
trivance-bandwidth,9,512,2,h512_l2,530442,2121768,2.023476,300,16,512,1,6,5.692,18.973,0.00000000
builtin,9,1024,2,h1024_l2,1585162,6340648,6.046913,300,16,512,1,6,12.819,42.730,0.00000000
ring,9,1024,2,h1024_l2,1585162,6340648,6.046913,300,16,512,1,6,17.628,58.760,0.00000000
recursive-doubling-latency,9,1024,2,h1024_l2,1585162,6340648,6.046913,300,16,512,1,6,17.238,57.460,0.00000000
recursive-doubling-bandwidth,9,1024,2,h1024_l2,1585162,6340648,6.046913,300,16,512,1,6,20.247,67.489,0.00000000
swing-latency,9,1024,2,h1024_l2,1585162,6340648,6.046913,300,16,512,1,6,17.802,59.338,0.00000110
swing-bandwidth,9,1024,2,h1024_l2,1585162,6340648,6.046913,300,16,512,1,6,19.337,64.458,0.00000000
bruck-latency,9,1024,2,h1024_l2,1585162,6340648,6.046913,300,16,512,1,6,18.930,63.100,0.00000194
bruck-bandwidth,9,1024,2,h1024_l2,1585162,6340648,6.046913,300,16,512,1,6,18.719,62.396,0.00000000
trivance-latency,9,1024,2,h1024_l2,1585162,6340648,6.046913,300,16,512,1,6,18.392,61.306,0.00000279
trivance-bandwidth,9,1024,2,h1024_l2,1585162,6340648,6.046913,300,16,512,1,6,17.977,59.925,0.00000000
builtin,9,1024,4,h1024_l4,3684362,14737448,14.054726,300,16,512,1,6,26.087,86.957,0.00000000
ring,9,1024,4,h1024_l4,3684362,14737448,14.054726,300,16,512,1,6,38.079,126.931,0.00000000
recursive-doubling-latency,9,1024,4,h1024_l4,3684362,14737448,14.054726,300,16,512,1,6,39.360,131.201,0.00000000
recursive-doubling-bandwidth,9,1024,4,h1024_l4,3684362,14737448,14.054726,300,16,512,1,6,41.204,137.348,0.00000000
swing-latency,9,1024,4,h1024_l4,3684362,14737448,14.054726,300,16,512,1,6,38.826,129.420,0.00000095
swing-bandwidth,9,1024,4,h1024_l4,3684362,14737448,14.054726,300,16,512,1,6,41.556,138.520,0.00000000
bruck-latency,9,1024,4,h1024_l4,3684362,14737448,14.054726,300,16,512,1,6,39.972,133.241,0.00000136
bruck-bandwidth,9,1024,4,h1024_l4,3684362,14737448,14.054726,300,16,512,1,6,37.914,126.381,0.00000000
trivance-latency,9,1024,4,h1024_l4,3684362,14737448,14.054726,300,16,512,1,6,37.890,126.298,0.00000103
trivance-bandwidth,9,1024,4,h1024_l4,3684362,14737448,14.054726,300,16,512,1,6,37.262,124.208,0.00000000
builtin,9,32,2,h32_l2,17802,71208,0.067909,300,16,512,1,7,1.141,3.803,0.00000000
ring,9,32,2,h32_l2,17802,71208,0.067909,300,16,512,1,7,1.251,4.171,0.00000000
recursive-doubling-latency,9,32,2,h32_l2,17802,71208,0.067909,300,16,512,1,7,0.768,2.559,0.00000000
recursive-doubling-bandwidth,9,32,2,h32_l2,17802,71208,0.067909,300,16,512,1,7,1.027,3.425,0.00000000
swing-latency,9,32,2,h32_l2,17802,71208,0.067909,300,16,512,1,7,0.807,2.691,0.00000006
swing-bandwidth,9,32,2,h32_l2,17802,71208,0.067909,300,16,512,1,7,1.063,3.545,0.00000000
bruck-latency,9,32,2,h32_l2,17802,71208,0.067909,300,16,512,1,7,0.820,2.734,0.00000033
bruck-bandwidth,9,32,2,h32_l2,17802,71208,0.067909,300,16,512,1,7,1.048,3.494,0.00000000
trivance-latency,9,32,2,h32_l2,17802,71208,0.067909,300,16,512,1,7,0.798,2.661,0.00000033
trivance-bandwidth,9,32,2,h32_l2,17802,71208,0.067909,300,16,512,1,7,1.022,3.406,0.00000000
builtin,9,64,2,h64_l2,37642,150568,0.143593,300,16,512,1,7,1.251,4.171,0.00000000
ring,9,64,2,h64_l2,37642,150568,0.143593,300,16,512,1,7,1.396,4.654,0.00000000
recursive-doubling-latency,9,64,2,h64_l2,37642,150568,0.143593,300,16,512,1,7,0.934,3.112,0.00000000
recursive-doubling-bandwidth,9,64,2,h64_l2,37642,150568,0.143593,300,16,512,1,7,1.173,3.910,0.00000000
swing-latency,9,64,2,h64_l2,37642,150568,0.143593,300,16,512,1,7,0.935,3.117,0.00000017
swing-bandwidth,9,64,2,h64_l2,37642,150568,0.143593,300,16,512,1,7,1.221,4.070,0.00000000
bruck-latency,9,64,2,h64_l2,37642,150568,0.143593,300,16,512,1,7,0.957,3.191,0.00000034
bruck-bandwidth,9,64,2,h64_l2,37642,150568,0.143593,300,16,512,1,7,1.232,4.107,0.00000000
trivance-latency,9,64,2,h64_l2,37642,150568,0.143593,300,16,512,1,7,0.966,3.220,0.00000022
trivance-bandwidth,9,64,2,h64_l2,37642,150568,0.143593,300,16,512,1,7,1.185,3.951,0.00000000
builtin,9,128,2,h128_l2,83466,333864,0.318398,300,16,512,1,7,1.555,5.184,0.00000000
ring,9,128,2,h128_l2,83466,333864,0.318398,300,16,512,1,7,1.651,5.502,0.00000000
recursive-doubling-latency,9,128,2,h128_l2,83466,333864,0.318398,300,16,512,1,7,1.350,4.499,0.00000000
recursive-doubling-bandwidth,9,128,2,h128_l2,83466,333864,0.318398,300,16,512,1,7,1.645,5.483,0.00000000
swing-latency,9,128,2,h128_l2,83466,333864,0.318398,300,16,512,1,7,1.336,4.453,0.00000006
swing-bandwidth,9,128,2,h128_l2,83466,333864,0.318398,300,16,512,1,7,1.702,5.674,0.00000000
bruck-latency,9,128,2,h128_l2,83466,333864,0.318398,300,16,512,1,7,1.415,4.715,0.00000135
bruck-bandwidth,9,128,2,h128_l2,83466,333864,0.318398,300,16,512,1,7,1.587,5.291,0.00000000
trivance-latency,9,128,2,h128_l2,83466,333864,0.318398,300,16,512,1,7,1.514,5.048,0.00000402
trivance-bandwidth,9,128,2,h128_l2,83466,333864,0.318398,300,16,512,1,7,1.475,4.917,0.00000000
builtin,9,256,2,h256_l2,199690,798760,0.761757,300,16,512,1,7,2.279,7.595,0.00000000
ring,9,256,2,h256_l2,199690,798760,0.761757,300,16,512,1,7,2.731,9.102,0.00000000
recursive-doubling-latency,9,256,2,h256_l2,199690,798760,0.761757,300,16,512,1,7,2.576,8.587,0.00000000
recursive-doubling-bandwidth,9,256,2,h256_l2,199690,798760,0.761757,300,16,512,1,7,2.855,9.516,0.00000000
swing-latency,9,256,2,h256_l2,199690,798760,0.761757,300,16,512,1,7,2.568,8.562,0.00000012
swing-bandwidth,9,256,2,h256_l2,199690,798760,0.761757,300,16,512,1,7,3.064,10.214,0.00000000
bruck-latency,9,256,2,h256_l2,199690,798760,0.761757,300,16,512,1,7,2.749,9.164,0.00000418
bruck-bandwidth,9,256,2,h256_l2,199690,798760,0.761757,300,16,512,1,7,2.865,9.550,0.00000000
trivance-latency,9,256,2,h256_l2,199690,798760,0.761757,300,16,512,1,7,2.748,9.159,0.00000208
trivance-bandwidth,9,256,2,h256_l2,199690,798760,0.761757,300,16,512,1,7,2.773,9.245,0.00000000
builtin,9,512,2,h512_l2,530442,2121768,2.023476,300,16,512,1,7,4.413,14.709,0.00000000
ring,9,512,2,h512_l2,530442,2121768,2.023476,300,16,512,1,7,5.108,17.026,0.00000000
recursive-doubling-latency,9,512,2,h512_l2,530442,2121768,2.023476,300,16,512,1,7,6.064,20.212,0.00000000
recursive-doubling-bandwidth,9,512,2,h512_l2,530442,2121768,2.023476,300,16,512,1,7,7.061,23.536,0.00000000
swing-latency,9,512,2,h512_l2,530442,2121768,2.023476,300,16,512,1,7,6.121,20.405,0.00000136
swing-bandwidth,9,512,2,h512_l2,530442,2121768,2.023476,300,16,512,1,7,6.818,22.728,0.00000000
bruck-latency,9,512,2,h512_l2,530442,2121768,2.023476,300,16,512,1,7,6.502,21.674,0.00000172
bruck-bandwidth,9,512,2,h512_l2,530442,2121768,2.023476,300,16,512,1,7,5.924,19.748,0.00000000
trivance-latency,9,512,2,h512_l2,530442,2121768,2.023476,300,16,512,1,7,6.515,21.716,0.00000241
trivance-bandwidth,9,512,2,h512_l2,530442,2121768,2.023476,300,16,512,1,7,5.711,19.035,0.00000000
builtin,9,1024,2,h1024_l2,1585162,6340648,6.046913,300,16,512,1,7,12.958,43.194,0.00000000
ring,9,1024,2,h1024_l2,1585162,6340648,6.046913,300,16,512,1,7,15.977,53.255,0.00000000
recursive-doubling-latency,9,1024,2,h1024_l2,1585162,6340648,6.046913,300,16,512,1,7,17.008,56.693,0.00000000
recursive-doubling-bandwidth,9,1024,2,h1024_l2,1585162,6340648,6.046913,300,16,512,1,7,19.597,65.323,0.00000000
swing-latency,9,1024,2,h1024_l2,1585162,6340648,6.046913,300,16,512,1,7,17.266,57.555,0.00000110
swing-bandwidth,9,1024,2,h1024_l2,1585162,6340648,6.046913,300,16,512,1,7,19.600,65.332,0.00000000
bruck-latency,9,1024,2,h1024_l2,1585162,6340648,6.046913,300,16,512,1,7,18.912,63.040,0.00000194
bruck-bandwidth,9,1024,2,h1024_l2,1585162,6340648,6.046913,300,16,512,1,7,18.000,60.001,0.00000000
trivance-latency,9,1024,2,h1024_l2,1585162,6340648,6.046913,300,16,512,1,7,18.268,60.894,0.00000279
trivance-bandwidth,9,1024,2,h1024_l2,1585162,6340648,6.046913,300,16,512,1,7,18.089,60.296,0.00000000
builtin,9,1024,4,h1024_l4,3684362,14737448,14.054726,300,16,512,1,7,25.939,86.464,0.00000000
ring,9,1024,4,h1024_l4,3684362,14737448,14.054726,300,16,512,1,7,34.011,113.370,0.00000000
recursive-doubling-latency,9,1024,4,h1024_l4,3684362,14737448,14.054726,300,16,512,1,7,36.177,120.589,0.00000000
recursive-doubling-bandwidth,9,1024,4,h1024_l4,3684362,14737448,14.054726,300,16,512,1,7,43.110,143.701,0.00000000
swing-latency,9,1024,4,h1024_l4,3684362,14737448,14.054726,300,16,512,1,7,36.700,122.334,0.00000095
swing-bandwidth,9,1024,4,h1024_l4,3684362,14737448,14.054726,300,16,512,1,7,41.883,139.609,0.00000000
bruck-latency,9,1024,4,h1024_l4,3684362,14737448,14.054726,300,16,512,1,7,39.825,132.751,0.00000136
bruck-bandwidth,9,1024,4,h1024_l4,3684362,14737448,14.054726,300,16,512,1,7,37.323,124.411,0.00000000
trivance-latency,9,1024,4,h1024_l4,3684362,14737448,14.054726,300,16,512,1,7,39.119,130.396,0.00000103
trivance-bandwidth,9,1024,4,h1024_l4,3684362,14737448,14.054726,300,16,512,1,7,36.992,123.306,0.00000000
builtin,9,32,2,h32_l2,17802,71208,0.067909,300,16,512,1,8,1.229,4.095,0.00000000
ring,9,32,2,h32_l2,17802,71208,0.067909,300,16,512,1,8,1.250,4.167,0.00000000
recursive-doubling-latency,9,32,2,h32_l2,17802,71208,0.067909,300,16,512,1,8,0.781,2.603,0.00000000
recursive-doubling-bandwidth,9,32,2,h32_l2,17802,71208,0.067909,300,16,512,1,8,0.993,3.310,0.00000000
swing-latency,9,32,2,h32_l2,17802,71208,0.067909,300,16,512,1,8,0.787,2.623,0.00000006
swing-bandwidth,9,32,2,h32_l2,17802,71208,0.067909,300,16,512,1,8,1.057,3.522,0.00000000
bruck-latency,9,32,2,h32_l2,17802,71208,0.067909,300,16,512,1,8,0.830,2.766,0.00000033
bruck-bandwidth,9,32,2,h32_l2,17802,71208,0.067909,300,16,512,1,8,1.030,3.435,0.00000000
trivance-latency,9,32,2,h32_l2,17802,71208,0.067909,300,16,512,1,8,0.796,2.653,0.00000033
trivance-bandwidth,9,32,2,h32_l2,17802,71208,0.067909,300,16,512,1,8,1.018,3.394,0.00000000
builtin,9,64,2,h64_l2,37642,150568,0.143593,300,16,512,1,8,1.277,4.257,0.00000000
ring,9,64,2,h64_l2,37642,150568,0.143593,300,16,512,1,8,1.348,4.492,0.00000000
recursive-doubling-latency,9,64,2,h64_l2,37642,150568,0.143593,300,16,512,1,8,0.914,3.048,0.00000000
recursive-doubling-bandwidth,9,64,2,h64_l2,37642,150568,0.143593,300,16,512,1,8,1.162,3.874,0.00000000
swing-latency,9,64,2,h64_l2,37642,150568,0.143593,300,16,512,1,8,0.909,3.031,0.00000017
swing-bandwidth,9,64,2,h64_l2,37642,150568,0.143593,300,16,512,1,8,1.231,4.104,0.00000000
bruck-latency,9,64,2,h64_l2,37642,150568,0.143593,300,16,512,1,8,1.000,3.334,0.00000034
bruck-bandwidth,9,64,2,h64_l2,37642,150568,0.143593,300,16,512,1,8,1.189,3.963,0.00000000
trivance-latency,9,64,2,h64_l2,37642,150568,0.143593,300,16,512,1,8,1.006,3.352,0.00000022
trivance-bandwidth,9,64,2,h64_l2,37642,150568,0.143593,300,16,512,1,8,1.169,3.897,0.00000000
builtin,9,128,2,h128_l2,83466,333864,0.318398,300,16,512,1,8,1.473,4.909,0.00000000
ring,9,128,2,h128_l2,83466,333864,0.318398,300,16,512,1,8,1.724,5.746,0.00000000
recursive-doubling-latency,9,128,2,h128_l2,83466,333864,0.318398,300,16,512,1,8,1.351,4.502,0.00000000
recursive-doubling-bandwidth,9,128,2,h128_l2,83466,333864,0.318398,300,16,512,1,8,1.670,5.568,0.00000000
swing-latency,9,128,2,h128_l2,83466,333864,0.318398,300,16,512,1,8,1.408,4.695,0.00000006
swing-bandwidth,9,128,2,h128_l2,83466,333864,0.318398,300,16,512,1,8,1.616,5.388,0.00000000
bruck-latency,9,128,2,h128_l2,83466,333864,0.318398,300,16,512,1,8,1.524,5.079,0.00000135
bruck-bandwidth,9,128,2,h128_l2,83466,333864,0.318398,300,16,512,1,8,1.593,5.311,0.00000000
trivance-latency,9,128,2,h128_l2,83466,333864,0.318398,300,16,512,1,8,1.433,4.778,0.00000402
trivance-bandwidth,9,128,2,h128_l2,83466,333864,0.318398,300,16,512,1,8,1.552,5.173,0.00000000
builtin,9,256,2,h256_l2,199690,798760,0.761757,300,16,512,1,8,2.291,7.636,0.00000000
ring,9,256,2,h256_l2,199690,798760,0.761757,300,16,512,1,8,2.712,9.040,0.00000000
recursive-doubling-latency,9,256,2,h256_l2,199690,798760,0.761757,300,16,512,1,8,2.614,8.713,0.00000000
recursive-doubling-bandwidth,9,256,2,h256_l2,199690,798760,0.761757,300,16,512,1,8,2.885,9.617,0.00000000
swing-latency,9,256,2,h256_l2,199690,798760,0.761757,300,16,512,1,8,2.514,8.380,0.00000012
swing-bandwidth,9,256,2,h256_l2,199690,798760,0.761757,300,16,512,1,8,2.846,9.488,0.00000000
bruck-latency,9,256,2,h256_l2,199690,798760,0.761757,300,16,512,1,8,2.789,9.297,0.00000418
bruck-bandwidth,9,256,2,h256_l2,199690,798760,0.761757,300,16,512,1,8,2.863,9.544,0.00000000
trivance-latency,9,256,2,h256_l2,199690,798760,0.761757,300,16,512,1,8,2.689,8.965,0.00000208
trivance-bandwidth,9,256,2,h256_l2,199690,798760,0.761757,300,16,512,1,8,2.846,9.486,0.00000000
builtin,9,512,2,h512_l2,530442,2121768,2.023476,300,16,512,1,8,4.425,14.751,0.00000000
ring,9,512,2,h512_l2,530442,2121768,2.023476,300,16,512,1,8,5.189,17.298,0.00000000
recursive-doubling-latency,9,512,2,h512_l2,530442,2121768,2.023476,300,16,512,1,8,6.275,20.916,0.00000000
recursive-doubling-bandwidth,9,512,2,h512_l2,530442,2121768,2.023476,300,16,512,1,8,6.917,23.057,0.00000000
swing-latency,9,512,2,h512_l2,530442,2121768,2.023476,300,16,512,1,8,6.248,20.826,0.00000136
swing-bandwidth,9,512,2,h512_l2,530442,2121768,2.023476,300,16,512,1,8,7.225,24.085,0.00000000
bruck-latency,9,512,2,h512_l2,530442,2121768,2.023476,300,16,512,1,8,6.945,23.149,0.00000172
bruck-bandwidth,9,512,2,h512_l2,530442,2121768,2.023476,300,16,512,1,8,5.876,19.586,0.00000000
trivance-latency,9,512,2,h512_l2,530442,2121768,2.023476,300,16,512,1,8,6.484,21.613,0.00000241
trivance-bandwidth,9,512,2,h512_l2,530442,2121768,2.023476,300,16,512,1,8,5.671,18.903,0.00000000
builtin,9,1024,2,h1024_l2,1585162,6340648,6.046913,300,16,512,1,8,12.571,41.902,0.00000000
ring,9,1024,2,h1024_l2,1585162,6340648,6.046913,300,16,512,1,8,15.919,53.065,0.00000000
recursive-doubling-latency,9,1024,2,h1024_l2,1585162,6340648,6.046913,300,16,512,1,8,17.610,58.699,0.00000000
recursive-doubling-bandwidth,9,1024,2,h1024_l2,1585162,6340648,6.046913,300,16,512,1,8,19.019,63.397,0.00000000
swing-latency,9,1024,2,h1024_l2,1585162,6340648,6.046913,300,16,512,1,8,16.867,56.224,0.00000110
swing-bandwidth,9,1024,2,h1024_l2,1585162,6340648,6.046913,300,16,512,1,8,19.427,64.757,0.00000000
bruck-latency,9,1024,2,h1024_l2,1585162,6340648,6.046913,300,16,512,1,8,19.323,64.408,0.00000194
bruck-bandwidth,9,1024,2,h1024_l2,1585162,6340648,6.046913,300,16,512,1,8,18.438,61.461,0.00000000
trivance-latency,9,1024,2,h1024_l2,1585162,6340648,6.046913,300,16,512,1,8,18.434,61.448,0.00000279
trivance-bandwidth,9,1024,2,h1024_l2,1585162,6340648,6.046913,300,16,512,1,8,18.734,62.446,0.00000000
builtin,9,1024,4,h1024_l4,3684362,14737448,14.054726,300,16,512,1,8,26.165,87.217,0.00000000
ring,9,1024,4,h1024_l4,3684362,14737448,14.054726,300,16,512,1,8,35.558,118.527,0.00000000
recursive-doubling-latency,9,1024,4,h1024_l4,3684362,14737448,14.054726,300,16,512,1,8,35.306,117.685,0.00000000
recursive-doubling-bandwidth,9,1024,4,h1024_l4,3684362,14737448,14.054726,300,16,512,1,8,38.705,129.018,0.00000000
swing-latency,9,1024,4,h1024_l4,3684362,14737448,14.054726,300,16,512,1,8,36.031,120.104,0.00000095
swing-bandwidth,9,1024,4,h1024_l4,3684362,14737448,14.054726,300,16,512,1,8,38.430,128.099,0.00000000
bruck-latency,9,1024,4,h1024_l4,3684362,14737448,14.054726,300,16,512,1,8,40.100,133.668,0.00000136
bruck-bandwidth,9,1024,4,h1024_l4,3684362,14737448,14.054726,300,16,512,1,8,37.966,126.554,0.00000000
trivance-latency,9,1024,4,h1024_l4,3684362,14737448,14.054726,300,16,512,1,8,40.798,135.992,0.00000103
trivance-bandwidth,9,1024,4,h1024_l4,3684362,14737448,14.054726,300,16,512,1,8,37.166,123.886,0.00000000
builtin,9,32,2,h32_l2,17802,71208,0.067909,300,16,512,1,9,1.179,3.930,0.00000000
ring,9,32,2,h32_l2,17802,71208,0.067909,300,16,512,1,9,1.322,4.408,0.00000000
recursive-doubling-latency,9,32,2,h32_l2,17802,71208,0.067909,300,16,512,1,9,0.801,2.670,0.00000000
recursive-doubling-bandwidth,9,32,2,h32_l2,17802,71208,0.067909,300,16,512,1,9,1.011,3.369,0.00000000
swing-latency,9,32,2,h32_l2,17802,71208,0.067909,300,16,512,1,9,0.792,2.639,0.00000006
swing-bandwidth,9,32,2,h32_l2,17802,71208,0.067909,300,16,512,1,9,1.087,3.624,0.00000000
bruck-latency,9,32,2,h32_l2,17802,71208,0.067909,300,16,512,1,9,0.806,2.687,0.00000033
bruck-bandwidth,9,32,2,h32_l2,17802,71208,0.067909,300,16,512,1,9,1.043,3.477,0.00000000
trivance-latency,9,32,2,h32_l2,17802,71208,0.067909,300,16,512,1,9,0.789,2.629,0.00000033
trivance-bandwidth,9,32,2,h32_l2,17802,71208,0.067909,300,16,512,1,9,1.049,3.496,0.00000000
builtin,9,64,2,h64_l2,37642,150568,0.143593,300,16,512,1,9,1.275,4.249,0.00000000
ring,9,64,2,h64_l2,37642,150568,0.143593,300,16,512,1,9,1.419,4.729,0.00000000
recursive-doubling-latency,9,64,2,h64_l2,37642,150568,0.143593,300,16,512,1,9,0.983,3.278,0.00000000
recursive-doubling-bandwidth,9,64,2,h64_l2,37642,150568,0.143593,300,16,512,1,9,1.251,4.170,0.00000000
swing-latency,9,64,2,h64_l2,37642,150568,0.143593,300,16,512,1,9,0.978,3.259,0.00000017
swing-bandwidth,9,64,2,h64_l2,37642,150568,0.143593,300,16,512,1,9,1.188,3.958,0.00000000
bruck-latency,9,64,2,h64_l2,37642,150568,0.143593,300,16,512,1,9,1.002,3.341,0.00000034
bruck-bandwidth,9,64,2,h64_l2,37642,150568,0.143593,300,16,512,1,9,1.250,4.166,0.00000000
trivance-latency,9,64,2,h64_l2,37642,150568,0.143593,300,16,512,1,9,0.931,3.104,0.00000022
trivance-bandwidth,9,64,2,h64_l2,37642,150568,0.143593,300,16,512,1,9,1.220,4.068,0.00000000
builtin,9,128,2,h128_l2,83466,333864,0.318398,300,16,512,1,9,1.500,5.001,0.00000000
ring,9,128,2,h128_l2,83466,333864,0.318398,300,16,512,1,9,1.690,5.634,0.00000000
recursive-doubling-latency,9,128,2,h128_l2,83466,333864,0.318398,300,16,512,1,9,1.338,4.460,0.00000000
recursive-doubling-bandwidth,9,128,2,h128_l2,83466,333864,0.318398,300,16,512,1,9,1.598,5.326,0.00000000
swing-latency,9,128,2,h128_l2,83466,333864,0.318398,300,16,512,1,9,1.328,4.427,0.00000006
swing-bandwidth,9,128,2,h128_l2,83466,333864,0.318398,300,16,512,1,9,1.585,5.284,0.00000000
bruck-latency,9,128,2,h128_l2,83466,333864,0.318398,300,16,512,1,9,1.468,4.894,0.00000135
bruck-bandwidth,9,128,2,h128_l2,83466,333864,0.318398,300,16,512,1,9,1.581,5.270,0.00000000
trivance-latency,9,128,2,h128_l2,83466,333864,0.318398,300,16,512,1,9,1.491,4.971,0.00000402
trivance-bandwidth,9,128,2,h128_l2,83466,333864,0.318398,300,16,512,1,9,1.563,5.209,0.00000000
builtin,9,256,2,h256_l2,199690,798760,0.761757,300,16,512,1,9,2.311,7.704,0.00000000
ring,9,256,2,h256_l2,199690,798760,0.761757,300,16,512,1,9,2.765,9.216,0.00000000
recursive-doubling-latency,9,256,2,h256_l2,199690,798760,0.761757,300,16,512,1,9,2.542,8.472,0.00000000
recursive-doubling-bandwidth,9,256,2,h256_l2,199690,798760,0.761757,300,16,512,1,9,2.920,9.732,0.00000000
swing-latency,9,256,2,h256_l2,199690,798760,0.761757,300,16,512,1,9,2.497,8.325,0.00000012
swing-bandwidth,9,256,2,h256_l2,199690,798760,0.761757,300,16,512,1,9,2.813,9.377,0.00000000
bruck-latency,9,256,2,h256_l2,199690,798760,0.761757,300,16,512,1,9,2.811,9.369,0.00000418
bruck-bandwidth,9,256,2,h256_l2,199690,798760,0.761757,300,16,512,1,9,2.835,9.450,0.00000000
trivance-latency,9,256,2,h256_l2,199690,798760,0.761757,300,16,512,1,9,2.681,8.938,0.00000208
trivance-bandwidth,9,256,2,h256_l2,199690,798760,0.761757,300,16,512,1,9,2.843,9.475,0.00000000
builtin,9,512,2,h512_l2,530442,2121768,2.023476,300,16,512,1,9,4.433,14.778,0.00000000
ring,9,512,2,h512_l2,530442,2121768,2.023476,300,16,512,1,9,5.268,17.560,0.00000000
recursive-doubling-latency,9,512,2,h512_l2,530442,2121768,2.023476,300,16,512,1,9,6.080,20.267,0.00000000
recursive-doubling-bandwidth,9,512,2,h512_l2,530442,2121768,2.023476,300,16,512,1,9,6.860,22.868,0.00000000
swing-latency,9,512,2,h512_l2,530442,2121768,2.023476,300,16,512,1,9,6.156,20.520,0.00000136
swing-bandwidth,9,512,2,h512_l2,530442,2121768,2.023476,300,16,512,1,9,6.868,22.895,0.00000000
bruck-latency,9,512,2,h512_l2,530442,2121768,2.023476,300,16,512,1,9,6.738,22.461,0.00000172
bruck-bandwidth,9,512,2,h512_l2,530442,2121768,2.023476,300,16,512,1,9,5.785,19.284,0.00000000
trivance-latency,9,512,2,h512_l2,530442,2121768,2.023476,300,16,512,1,9,6.438,21.461,0.00000241
trivance-bandwidth,9,512,2,h512_l2,530442,2121768,2.023476,300,16,512,1,9,5.771,19.238,0.00000000
builtin,9,1024,2,h1024_l2,1585162,6340648,6.046913,300,16,512,1,9,13.158,43.859,0.00000000
ring,9,1024,2,h1024_l2,1585162,6340648,6.046913,300,16,512,1,9,16.089,53.631,0.00000000
recursive-doubling-latency,9,1024,2,h1024_l2,1585162,6340648,6.046913,300,16,512,1,9,17.291,57.638,0.00000000
recursive-doubling-bandwidth,9,1024,2,h1024_l2,1585162,6340648,6.046913,300,16,512,1,9,19.311,64.371,0.00000000
swing-latency,9,1024,2,h1024_l2,1585162,6340648,6.046913,300,16,512,1,9,16.856,56.186,0.00000110
swing-bandwidth,9,1024,2,h1024_l2,1585162,6340648,6.046913,300,16,512,1,9,19.028,63.426,0.00000000
bruck-latency,9,1024,2,h1024_l2,1585162,6340648,6.046913,300,16,512,1,9,18.382,61.272,0.00000194
bruck-bandwidth,9,1024,2,h1024_l2,1585162,6340648,6.046913,300,16,512,1,9,18.524,61.747,0.00000000
trivance-latency,9,1024,2,h1024_l2,1585162,6340648,6.046913,300,16,512,1,9,18.653,62.178,0.00000279
trivance-bandwidth,9,1024,2,h1024_l2,1585162,6340648,6.046913,300,16,512,1,9,18.902,63.006,0.00000000
builtin,9,1024,4,h1024_l4,3684362,14737448,14.054726,300,16,512,1,9,26.478,88.259,0.00000000
ring,9,1024,4,h1024_l4,3684362,14737448,14.054726,300,16,512,1,9,34.471,114.905,0.00000000
recursive-doubling-latency,9,1024,4,h1024_l4,3684362,14737448,14.054726,300,16,512,1,9,36.708,122.360,0.00000000
recursive-doubling-bandwidth,9,1024,4,h1024_l4,3684362,14737448,14.054726,300,16,512,1,9,43.913,146.378,0.00000000
swing-latency,9,1024,4,h1024_l4,3684362,14737448,14.054726,300,16,512,1,9,35.634,118.780,0.00000095
swing-bandwidth,9,1024,4,h1024_l4,3684362,14737448,14.054726,300,16,512,1,9,42.208,140.694,0.00000000
bruck-latency,9,1024,4,h1024_l4,3684362,14737448,14.054726,300,16,512,1,9,39.675,132.249,0.00000136
bruck-bandwidth,9,1024,4,h1024_l4,3684362,14737448,14.054726,300,16,512,1,9,37.798,125.993,0.00000000
trivance-latency,9,1024,4,h1024_l4,3684362,14737448,14.054726,300,16,512,1,9,38.666,128.886,0.00000103
trivance-bandwidth,9,1024,4,h1024_l4,3684362,14737448,14.054726,300,16,512,1,9,37.035,123.451,0.00000000
builtin,9,32,2,h32_l2,17802,71208,0.067909,300,16,512,1,10,1.202,4.005,0.00000000
ring,9,32,2,h32_l2,17802,71208,0.067909,300,16,512,1,10,1.296,4.320,0.00000000
recursive-doubling-latency,9,32,2,h32_l2,17802,71208,0.067909,300,16,512,1,10,0.765,2.549,0.00000000
recursive-doubling-bandwidth,9,32,2,h32_l2,17802,71208,0.067909,300,16,512,1,10,1.004,3.348,0.00000000
swing-latency,9,32,2,h32_l2,17802,71208,0.067909,300,16,512,1,10,0.787,2.623,0.00000006
swing-bandwidth,9,32,2,h32_l2,17802,71208,0.067909,300,16,512,1,10,1.033,3.442,0.00000000
bruck-latency,9,32,2,h32_l2,17802,71208,0.067909,300,16,512,1,10,0.827,2.758,0.00000033
bruck-bandwidth,9,32,2,h32_l2,17802,71208,0.067909,300,16,512,1,10,1.051,3.505,0.00000000
trivance-latency,9,32,2,h32_l2,17802,71208,0.067909,300,16,512,1,10,0.777,2.590,0.00000033
trivance-bandwidth,9,32,2,h32_l2,17802,71208,0.067909,300,16,512,1,10,1.034,3.445,0.00000000
builtin,9,64,2,h64_l2,37642,150568,0.143593,300,16,512,1,10,1.275,4.251,0.00000000
ring,9,64,2,h64_l2,37642,150568,0.143593,300,16,512,1,10,1.379,4.597,0.00000000
recursive-doubling-latency,9,64,2,h64_l2,37642,150568,0.143593,300,16,512,1,10,0.942,3.141,0.00000000
recursive-doubling-bandwidth,9,64,2,h64_l2,37642,150568,0.143593,300,16,512,1,10,1.193,3.975,0.00000000
swing-latency,9,64,2,h64_l2,37642,150568,0.143593,300,16,512,1,10,0.975,3.252,0.00000017
swing-bandwidth,9,64,2,h64_l2,37642,150568,0.143593,300,16,512,1,10,1.266,4.220,0.00000000
bruck-latency,9,64,2,h64_l2,37642,150568,0.143593,300,16,512,1,10,0.983,3.277,0.00000034
bruck-bandwidth,9,64,2,h64_l2,37642,150568,0.143593,300,16,512,1,10,1.245,4.150,0.00000000
trivance-latency,9,64,2,h64_l2,37642,150568,0.143593,300,16,512,1,10,0.962,3.205,0.00000022
trivance-bandwidth,9,64,2,h64_l2,37642,150568,0.143593,300,16,512,1,10,1.188,3.959,0.00000000
builtin,9,128,2,h128_l2,83466,333864,0.318398,300,16,512,1,10,1.523,5.078,0.00000000
ring,9,128,2,h128_l2,83466,333864,0.318398,300,16,512,1,10,1.753,5.844,0.00000000
recursive-doubling-latency,9,128,2,h128_l2,83466,333864,0.318398,300,16,512,1,10,1.390,4.633,0.00000000
recursive-doubling-bandwidth,9,128,2,h128_l2,83466,333864,0.318398,300,16,512,1,10,1.639,5.462,0.00000000
swing-latency,9,128,2,h128_l2,83466,333864,0.318398,300,16,512,1,10,1.375,4.585,0.00000006
swing-bandwidth,9,128,2,h128_l2,83466,333864,0.318398,300,16,512,1,10,1.629,5.431,0.00000000
bruck-latency,9,128,2,h128_l2,83466,333864,0.318398,300,16,512,1,10,1.488,4.961,0.00000135
bruck-bandwidth,9,128,2,h128_l2,83466,333864,0.318398,300,16,512,1,10,1.558,5.194,0.00000000
trivance-latency,9,128,2,h128_l2,83466,333864,0.318398,300,16,512,1,10,1.495,4.983,0.00000402
trivance-bandwidth,9,128,2,h128_l2,83466,333864,0.318398,300,16,512,1,10,1.551,5.171,0.00000000
builtin,9,256,2,h256_l2,199690,798760,0.761757,300,16,512,1,10,2.344,7.812,0.00000000
ring,9,256,2,h256_l2,199690,798760,0.761757,300,16,512,1,10,2.828,9.426,0.00000000
recursive-doubling-latency,9,256,2,h256_l2,199690,798760,0.761757,300,16,512,1,10,2.547,8.491,0.00000000
recursive-doubling-bandwidth,9,256,2,h256_l2,199690,798760,0.761757,300,16,512,1,10,2.879,9.597,0.00000000
swing-latency,9,256,2,h256_l2,199690,798760,0.761757,300,16,512,1,10,2.544,8.481,0.00000012
swing-bandwidth,9,256,2,h256_l2,199690,798760,0.761757,300,16,512,1,10,3.069,10.231,0.00000000
bruck-latency,9,256,2,h256_l2,199690,798760,0.761757,300,16,512,1,10,2.826,9.420,0.00000418
bruck-bandwidth,9,256,2,h256_l2,199690,798760,0.761757,300,16,512,1,10,2.821,9.404,0.00000000
trivance-latency,9,256,2,h256_l2,199690,798760,0.761757,300,16,512,1,10,2.706,9.019,0.00000208
trivance-bandwidth,9,256,2,h256_l2,199690,798760,0.761757,300,16,512,1,10,2.766,9.221,0.00000000
builtin,9,512,2,h512_l2,530442,2121768,2.023476,300,16,512,1,10,4.446,14.819,0.00000000
ring,9,512,2,h512_l2,530442,2121768,2.023476,300,16,512,1,10,5.043,16.809,0.00000000
recursive-doubling-latency,9,512,2,h512_l2,530442,2121768,2.023476,300,16,512,1,10,6.056,20.186,0.00000000
recursive-doubling-bandwidth,9,512,2,h512_l2,530442,2121768,2.023476,300,16,512,1,10,6.744,22.479,0.00000000
swing-latency,9,512,2,h512_l2,530442,2121768,2.023476,300,16,512,1,10,6.222,20.739,0.00000136
swing-bandwidth,9,512,2,h512_l2,530442,2121768,2.023476,300,16,512,1,10,7.023,23.410,0.00000000
bruck-latency,9,512,2,h512_l2,530442,2121768,2.023476,300,16,512,1,10,6.457,21.523,0.00000172
bruck-bandwidth,9,512,2,h512_l2,530442,2121768,2.023476,300,16,512,1,10,5.933,19.775,0.00000000
trivance-latency,9,512,2,h512_l2,530442,2121768,2.023476,300,16,512,1,10,6.449,21.496,0.00000241
trivance-bandwidth,9,512,2,h512_l2,530442,2121768,2.023476,300,16,512,1,10,5.862,19.540,0.00000000
builtin,9,1024,2,h1024_l2,1585162,6340648,6.046913,300,16,512,1,10,12.256,40.852,0.00000000
ring,9,1024,2,h1024_l2,1585162,6340648,6.046913,300,16,512,1,10,16.032,53.439,0.00000000
recursive-doubling-latency,9,1024,2,h1024_l2,1585162,6340648,6.046913,300,16,512,1,10,17.045,56.818,0.00000000
recursive-doubling-bandwidth,9,1024,2,h1024_l2,1585162,6340648,6.046913,300,16,512,1,10,20.601,68.670,0.00000000
swing-latency,9,1024,2,h1024_l2,1585162,6340648,6.046913,300,16,512,1,10,17.264,57.545,0.00000110
swing-bandwidth,9,1024,2,h1024_l2,1585162,6340648,6.046913,300,16,512,1,10,19.409,64.696,0.00000000
bruck-latency,9,1024,2,h1024_l2,1585162,6340648,6.046913,300,16,512,1,10,19.424,64.746,0.00000194
bruck-bandwidth,9,1024,2,h1024_l2,1585162,6340648,6.046913,300,16,512,1,10,18.608,62.028,0.00000000
trivance-latency,9,1024,2,h1024_l2,1585162,6340648,6.046913,300,16,512,1,10,18.462,61.540,0.00000279
trivance-bandwidth,9,1024,2,h1024_l2,1585162,6340648,6.046913,300,16,512,1,10,18.265,60.882,0.00000000
builtin,9,1024,4,h1024_l4,3684362,14737448,14.054726,300,16,512,1,10,26.423,88.076,0.00000000
ring,9,1024,4,h1024_l4,3684362,14737448,14.054726,300,16,512,1,10,33.184,110.615,0.00000000
recursive-doubling-latency,9,1024,4,h1024_l4,3684362,14737448,14.054726,300,16,512,1,10,36.811,122.702,0.00000000
recursive-doubling-bandwidth,9,1024,4,h1024_l4,3684362,14737448,14.054726,300,16,512,1,10,40.591,135.303,0.00000000
swing-latency,9,1024,4,h1024_l4,3684362,14737448,14.054726,300,16,512,1,10,37.305,124.349,0.00000095
swing-bandwidth,9,1024,4,h1024_l4,3684362,14737448,14.054726,300,16,512,1,10,41.161,137.203,0.00000000
bruck-latency,9,1024,4,h1024_l4,3684362,14737448,14.054726,300,16,512,1,10,40.692,135.641,0.00000136
bruck-bandwidth,9,1024,4,h1024_l4,3684362,14737448,14.054726,300,16,512,1,10,37.031,123.438,0.00000000
trivance-latency,9,1024,4,h1024_l4,3684362,14737448,14.054726,300,16,512,1,10,39.810,132.699,0.00000103
trivance-bandwidth,9,1024,4,h1024_l4,3684362,14737448,14.054726,300,16,512,1,10,38.521,128.402,0.00000000
builtin,9,32,2,h32_l2,17802,71208,0.067909,300,16,512,1,11,1.175,3.917,0.00000000
ring,9,32,2,h32_l2,17802,71208,0.067909,300,16,512,1,11,1.229,4.096,0.00000000
recursive-doubling-latency,9,32,2,h32_l2,17802,71208,0.067909,300,16,512,1,11,0.790,2.633,0.00000000
recursive-doubling-bandwidth,9,32,2,h32_l2,17802,71208,0.067909,300,16,512,1,11,1.019,3.398,0.00000000
swing-latency,9,32,2,h32_l2,17802,71208,0.067909,300,16,512,1,11,0.788,2.627,0.00000006
swing-bandwidth,9,32,2,h32_l2,17802,71208,0.067909,300,16,512,1,11,1.014,3.380,0.00000000
bruck-latency,9,32,2,h32_l2,17802,71208,0.067909,300,16,512,1,11,0.795,2.649,0.00000033
bruck-bandwidth,9,32,2,h32_l2,17802,71208,0.067909,300,16,512,1,11,1.060,3.532,0.00000000
trivance-latency,9,32,2,h32_l2,17802,71208,0.067909,300,16,512,1,11,0.801,2.669,0.00000033
trivance-bandwidth,9,32,2,h32_l2,17802,71208,0.067909,300,16,512,1,11,1.044,3.479,0.00000000
builtin,9,64,2,h64_l2,37642,150568,0.143593,300,16,512,1,11,1.359,4.529,0.00000000
ring,9,64,2,h64_l2,37642,150568,0.143593,300,16,512,1,11,1.430,4.766,0.00000000
recursive-doubling-latency,9,64,2,h64_l2,37642,150568,0.143593,300,16,512,1,11,0.905,3.018,0.00000000
recursive-doubling-bandwidth,9,64,2,h64_l2,37642,150568,0.143593,300,16,512,1,11,1.167,3.891,0.00000000
swing-latency,9,64,2,h64_l2,37642,150568,0.143593,300,16,512,1,11,0.937,3.123,0.00000017
swing-bandwidth,9,64,2,h64_l2,37642,150568,0.143593,300,16,512,1,11,1.162,3.873,0.00000000
bruck-latency,9,64,2,h64_l2,37642,150568,0.143593,300,16,512,1,11,0.990,3.300,0.00000034
bruck-bandwidth,9,64,2,h64_l2,37642,150568,0.143593,300,16,512,1,11,1.253,4.176,0.00000000
trivance-latency,9,64,2,h64_l2,37642,150568,0.143593,300,16,512,1,11,0.982,3.273,0.00000022
trivance-bandwidth,9,64,2,h64_l2,37642,150568,0.143593,300,16,512,1,11,1.162,3.872,0.00000000
builtin,9,128,2,h128_l2,83466,333864,0.318398,300,16,512,1,11,1.635,5.449,0.00000000
ring,9,128,2,h128_l2,83466,333864,0.318398,300,16,512,1,11,1.658,5.527,0.00000000
recursive-doubling-latency,9,128,2,h128_l2,83466,333864,0.318398,300,16,512,1,11,1.358,4.525,0.00000000
recursive-doubling-bandwidth,9,128,2,h128_l2,83466,333864,0.318398,300,16,512,1,11,1.604,5.345,0.00000000
swing-latency,9,128,2,h128_l2,83466,333864,0.318398,300,16,512,1,11,1.401,4.670,0.00000006
swing-bandwidth,9,128,2,h128_l2,83466,333864,0.318398,300,16,512,1,11,1.663,5.543,0.00000000
bruck-latency,9,128,2,h128_l2,83466,333864,0.318398,300,16,512,1,11,1.500,4.999,0.00000135
bruck-bandwidth,9,128,2,h128_l2,83466,333864,0.318398,300,16,512,1,11,1.568,5.226,0.00000000
trivance-latency,9,128,2,h128_l2,83466,333864,0.318398,300,16,512,1,11,1.496,4.985,0.00000402
trivance-bandwidth,9,128,2,h128_l2,83466,333864,0.318398,300,16,512,1,11,1.571,5.236,0.00000000
builtin,9,256,2,h256_l2,199690,798760,0.761757,300,16,512,1,11,2.343,7.811,0.00000000
ring,9,256,2,h256_l2,199690,798760,0.761757,300,16,512,1,11,2.766,9.219,0.00000000
recursive-doubling-latency,9,256,2,h256_l2,199690,798760,0.761757,300,16,512,1,11,2.541,8.470,0.00000000
recursive-doubling-bandwidth,9,256,2,h256_l2,199690,798760,0.761757,300,16,512,1,11,2.929,9.765,0.00000000
swing-latency,9,256,2,h256_l2,199690,798760,0.761757,300,16,512,1,11,2.585,8.617,0.00000012
swing-bandwidth,9,256,2,h256_l2,199690,798760,0.761757,300,16,512,1,11,2.936,9.786,0.00000000
bruck-latency,9,256,2,h256_l2,199690,798760,0.761757,300,16,512,1,11,2.799,9.330,0.00000418
bruck-bandwidth,9,256,2,h256_l2,199690,798760,0.761757,300,16,512,1,11,2.851,9.504,0.00000000
trivance-latency,9,256,2,h256_l2,199690,798760,0.761757,300,16,512,1,11,2.701,9.003,0.00000208
trivance-bandwidth,9,256,2,h256_l2,199690,798760,0.761757,300,16,512,1,11,2.747,9.158,0.00000000
builtin,9,512,2,h512_l2,530442,2121768,2.023476,300,16,512,1,11,4.568,15.227,0.00000000
ring,9,512,2,h512_l2,530442,2121768,2.023476,300,16,512,1,11,5.166,17.220,0.00000000
recursive-doubling-latency,9,512,2,h512_l2,530442,2121768,2.023476,300,16,512,1,11,6.049,20.164,0.00000000
recursive-doubling-bandwidth,9,512,2,h512_l2,530442,2121768,2.023476,300,16,512,1,11,6.673,22.245,0.00000000
swing-latency,9,512,2,h512_l2,530442,2121768,2.023476,300,16,512,1,11,5.910,19.701,0.00000136
swing-bandwidth,9,512,2,h512_l2,530442,2121768,2.023476,300,16,512,1,11,6.898,22.992,0.00000000
bruck-latency,9,512,2,h512_l2,530442,2121768,2.023476,300,16,512,1,11,6.475,21.583,0.00000172
bruck-bandwidth,9,512,2,h512_l2,530442,2121768,2.023476,300,16,512,1,11,5.768,19.228,0.00000000
trivance-latency,9,512,2,h512_l2,530442,2121768,2.023476,300,16,512,1,11,6.456,21.519,0.00000241
trivance-bandwidth,9,512,2,h512_l2,530442,2121768,2.023476,300,16,512,1,11,5.726,19.087,0.00000000
builtin,9,1024,2,h1024_l2,1585162,6340648,6.046913,300,16,512,1,11,12.568,41.893,0.00000000
ring,9,1024,2,h1024_l2,1585162,6340648,6.046913,300,16,512,1,11,16.226,54.086,0.00000000
recursive-doubling-latency,9,1024,2,h1024_l2,1585162,6340648,6.046913,300,16,512,1,11,17.349,57.830,0.00000000
recursive-doubling-bandwidth,9,1024,2,h1024_l2,1585162,6340648,6.046913,300,16,512,1,11,19.686,65.619,0.00000000
swing-latency,9,1024,2,h1024_l2,1585162,6340648,6.046913,300,16,512,1,11,16.477,54.924,0.00000110
swing-bandwidth,9,1024,2,h1024_l2,1585162,6340648,6.046913,300,16,512,1,11,20.204,67.347,0.00000000
bruck-latency,9,1024,2,h1024_l2,1585162,6340648,6.046913,300,16,512,1,11,19.469,64.896,0.00000194
bruck-bandwidth,9,1024,2,h1024_l2,1585162,6340648,6.046913,300,16,512,1,11,19.097,63.658,0.00000000
trivance-latency,9,1024,2,h1024_l2,1585162,6340648,6.046913,300,16,512,1,11,19.062,63.540,0.00000279
trivance-bandwidth,9,1024,2,h1024_l2,1585162,6340648,6.046913,300,16,512,1,11,18.917,63.056,0.00000000
builtin,9,1024,4,h1024_l4,3684362,14737448,14.054726,300,16,512,1,11,26.467,88.222,0.00000000
ring,9,1024,4,h1024_l4,3684362,14737448,14.054726,300,16,512,1,11,32.913,109.709,0.00000000
recursive-doubling-latency,9,1024,4,h1024_l4,3684362,14737448,14.054726,300,16,512,1,11,39.014,130.046,0.00000000
recursive-doubling-bandwidth,9,1024,4,h1024_l4,3684362,14737448,14.054726,300,16,512,1,11,42.651,142.171,0.00000000
swing-latency,9,1024,4,h1024_l4,3684362,14737448,14.054726,300,16,512,1,11,35.655,118.852,0.00000095
swing-bandwidth,9,1024,4,h1024_l4,3684362,14737448,14.054726,300,16,512,1,11,41.737,139.123,0.00000000
bruck-latency,9,1024,4,h1024_l4,3684362,14737448,14.054726,300,16,512,1,11,41.612,138.705,0.00000136
bruck-bandwidth,9,1024,4,h1024_l4,3684362,14737448,14.054726,300,16,512,1,11,38.932,129.774,0.00000000
trivance-latency,9,1024,4,h1024_l4,3684362,14737448,14.054726,300,16,512,1,11,39.537,131.790,0.00000103
trivance-bandwidth,9,1024,4,h1024_l4,3684362,14737448,14.054726,300,16,512,1,11,37.501,125.002,0.00000000
builtin,9,32,2,h32_l2,17802,71208,0.067909,300,16,512,1,12,1.195,3.983,0.00000000
ring,9,32,2,h32_l2,17802,71208,0.067909,300,16,512,1,12,1.205,4.017,0.00000000
recursive-doubling-latency,9,32,2,h32_l2,17802,71208,0.067909,300,16,512,1,12,0.787,2.624,0.00000000
recursive-doubling-bandwidth,9,32,2,h32_l2,17802,71208,0.067909,300,16,512,1,12,1.002,3.338,0.00000000
swing-latency,9,32,2,h32_l2,17802,71208,0.067909,300,16,512,1,12,0.782,2.608,0.00000006
swing-bandwidth,9,32,2,h32_l2,17802,71208,0.067909,300,16,512,1,12,1.020,3.399,0.00000000
bruck-latency,9,32,2,h32_l2,17802,71208,0.067909,300,16,512,1,12,0.810,2.700,0.00000033
bruck-bandwidth,9,32,2,h32_l2,17802,71208,0.067909,300,16,512,1,12,1.036,3.453,0.00000000
trivance-latency,9,32,2,h32_l2,17802,71208,0.067909,300,16,512,1,12,0.786,2.619,0.00000033
trivance-bandwidth,9,32,2,h32_l2,17802,71208,0.067909,300,16,512,1,12,1.000,3.333,0.00000000
builtin,9,64,2,h64_l2,37642,150568,0.143593,300,16,512,1,12,1.211,4.038,0.00000000
ring,9,64,2,h64_l2,37642,150568,0.143593,300,16,512,1,12,1.389,4.630,0.00000000
recursive-doubling-latency,9,64,2,h64_l2,37642,150568,0.143593,300,16,512,1,12,0.936,3.121,0.00000000
recursive-doubling-bandwidth,9,64,2,h64_l2,37642,150568,0.143593,300,16,512,1,12,1.183,3.944,0.00000000
swing-latency,9,64,2,h64_l2,37642,150568,0.143593,300,16,512,1,12,0.916,3.052,0.00000017
swing-bandwidth,9,64,2,h64_l2,37642,150568,0.143593,300,16,512,1,12,1.203,4.011,0.00000000
bruck-latency,9,64,2,h64_l2,37642,150568,0.143593,300,16,512,1,12,1.001,3.338,0.00000034
bruck-bandwidth,9,64,2,h64_l2,37642,150568,0.143593,300,16,512,1,12,1.228,4.092,0.00000000
trivance-latency,9,64,2,h64_l2,37642,150568,0.143593,300,16,512,1,12,0.966,3.220,0.00000022
trivance-bandwidth,9,64,2,h64_l2,37642,150568,0.143593,300,16,512,1,12,1.201,4.004,0.00000000
builtin,9,128,2,h128_l2,83466,333864,0.318398,300,16,512,1,12,1.611,5.371,0.00000000
ring,9,128,2,h128_l2,83466,333864,0.318398,300,16,512,1,12,1.668,5.559,0.00000000
recursive-doubling-latency,9,128,2,h128_l2,83466,333864,0.318398,300,16,512,1,12,1.397,4.655,0.00000000
recursive-doubling-bandwidth,9,128,2,h128_l2,83466,333864,0.318398,300,16,512,1,12,1.634,5.448,0.00000000
swing-latency,9,128,2,h128_l2,83466,333864,0.318398,300,16,512,1,12,1.427,4.757,0.00000006
swing-bandwidth,9,128,2,h128_l2,83466,333864,0.318398,300,16,512,1,12,1.650,5.500,0.00000000
bruck-latency,9,128,2,h128_l2,83466,333864,0.318398,300,16,512,1,12,1.494,4.982,0.00000135
bruck-bandwidth,9,128,2,h128_l2,83466,333864,0.318398,300,16,512,1,12,1.532,5.106,0.00000000
trivance-latency,9,128,2,h128_l2,83466,333864,0.318398,300,16,512,1,12,1.477,4.925,0.00000402
trivance-bandwidth,9,128,2,h128_l2,83466,333864,0.318398,300,16,512,1,12,1.587,5.288,0.00000000
builtin,9,256,2,h256_l2,199690,798760,0.761757,300,16,512,1,12,2.301,7.671,0.00000000
ring,9,256,2,h256_l2,199690,798760,0.761757,300,16,512,1,12,2.838,9.459,0.00000000
recursive-doubling-latency,9,256,2,h256_l2,199690,798760,0.761757,300,16,512,1,12,2.540,8.468,0.00000000
recursive-doubling-bandwidth,9,256,2,h256_l2,199690,798760,0.761757,300,16,512,1,12,2.873,9.577,0.00000000
swing-latency,9,256,2,h256_l2,199690,798760,0.761757,300,16,512,1,12,2.513,8.377,0.00000012
swing-bandwidth,9,256,2,h256_l2,199690,798760,0.761757,300,16,512,1,12,3.082,10.272,0.00000000
bruck-latency,9,256,2,h256_l2,199690,798760,0.761757,300,16,512,1,12,2.767,9.222,0.00000418
bruck-bandwidth,9,256,2,h256_l2,199690,798760,0.761757,300,16,512,1,12,2.769,9.230,0.00000000
trivance-latency,9,256,2,h256_l2,199690,798760,0.761757,300,16,512,1,12,2.711,9.037,0.00000208
trivance-bandwidth,9,256,2,h256_l2,199690,798760,0.761757,300,16,512,1,12,2.740,9.133,0.00000000
builtin,9,512,2,h512_l2,530442,2121768,2.023476,300,16,512,1,12,4.335,14.451,0.00000000
ring,9,512,2,h512_l2,530442,2121768,2.023476,300,16,512,1,12,5.229,17.431,0.00000000
recursive-doubling-latency,9,512,2,h512_l2,530442,2121768,2.023476,300,16,512,1,12,5.856,19.521,0.00000000
recursive-doubling-bandwidth,9,512,2,h512_l2,530442,2121768,2.023476,300,16,512,1,12,6.971,23.237,0.00000000
swing-latency,9,512,2,h512_l2,530442,2121768,2.023476,300,16,512,1,12,6.070,20.234,0.00000136
swing-bandwidth,9,512,2,h512_l2,530442,2121768,2.023476,300,16,512,1,12,6.866,22.887,0.00000000
bruck-latency,9,512,2,h512_l2,530442,2121768,2.023476,300,16,512,1,12,6.503,21.675,0.00000172
bruck-bandwidth,9,512,2,h512_l2,530442,2121768,2.023476,300,16,512,1,12,5.743,19.144,0.00000000
trivance-latency,9,512,2,h512_l2,530442,2121768,2.023476,300,16,512,1,12,6.448,21.493,0.00000241
trivance-bandwidth,9,512,2,h512_l2,530442,2121768,2.023476,300,16,512,1,12,5.643,18.809,0.00000000
builtin,9,1024,2,h1024_l2,1585162,6340648,6.046913,300,16,512,1,12,13.006,43.352,0.00000000
ring,9,1024,2,h1024_l2,1585162,6340648,6.046913,300,16,512,1,12,16.002,53.340,0.00000000
recursive-doubling-latency,9,1024,2,h1024_l2,1585162,6340648,6.046913,300,16,512,1,12,17.983,59.944,0.00000000
recursive-doubling-bandwidth,9,1024,2,h1024_l2,1585162,6340648,6.046913,300,16,512,1,12,19.554,65.181,0.00000000
swing-latency,9,1024,2,h1024_l2,1585162,6340648,6.046913,300,16,512,1,12,17.458,58.193,0.00000110
swing-bandwidth,9,1024,2,h1024_l2,1585162,6340648,6.046913,300,16,512,1,12,19.370,64.566,0.00000000
bruck-latency,9,1024,2,h1024_l2,1585162,6340648,6.046913,300,16,512,1,12,19.100,63.668,0.00000194
bruck-bandwidth,9,1024,2,h1024_l2,1585162,6340648,6.046913,300,16,512,1,12,19.003,63.345,0.00000000
trivance-latency,9,1024,2,h1024_l2,1585162,6340648,6.046913,300,16,512,1,12,18.366,61.219,0.00000279
trivance-bandwidth,9,1024,2,h1024_l2,1585162,6340648,6.046913,300,16,512,1,12,19.280,64.267,0.00000000
builtin,9,1024,4,h1024_l4,3684362,14737448,14.054726,300,16,512,1,12,26.742,89.142,0.00000000
ring,9,1024,4,h1024_l4,3684362,14737448,14.054726,300,16,512,1,12,33.893,112.976,0.00000000
recursive-doubling-latency,9,1024,4,h1024_l4,3684362,14737448,14.054726,300,16,512,1,12,35.518,118.392,0.00000000
recursive-doubling-bandwidth,9,1024,4,h1024_l4,3684362,14737448,14.054726,300,16,512,1,12,41.736,139.122,0.00000000
swing-latency,9,1024,4,h1024_l4,3684362,14737448,14.054726,300,16,512,1,12,36.658,122.194,0.00000095
swing-bandwidth,9,1024,4,h1024_l4,3684362,14737448,14.054726,300,16,512,1,12,41.712,139.041,0.00000000
bruck-latency,9,1024,4,h1024_l4,3684362,14737448,14.054726,300,16,512,1,12,42.081,140.271,0.00000136
bruck-bandwidth,9,1024,4,h1024_l4,3684362,14737448,14.054726,300,16,512,1,12,38.755,129.184,0.00000000
trivance-latency,9,1024,4,h1024_l4,3684362,14737448,14.054726,300,16,512,1,12,41.437,138.123,0.00000103
trivance-bandwidth,9,1024,4,h1024_l4,3684362,14737448,14.054726,300,16,512,1,12,37.432,124.773,0.00000000
builtin,9,32,2,h32_l2,17802,71208,0.067909,300,16,512,1,13,1.168,3.894,0.00000000
ring,9,32,2,h32_l2,17802,71208,0.067909,300,16,512,1,13,1.243,4.143,0.00000000
recursive-doubling-latency,9,32,2,h32_l2,17802,71208,0.067909,300,16,512,1,13,0.797,2.658,0.00000000
recursive-doubling-bandwidth,9,32,2,h32_l2,17802,71208,0.067909,300,16,512,1,13,1.011,3.370,0.00000000
swing-latency,9,32,2,h32_l2,17802,71208,0.067909,300,16,512,1,13,0.789,2.631,0.00000006
swing-bandwidth,9,32,2,h32_l2,17802,71208,0.067909,300,16,512,1,13,1.066,3.553,0.00000000
bruck-latency,9,32,2,h32_l2,17802,71208,0.067909,300,16,512,1,13,0.801,2.670,0.00000033
bruck-bandwidth,9,32,2,h32_l2,17802,71208,0.067909,300,16,512,1,13,1.028,3.427,0.00000000
trivance-latency,9,32,2,h32_l2,17802,71208,0.067909,300,16,512,1,13,0.781,2.604,0.00000033
trivance-bandwidth,9,32,2,h32_l2,17802,71208,0.067909,300,16,512,1,13,1.027,3.422,0.00000000
builtin,9,64,2,h64_l2,37642,150568,0.143593,300,16,512,1,13,1.329,4.430,0.00000000
ring,9,64,2,h64_l2,37642,150568,0.143593,300,16,512,1,13,1.374,4.580,0.00000000
recursive-doubling-latency,9,64,2,h64_l2,37642,150568,0.143593,300,16,512,1,13,0.959,3.197,0.00000000
recursive-doubling-bandwidth,9,64,2,h64_l2,37642,150568,0.143593,300,16,512,1,13,1.206,4.021,0.00000000
swing-latency,9,64,2,h64_l2,37642,150568,0.143593,300,16,512,1,13,0.926,3.086,0.00000017
swing-bandwidth,9,64,2,h64_l2,37642,150568,0.143593,300,16,512,1,13,1.187,3.956,0.00000000
bruck-latency,9,64,2,h64_l2,37642,150568,0.143593,300,16,512,1,13,0.985,3.284,0.00000034
bruck-bandwidth,9,64,2,h64_l2,37642,150568,0.143593,300,16,512,1,13,1.200,4.000,0.00000000
trivance-latency,9,64,2,h64_l2,37642,150568,0.143593,300,16,512,1,13,0.956,3.185,0.00000022
trivance-bandwidth,9,64,2,h64_l2,37642,150568,0.143593,300,16,512,1,13,1.204,4.012,0.00000000
builtin,9,128,2,h128_l2,83466,333864,0.318398,300,16,512,1,13,1.570,5.233,0.00000000
ring,9,128,2,h128_l2,83466,333864,0.318398,300,16,512,1,13,1.698,5.661,0.00000000
recursive-doubling-latency,9,128,2,h128_l2,83466,333864,0.318398,300,16,512,1,13,1.366,4.554,0.00000000
recursive-doubling-bandwidth,9,128,2,h128_l2,83466,333864,0.318398,300,16,512,1,13,1.627,5.422,0.00000000
swing-latency,9,128,2,h128_l2,83466,333864,0.318398,300,16,512,1,13,1.364,4.547,0.00000006
swing-bandwidth,9,128,2,h128_l2,83466,333864,0.318398,300,16,512,1,13,1.650,5.500,0.00000000
bruck-latency,9,128,2,h128_l2,83466,333864,0.318398,300,16,512,1,13,1.437,4.791,0.00000135
bruck-bandwidth,9,128,2,h128_l2,83466,333864,0.318398,300,16,512,1,13,1.561,5.205,0.00000000
trivance-latency,9,128,2,h128_l2,83466,333864,0.318398,300,16,512,1,13,1.503,5.010,0.00000402
trivance-bandwidth,9,128,2,h128_l2,83466,333864,0.318398,300,16,512,1,13,1.603,5.345,0.00000000
builtin,9,256,2,h256_l2,199690,798760,0.761757,300,16,512,1,13,2.265,7.549,0.00000000
ring,9,256,2,h256_l2,199690,798760,0.761757,300,16,512,1,13,2.725,9.082,0.00000000
recursive-doubling-latency,9,256,2,h256_l2,199690,798760,0.761757,300,16,512,1,13,2.569,8.564,0.00000000
recursive-doubling-bandwidth,9,256,2,h256_l2,199690,798760,0.761757,300,16,512,1,13,2.778,9.259,0.00000000
swing-latency,9,256,2,h256_l2,199690,798760,0.761757,300,16,512,1,13,2.564,8.547,0.00000012
swing-bandwidth,9,256,2,h256_l2,199690,798760,0.761757,300,16,512,1,13,2.984,9.947,0.00000000
bruck-latency,9,256,2,h256_l2,199690,798760,0.761757,300,16,512,1,13,2.787,9.291,0.00000418
bruck-bandwidth,9,256,2,h256_l2,199690,798760,0.761757,300,16,512,1,13,2.940,9.800,0.00000000
trivance-latency,9,256,2,h256_l2,199690,798760,0.761757,300,16,512,1,13,2.761,9.202,0.00000208
trivance-bandwidth,9,256,2,h256_l2,199690,798760,0.761757,300,16,512,1,13,2.823,9.410,0.00000000
builtin,9,512,2,h512_l2,530442,2121768,2.023476,300,16,512,1,13,4.371,14.571,0.00000000
ring,9,512,2,h512_l2,530442,2121768,2.023476,300,16,512,1,13,5.178,17.261,0.00000000
recursive-doubling-latency,9,512,2,h512_l2,530442,2121768,2.023476,300,16,512,1,13,5.953,19.843,0.00000000
recursive-doubling-bandwidth,9,512,2,h512_l2,530442,2121768,2.023476,300,16,512,1,13,6.944,23.146,0.00000000
swing-latency,9,512,2,h512_l2,530442,2121768,2.023476,300,16,512,1,13,6.206,20.688,0.00000136
swing-bandwidth,9,512,2,h512_l2,530442,2121768,2.023476,300,16,512,1,13,7.104,23.681,0.00000000
bruck-latency,9,512,2,h512_l2,530442,2121768,2.023476,300,16,512,1,13,6.882,22.938,0.00000172
bruck-bandwidth,9,512,2,h512_l2,530442,2121768,2.023476,300,16,512,1,13,5.945,19.816,0.00000000
trivance-latency,9,512,2,h512_l2,530442,2121768,2.023476,300,16,512,1,13,6.534,21.778,0.00000241
trivance-bandwidth,9,512,2,h512_l2,530442,2121768,2.023476,300,16,512,1,13,5.771,19.235,0.00000000
builtin,9,1024,2,h1024_l2,1585162,6340648,6.046913,300,16,512,1,13,12.961,43.203,0.00000000
ring,9,1024,2,h1024_l2,1585162,6340648,6.046913,300,16,512,1,13,15.718,52.393,0.00000000
recursive-doubling-latency,9,1024,2,h1024_l2,1585162,6340648,6.046913,300,16,512,1,13,17.130,57.100,0.00000000
recursive-doubling-bandwidth,9,1024,2,h1024_l2,1585162,6340648,6.046913,300,16,512,1,13,19.314,64.378,0.00000000
swing-latency,9,1024,2,h1024_l2,1585162,6340648,6.046913,300,16,512,1,13,18.055,60.182,0.00000110
swing-bandwidth,9,1024,2,h1024_l2,1585162,6340648,6.046913,300,16,512,1,13,19.968,66.559,0.00000000
bruck-latency,9,1024,2,h1024_l2,1585162,6340648,6.046913,300,16,512,1,13,19.494,64.979,0.00000194
bruck-bandwidth,9,1024,2,h1024_l2,1585162,6340648,6.046913,300,16,512,1,13,18.437,61.458,0.00000000
trivance-latency,9,1024,2,h1024_l2,1585162,6340648,6.046913,300,16,512,1,13,18.809,62.697,0.00000279
trivance-bandwidth,9,1024,2,h1024_l2,1585162,6340648,6.046913,300,16,512,1,13,18.096,60.321,0.00000000
builtin,9,1024,4,h1024_l4,3684362,14737448,14.054726,300,16,512,1,13,26.194,87.313,0.00000000
ring,9,1024,4,h1024_l4,3684362,14737448,14.054726,300,16,512,1,13,34.867,116.224,0.00000000
recursive-doubling-latency,9,1024,4,h1024_l4,3684362,14737448,14.054726,300,16,512,1,13,36.886,122.952,0.00000000
recursive-doubling-bandwidth,9,1024,4,h1024_l4,3684362,14737448,14.054726,300,16,512,1,13,40.561,135.202,0.00000000
swing-latency,9,1024,4,h1024_l4,3684362,14737448,14.054726,300,16,512,1,13,39.752,132.507,0.00000095
swing-bandwidth,9,1024,4,h1024_l4,3684362,14737448,14.054726,300,16,512,1,13,40.759,135.863,0.00000000
bruck-latency,9,1024,4,h1024_l4,3684362,14737448,14.054726,300,16,512,1,13,40.159,133.864,0.00000136
bruck-bandwidth,9,1024,4,h1024_l4,3684362,14737448,14.054726,300,16,512,1,13,39.143,130.476,0.00000000
trivance-latency,9,1024,4,h1024_l4,3684362,14737448,14.054726,300,16,512,1,13,39.973,133.243,0.00000103
trivance-bandwidth,9,1024,4,h1024_l4,3684362,14737448,14.054726,300,16,512,1,13,38.527,128.424,0.00000000
builtin,9,32,2,h32_l2,17802,71208,0.067909,300,16,512,1,14,1.180,3.935,0.00000000
ring,9,32,2,h32_l2,17802,71208,0.067909,300,16,512,1,14,1.213,4.043,0.00000000
recursive-doubling-latency,9,32,2,h32_l2,17802,71208,0.067909,300,16,512,1,14,0.794,2.646,0.00000000
recursive-doubling-bandwidth,9,32,2,h32_l2,17802,71208,0.067909,300,16,512,1,14,1.030,3.434,0.00000000
swing-latency,9,32,2,h32_l2,17802,71208,0.067909,300,16,512,1,14,0.777,2.590,0.00000006
swing-bandwidth,9,32,2,h32_l2,17802,71208,0.067909,300,16,512,1,14,1.005,3.349,0.00000000
bruck-latency,9,32,2,h32_l2,17802,71208,0.067909,300,16,512,1,14,0.784,2.613,0.00000033
bruck-bandwidth,9,32,2,h32_l2,17802,71208,0.067909,300,16,512,1,14,1.034,3.445,0.00000000
trivance-latency,9,32,2,h32_l2,17802,71208,0.067909,300,16,512,1,14,0.810,2.701,0.00000033
trivance-bandwidth,9,32,2,h32_l2,17802,71208,0.067909,300,16,512,1,14,1.040,3.468,0.00000000
builtin,9,64,2,h64_l2,37642,150568,0.143593,300,16,512,1,14,1.254,4.179,0.00000000
ring,9,64,2,h64_l2,37642,150568,0.143593,300,16,512,1,14,1.435,4.782,0.00000000
recursive-doubling-latency,9,64,2,h64_l2,37642,150568,0.143593,300,16,512,1,14,0.915,3.049,0.00000000
recursive-doubling-bandwidth,9,64,2,h64_l2,37642,150568,0.143593,300,16,512,1,14,1.183,3.944,0.00000000
swing-latency,9,64,2,h64_l2,37642,150568,0.143593,300,16,512,1,14,0.918,3.060,0.00000017
swing-bandwidth,9,64,2,h64_l2,37642,150568,0.143593,300,16,512,1,14,1.181,3.935,0.00000000
bruck-latency,9,64,2,h64_l2,37642,150568,0.143593,300,16,512,1,14,0.975,3.249,0.00000034
bruck-bandwidth,9,64,2,h64_l2,37642,150568,0.143593,300,16,512,1,14,1.197,3.989,0.00000000
trivance-latency,9,64,2,h64_l2,37642,150568,0.143593,300,16,512,1,14,0.949,3.162,0.00000022
trivance-bandwidth,9,64,2,h64_l2,37642,150568,0.143593,300,16,512,1,14,1.192,3.975,0.00000000
builtin,9,128,2,h128_l2,83466,333864,0.318398,300,16,512,1,14,1.567,5.222,0.00000000
ring,9,128,2,h128_l2,83466,333864,0.318398,300,16,512,1,14,1.686,5.619,0.00000000
recursive-doubling-latency,9,128,2,h128_l2,83466,333864,0.318398,300,16,512,1,14,1.404,4.682,0.00000000
recursive-doubling-bandwidth,9,128,2,h128_l2,83466,333864,0.318398,300,16,512,1,14,1.625,5.418,0.00000000
swing-latency,9,128,2,h128_l2,83466,333864,0.318398,300,16,512,1,14,1.349,4.497,0.00000006
swing-bandwidth,9,128,2,h128_l2,83466,333864,0.318398,300,16,512,1,14,1.640,5.468,0.00000000
bruck-latency,9,128,2,h128_l2,83466,333864,0.318398,300,16,512,1,14,1.518,5.060,0.00000135
bruck-bandwidth,9,128,2,h128_l2,83466,333864,0.318398,300,16,512,1,14,1.666,5.554,0.00000000
trivance-latency,9,128,2,h128_l2,83466,333864,0.318398,300,16,512,1,14,1.473,4.909,0.00000402
trivance-bandwidth,9,128,2,h128_l2,83466,333864,0.318398,300,16,512,1,14,1.571,5.235,0.00000000
builtin,9,256,2,h256_l2,199690,798760,0.761757,300,16,512,1,14,2.360,7.868,0.00000000
ring,9,256,2,h256_l2,199690,798760,0.761757,300,16,512,1,14,2.750,9.166,0.00000000
recursive-doubling-latency,9,256,2,h256_l2,199690,798760,0.761757,300,16,512,1,14,2.612,8.707,0.00000000
recursive-doubling-bandwidth,9,256,2,h256_l2,199690,798760,0.761757,300,16,512,1,14,2.956,9.854,0.00000000
swing-latency,9,256,2,h256_l2,199690,798760,0.761757,300,16,512,1,14,2.482,8.274,0.00000012
swing-bandwidth,9,256,2,h256_l2,199690,798760,0.761757,300,16,512,1,14,2.970,9.901,0.00000000
bruck-latency,9,256,2,h256_l2,199690,798760,0.761757,300,16,512,1,14,2.801,9.338,0.00000418
bruck-bandwidth,9,256,2,h256_l2,199690,798760,0.761757,300,16,512,1,14,2.838,9.461,0.00000000
trivance-latency,9,256,2,h256_l2,199690,798760,0.761757,300,16,512,1,14,2.685,8.949,0.00000208
trivance-bandwidth,9,256,2,h256_l2,199690,798760,0.761757,300,16,512,1,14,2.805,9.351,0.00000000
builtin,9,512,2,h512_l2,530442,2121768,2.023476,300,16,512,1,14,4.476,14.921,0.00000000
ring,9,512,2,h512_l2,530442,2121768,2.023476,300,16,512,1,14,5.220,17.399,0.00000000
recursive-doubling-latency,9,512,2,h512_l2,530442,2121768,2.023476,300,16,512,1,14,6.242,20.805,0.00000000
recursive-doubling-bandwidth,9,512,2,h512_l2,530442,2121768,2.023476,300,16,512,1,14,6.934,23.113,0.00000000
swing-latency,9,512,2,h512_l2,530442,2121768,2.023476,300,16,512,1,14,6.057,20.188,0.00000136
swing-bandwidth,9,512,2,h512_l2,530442,2121768,2.023476,300,16,512,1,14,6.779,22.597,0.00000000
bruck-latency,9,512,2,h512_l2,530442,2121768,2.023476,300,16,512,1,14,6.563,21.876,0.00000172
bruck-bandwidth,9,512,2,h512_l2,530442,2121768,2.023476,300,16,512,1,14,5.957,19.856,0.00000000
trivance-latency,9,512,2,h512_l2,530442,2121768,2.023476,300,16,512,1,14,6.605,22.018,0.00000241
trivance-bandwidth,9,512,2,h512_l2,530442,2121768,2.023476,300,16,512,1,14,5.647,18.822,0.00000000
builtin,9,1024,2,h1024_l2,1585162,6340648,6.046913,300,16,512,1,14,12.815,42.716,0.00000000
ring,9,1024,2,h1024_l2,1585162,6340648,6.046913,300,16,512,1,14,16.071,53.571,0.00000000
recursive-doubling-latency,9,1024,2,h1024_l2,1585162,6340648,6.046913,300,16,512,1,14,18.253,60.844,0.00000000
recursive-doubling-bandwidth,9,1024,2,h1024_l2,1585162,6340648,6.046913,300,16,512,1,14,20.305,67.683,0.00000000
swing-latency,9,1024,2,h1024_l2,1585162,6340648,6.046913,300,16,512,1,14,17.140,57.132,0.00000110
swing-bandwidth,9,1024,2,h1024_l2,1585162,6340648,6.046913,300,16,512,1,14,20.172,67.239,0.00000000
bruck-latency,9,1024,2,h1024_l2,1585162,6340648,6.046913,300,16,512,1,14,19.037,63.458,0.00000194
bruck-bandwidth,9,1024,2,h1024_l2,1585162,6340648,6.046913,300,16,512,1,14,18.574,61.912,0.00000000
trivance-latency,9,1024,2,h1024_l2,1585162,6340648,6.046913,300,16,512,1,14,18.174,60.581,0.00000279
trivance-bandwidth,9,1024,2,h1024_l2,1585162,6340648,6.046913,300,16,512,1,14,19.064,63.546,0.00000000
builtin,9,1024,4,h1024_l4,3684362,14737448,14.054726,300,16,512,1,14,26.934,89.781,0.00000000
ring,9,1024,4,h1024_l4,3684362,14737448,14.054726,300,16,512,1,14,34.468,114.892,0.00000000
recursive-doubling-latency,9,1024,4,h1024_l4,3684362,14737448,14.054726,300,16,512,1,14,38.225,127.418,0.00000000
recursive-doubling-bandwidth,9,1024,4,h1024_l4,3684362,14737448,14.054726,300,16,512,1,14,41.298,137.659,0.00000000
swing-latency,9,1024,4,h1024_l4,3684362,14737448,14.054726,300,16,512,1,14,37.105,123.683,0.00000095
swing-bandwidth,9,1024,4,h1024_l4,3684362,14737448,14.054726,300,16,512,1,14,40.901,136.337,0.00000000
bruck-latency,9,1024,4,h1024_l4,3684362,14737448,14.054726,300,16,512,1,14,40.913,136.378,0.00000136
bruck-bandwidth,9,1024,4,h1024_l4,3684362,14737448,14.054726,300,16,512,1,14,37.245,124.149,0.00000000
trivance-latency,9,1024,4,h1024_l4,3684362,14737448,14.054726,300,16,512,1,14,40.616,135.387,0.00000103
trivance-bandwidth,9,1024,4,h1024_l4,3684362,14737448,14.054726,300,16,512,1,14,38.441,128.138,0.00000000
builtin,9,32,2,h32_l2,17802,71208,0.067909,300,16,512,1,15,1.185,3.952,0.00000000
ring,9,32,2,h32_l2,17802,71208,0.067909,300,16,512,1,15,1.241,4.137,0.00000000
recursive-doubling-latency,9,32,2,h32_l2,17802,71208,0.067909,300,16,512,1,15,0.763,2.545,0.00000000
recursive-doubling-bandwidth,9,32,2,h32_l2,17802,71208,0.067909,300,16,512,1,15,1.040,3.466,0.00000000
swing-latency,9,32,2,h32_l2,17802,71208,0.067909,300,16,512,1,15,0.772,2.572,0.00000006
swing-bandwidth,9,32,2,h32_l2,17802,71208,0.067909,300,16,512,1,15,1.038,3.459,0.00000000
bruck-latency,9,32,2,h32_l2,17802,71208,0.067909,300,16,512,1,15,0.834,2.780,0.00000033
bruck-bandwidth,9,32,2,h32_l2,17802,71208,0.067909,300,16,512,1,15,1.047,3.489,0.00000000
trivance-latency,9,32,2,h32_l2,17802,71208,0.067909,300,16,512,1,15,0.805,2.683,0.00000033
trivance-bandwidth,9,32,2,h32_l2,17802,71208,0.067909,300,16,512,1,15,1.025,3.417,0.00000000
builtin,9,64,2,h64_l2,37642,150568,0.143593,300,16,512,1,15,1.287,4.291,0.00000000
ring,9,64,2,h64_l2,37642,150568,0.143593,300,16,512,1,15,1.412,4.707,0.00000000
recursive-doubling-latency,9,64,2,h64_l2,37642,150568,0.143593,300,16,512,1,15,0.919,3.062,0.00000000
recursive-doubling-bandwidth,9,64,2,h64_l2,37642,150568,0.143593,300,16,512,1,15,1.199,3.998,0.00000000
swing-latency,9,64,2,h64_l2,37642,150568,0.143593,300,16,512,1,15,0.892,2.972,0.00000017
swing-bandwidth,9,64,2,h64_l2,37642,150568,0.143593,300,16,512,1,15,1.202,4.006,0.00000000
bruck-latency,9,64,2,h64_l2,37642,150568,0.143593,300,16,512,1,15,0.962,3.207,0.00000034
bruck-bandwidth,9,64,2,h64_l2,37642,150568,0.143593,300,16,512,1,15,1.197,3.989,0.00000000
trivance-latency,9,64,2,h64_l2,37642,150568,0.143593,300,16,512,1,15,0.974,3.248,0.00000022
trivance-bandwidth,9,64,2,h64_l2,37642,150568,0.143593,300,16,512,1,15,1.151,3.837,0.00000000
builtin,9,128,2,h128_l2,83466,333864,0.318398,300,16,512,1,15,1.566,5.219,0.00000000
ring,9,128,2,h128_l2,83466,333864,0.318398,300,16,512,1,15,1.765,5.882,0.00000000
recursive-doubling-latency,9,128,2,h128_l2,83466,333864,0.318398,300,16,512,1,15,1.431,4.769,0.00000000
recursive-doubling-bandwidth,9,128,2,h128_l2,83466,333864,0.318398,300,16,512,1,15,1.567,5.222,0.00000000
swing-latency,9,128,2,h128_l2,83466,333864,0.318398,300,16,512,1,15,1.400,4.666,0.00000006
swing-bandwidth,9,128,2,h128_l2,83466,333864,0.318398,300,16,512,1,15,1.598,5.327,0.00000000
bruck-latency,9,128,2,h128_l2,83466,333864,0.318398,300,16,512,1,15,1.433,4.777,0.00000135
bruck-bandwidth,9,128,2,h128_l2,83466,333864,0.318398,300,16,512,1,15,1.604,5.348,0.00000000
trivance-latency,9,128,2,h128_l2,83466,333864,0.318398,300,16,512,1,15,1.482,4.939,0.00000402
trivance-bandwidth,9,128,2,h128_l2,83466,333864,0.318398,300,16,512,1,15,1.513,5.043,0.00000000
builtin,9,256,2,h256_l2,199690,798760,0.761757,300,16,512,1,15,2.305,7.682,0.00000000
ring,9,256,2,h256_l2,199690,798760,0.761757,300,16,512,1,15,2.830,9.433,0.00000000
recursive-doubling-latency,9,256,2,h256_l2,199690,798760,0.761757,300,16,512,1,15,2.612,8.706,0.00000000
recursive-doubling-bandwidth,9,256,2,h256_l2,199690,798760,0.761757,300,16,512,1,15,2.898,9.658,0.00000000
swing-latency,9,256,2,h256_l2,199690,798760,0.761757,300,16,512,1,15,2.516,8.387,0.00000012
swing-bandwidth,9,256,2,h256_l2,199690,798760,0.761757,300,16,512,1,15,3.068,10.225,0.00000000
bruck-latency,9,256,2,h256_l2,199690,798760,0.761757,300,16,512,1,15,2.825,9.416,0.00000418
bruck-bandwidth,9,256,2,h256_l2,199690,798760,0.761757,300,16,512,1,15,2.773,9.243,0.00000000
trivance-latency,9,256,2,h256_l2,199690,798760,0.761757,300,16,512,1,15,2.731,9.105,0.00000208
trivance-bandwidth,9,256,2,h256_l2,199690,798760,0.761757,300,16,512,1,15,2.811,9.368,0.00000000
builtin,9,512,2,h512_l2,530442,2121768,2.023476,300,16,512,1,15,4.655,15.517,0.00000000
ring,9,512,2,h512_l2,530442,2121768,2.023476,300,16,512,1,15,5.244,17.481,0.00000000
recursive-doubling-latency,9,512,2,h512_l2,530442,2121768,2.023476,300,16,512,1,15,6.083,20.276,0.00000000
recursive-doubling-bandwidth,9,512,2,h512_l2,530442,2121768,2.023476,300,16,512,1,15,7.315,24.384,0.00000000
swing-latency,9,512,2,h512_l2,530442,2121768,2.023476,300,16,512,1,15,6.188,20.627,0.00000136
swing-bandwidth,9,512,2,h512_l2,530442,2121768,2.023476,300,16,512,1,15,6.817,22.722,0.00000000
bruck-latency,9,512,2,h512_l2,530442,2121768,2.023476,300,16,512,1,15,6.426,21.418,0.00000172
bruck-bandwidth,9,512,2,h512_l2,530442,2121768,2.023476,300,16,512,1,15,5.785,19.285,0.00000000
trivance-latency,9,512,2,h512_l2,530442,2121768,2.023476,300,16,512,1,15,6.392,21.306,0.00000241
trivance-bandwidth,9,512,2,h512_l2,530442,2121768,2.023476,300,16,512,1,15,5.589,18.630,0.00000000
builtin,9,1024,2,h1024_l2,1585162,6340648,6.046913,300,16,512,1,15,12.479,41.595,0.00000000
ring,9,1024,2,h1024_l2,1585162,6340648,6.046913,300,16,512,1,15,17.078,56.927,0.00000000
recursive-doubling-latency,9,1024,2,h1024_l2,1585162,6340648,6.046913,300,16,512,1,15,17.023,56.742,0.00000000
recursive-doubling-bandwidth,9,1024,2,h1024_l2,1585162,6340648,6.046913,300,16,512,1,15,19.339,64.465,0.00000000
swing-latency,9,1024,2,h1024_l2,1585162,6340648,6.046913,300,16,512,1,15,17.830,59.432,0.00000110
swing-bandwidth,9,1024,2,h1024_l2,1585162,6340648,6.046913,300,16,512,1,15,18.900,62.999,0.00000000
bruck-latency,9,1024,2,h1024_l2,1585162,6340648,6.046913,300,16,512,1,15,19.447,64.822,0.00000194
bruck-bandwidth,9,1024,2,h1024_l2,1585162,6340648,6.046913,300,16,512,1,15,18.237,60.789,0.00000000
trivance-latency,9,1024,2,h1024_l2,1585162,6340648,6.046913,300,16,512,1,15,18.433,61.445,0.00000279
trivance-bandwidth,9,1024,2,h1024_l2,1585162,6340648,6.046913,300,16,512,1,15,18.356,61.185,0.00000000
builtin,9,1024,4,h1024_l4,3684362,14737448,14.054726,300,16,512,1,15,26.068,86.892,0.00000000
ring,9,1024,4,h1024_l4,3684362,14737448,14.054726,300,16,512,1,15,32.944,109.812,0.00000000
recursive-doubling-latency,9,1024,4,h1024_l4,3684362,14737448,14.054726,300,16,512,1,15,36.958,123.193,0.00000000
recursive-doubling-bandwidth,9,1024,4,h1024_l4,3684362,14737448,14.054726,300,16,512,1,15,38.675,128.917,0.00000000
swing-latency,9,1024,4,h1024_l4,3684362,14737448,14.054726,300,16,512,1,15,37.182,123.941,0.00000095
swing-bandwidth,9,1024,4,h1024_l4,3684362,14737448,14.054726,300,16,512,1,15,40.805,136.016,0.00000000
bruck-latency,9,1024,4,h1024_l4,3684362,14737448,14.054726,300,16,512,1,15,39.369,131.231,0.00000136
bruck-bandwidth,9,1024,4,h1024_l4,3684362,14737448,14.054726,300,16,512,1,15,38.548,128.493,0.00000000
trivance-latency,9,1024,4,h1024_l4,3684362,14737448,14.054726,300,16,512,1,15,40.675,135.584,0.00000103
trivance-bandwidth,9,1024,4,h1024_l4,3684362,14737448,14.054726,300,16,512,1,15,36.597,121.990,0.00000000
builtin,9,32,2,h32_l2,17802,71208,0.067909,300,16,512,1,16,1.162,3.874,0.00000000
ring,9,32,2,h32_l2,17802,71208,0.067909,300,16,512,1,16,1.249,4.165,0.00000000
recursive-doubling-latency,9,32,2,h32_l2,17802,71208,0.067909,300,16,512,1,16,0.771,2.571,0.00000000
recursive-doubling-bandwidth,9,32,2,h32_l2,17802,71208,0.067909,300,16,512,1,16,1.034,3.446,0.00000000
swing-latency,9,32,2,h32_l2,17802,71208,0.067909,300,16,512,1,16,0.768,2.562,0.00000006
swing-bandwidth,9,32,2,h32_l2,17802,71208,0.067909,300,16,512,1,16,1.080,3.601,0.00000000
bruck-latency,9,32,2,h32_l2,17802,71208,0.067909,300,16,512,1,16,0.813,2.710,0.00000033
bruck-bandwidth,9,32,2,h32_l2,17802,71208,0.067909,300,16,512,1,16,1.042,3.473,0.00000000
trivance-latency,9,32,2,h32_l2,17802,71208,0.067909,300,16,512,1,16,0.826,2.754,0.00000033
trivance-bandwidth,9,32,2,h32_l2,17802,71208,0.067909,300,16,512,1,16,0.994,3.312,0.00000000
builtin,9,64,2,h64_l2,37642,150568,0.143593,300,16,512,1,16,1.316,4.387,0.00000000
ring,9,64,2,h64_l2,37642,150568,0.143593,300,16,512,1,16,1.398,4.660,0.00000000
recursive-doubling-latency,9,64,2,h64_l2,37642,150568,0.143593,300,16,512,1,16,0.951,3.170,0.00000000
recursive-doubling-bandwidth,9,64,2,h64_l2,37642,150568,0.143593,300,16,512,1,16,1.177,3.922,0.00000000
swing-latency,9,64,2,h64_l2,37642,150568,0.143593,300,16,512,1,16,0.936,3.121,0.00000017
swing-bandwidth,9,64,2,h64_l2,37642,150568,0.143593,300,16,512,1,16,1.182,3.940,0.00000000
bruck-latency,9,64,2,h64_l2,37642,150568,0.143593,300,16,512,1,16,1.004,3.347,0.00000034
bruck-bandwidth,9,64,2,h64_l2,37642,150568,0.143593,300,16,512,1,16,1.228,4.094,0.00000000
trivance-latency,9,64,2,h64_l2,37642,150568,0.143593,300,16,512,1,16,0.990,3.299,0.00000022
trivance-bandwidth,9,64,2,h64_l2,37642,150568,0.143593,300,16,512,1,16,1.204,4.013,0.00000000
builtin,9,128,2,h128_l2,83466,333864,0.318398,300,16,512,1,16,1.537,5.123,0.00000000
ring,9,128,2,h128_l2,83466,333864,0.318398,300,16,512,1,16,1.700,5.666,0.00000000
recursive-doubling-latency,9,128,2,h128_l2,83466,333864,0.318398,300,16,512,1,16,1.392,4.640,0.00000000
recursive-doubling-bandwidth,9,128,2,h128_l2,83466,333864,0.318398,300,16,512,1,16,1.584,5.281,0.00000000
swing-latency,9,128,2,h128_l2,83466,333864,0.318398,300,16,512,1,16,1.401,4.671,0.00000006
swing-bandwidth,9,128,2,h128_l2,83466,333864,0.318398,300,16,512,1,16,1.718,5.727,0.00000000
bruck-latency,9,128,2,h128_l2,83466,333864,0.318398,300,16,512,1,16,1.511,5.038,0.00000135
bruck-bandwidth,9,128,2,h128_l2,83466,333864,0.318398,300,16,512,1,16,1.580,5.267,0.00000000
trivance-latency,9,128,2,h128_l2,83466,333864,0.318398,300,16,512,1,16,1.534,5.113,0.00000402
trivance-bandwidth,9,128,2,h128_l2,83466,333864,0.318398,300,16,512,1,16,1.527,5.089,0.00000000
builtin,9,256,2,h256_l2,199690,798760,0.761757,300,16,512,1,16,2.258,7.527,0.00000000
ring,9,256,2,h256_l2,199690,798760,0.761757,300,16,512,1,16,2.819,9.397,0.00000000
recursive-doubling-latency,9,256,2,h256_l2,199690,798760,0.761757,300,16,512,1,16,2.594,8.647,0.00000000
recursive-doubling-bandwidth,9,256,2,h256_l2,199690,798760,0.761757,300,16,512,1,16,2.889,9.629,0.00000000
swing-latency,9,256,2,h256_l2,199690,798760,0.761757,300,16,512,1,16,2.694,8.980,0.00000012
swing-bandwidth,9,256,2,h256_l2,199690,798760,0.761757,300,16,512,1,16,3.053,10.178,0.00000000
bruck-latency,9,256,2,h256_l2,199690,798760,0.761757,300,16,512,1,16,2.780,9.267,0.00000418
bruck-bandwidth,9,256,2,h256_l2,199690,798760,0.761757,300,16,512,1,16,2.788,9.292,0.00000000
trivance-latency,9,256,2,h256_l2,199690,798760,0.761757,300,16,512,1,16,2.732,9.107,0.00000208
trivance-bandwidth,9,256,2,h256_l2,199690,798760,0.761757,300,16,512,1,16,2.825,9.416,0.00000000
builtin,9,512,2,h512_l2,530442,2121768,2.023476,300,16,512,1,16,4.315,14.384,0.00000000
ring,9,512,2,h512_l2,530442,2121768,2.023476,300,16,512,1,16,5.131,17.102,0.00000000
recursive-doubling-latency,9,512,2,h512_l2,530442,2121768,2.023476,300,16,512,1,16,6.077,20.256,0.00000000
recursive-doubling-bandwidth,9,512,2,h512_l2,530442,2121768,2.023476,300,16,512,1,16,6.513,21.711,0.00000000
swing-latency,9,512,2,h512_l2,530442,2121768,2.023476,300,16,512,1,16,5.878,19.595,0.00000136
swing-bandwidth,9,512,2,h512_l2,530442,2121768,2.023476,300,16,512,1,16,7.677,25.590,0.00000000
bruck-latency,9,512,2,h512_l2,530442,2121768,2.023476,300,16,512,1,16,6.533,21.775,0.00000172
bruck-bandwidth,9,512,2,h512_l2,530442,2121768,2.023476,300,16,512,1,16,5.695,18.984,0.00000000
trivance-latency,9,512,2,h512_l2,530442,2121768,2.023476,300,16,512,1,16,6.743,22.476,0.00000241
trivance-bandwidth,9,512,2,h512_l2,530442,2121768,2.023476,300,16,512,1,16,5.699,18.995,0.00000000
builtin,9,1024,2,h1024_l2,1585162,6340648,6.046913,300,16,512,1,16,12.580,41.933,0.00000000
ring,9,1024,2,h1024_l2,1585162,6340648,6.046913,300,16,512,1,16,15.937,53.124,0.00000000
recursive-doubling-latency,9,1024,2,h1024_l2,1585162,6340648,6.046913,300,16,512,1,16,18.445,61.482,0.00000000
recursive-doubling-bandwidth,9,1024,2,h1024_l2,1585162,6340648,6.046913,300,16,512,1,16,19.770,65.901,0.00000000
swing-latency,9,1024,2,h1024_l2,1585162,6340648,6.046913,300,16,512,1,16,17.160,57.202,0.00000110
swing-bandwidth,9,1024,2,h1024_l2,1585162,6340648,6.046913,300,16,512,1,16,20.919,69.729,0.00000000
bruck-latency,9,1024,2,h1024_l2,1585162,6340648,6.046913,300,16,512,1,16,18.930,63.099,0.00000194
bruck-bandwidth,9,1024,2,h1024_l2,1585162,6340648,6.046913,300,16,512,1,16,18.769,62.564,0.00000000
trivance-latency,9,1024,2,h1024_l2,1585162,6340648,6.046913,300,16,512,1,16,18.727,62.422,0.00000279
trivance-bandwidth,9,1024,2,h1024_l2,1585162,6340648,6.046913,300,16,512,1,16,18.674,62.246,0.00000000
builtin,9,1024,4,h1024_l4,3684362,14737448,14.054726,300,16,512,1,16,26.673,88.910,0.00000000
ring,9,1024,4,h1024_l4,3684362,14737448,14.054726,300,16,512,1,16,34.680,115.599,0.00000000
recursive-doubling-latency,9,1024,4,h1024_l4,3684362,14737448,14.054726,300,16,512,1,16,34.826,116.088,0.00000000
recursive-doubling-bandwidth,9,1024,4,h1024_l4,3684362,14737448,14.054726,300,16,512,1,16,41.006,136.687,0.00000000
swing-latency,9,1024,4,h1024_l4,3684362,14737448,14.054726,300,16,512,1,16,35.800,119.334,0.00000095
swing-bandwidth,9,1024,4,h1024_l4,3684362,14737448,14.054726,300,16,512,1,16,40.802,136.008,0.00000000
bruck-latency,9,1024,4,h1024_l4,3684362,14737448,14.054726,300,16,512,1,16,40.195,133.983,0.00000136
bruck-bandwidth,9,1024,4,h1024_l4,3684362,14737448,14.054726,300,16,512,1,16,38.737,129.125,0.00000000
trivance-latency,9,1024,4,h1024_l4,3684362,14737448,14.054726,300,16,512,1,16,39.744,132.480,0.00000103
trivance-bandwidth,9,1024,4,h1024_l4,3684362,14737448,14.054726,300,16,512,1,16,37.887,126.290,0.00000000
builtin,9,32,2,h32_l2,17802,71208,0.067909,300,16,512,1,17,1.246,4.153,0.00000000
ring,9,32,2,h32_l2,17802,71208,0.067909,300,16,512,1,17,1.202,4.006,0.00000000
recursive-doubling-latency,9,32,2,h32_l2,17802,71208,0.067909,300,16,512,1,17,0.768,2.562,0.00000000
recursive-doubling-bandwidth,9,32,2,h32_l2,17802,71208,0.067909,300,16,512,1,17,1.039,3.463,0.00000000
swing-latency,9,32,2,h32_l2,17802,71208,0.067909,300,16,512,1,17,0.776,2.587,0.00000006
swing-bandwidth,9,32,2,h32_l2,17802,71208,0.067909,300,16,512,1,17,1.044,3.482,0.00000000
bruck-latency,9,32,2,h32_l2,17802,71208,0.067909,300,16,512,1,17,0.818,2.726,0.00000033
bruck-bandwidth,9,32,2,h32_l2,17802,71208,0.067909,300,16,512,1,17,1.031,3.435,0.00000000
trivance-latency,9,32,2,h32_l2,17802,71208,0.067909,300,16,512,1,17,0.799,2.662,0.00000033
trivance-bandwidth,9,32,2,h32_l2,17802,71208,0.067909,300,16,512,1,17,1.021,3.403,0.00000000
builtin,9,64,2,h64_l2,37642,150568,0.143593,300,16,512,1,17,1.290,4.301,0.00000000
ring,9,64,2,h64_l2,37642,150568,0.143593,300,16,512,1,17,1.386,4.620,0.00000000
recursive-doubling-latency,9,64,2,h64_l2,37642,150568,0.143593,300,16,512,1,17,0.946,3.155,0.00000000
recursive-doubling-bandwidth,9,64,2,h64_l2,37642,150568,0.143593,300,16,512,1,17,1.212,4.038,0.00000000
swing-latency,9,64,2,h64_l2,37642,150568,0.143593,300,16,512,1,17,0.920,3.065,0.00000017
swing-bandwidth,9,64,2,h64_l2,37642,150568,0.143593,300,16,512,1,17,1.193,3.977,0.00000000
bruck-latency,9,64,2,h64_l2,37642,150568,0.143593,300,16,512,1,17,0.989,3.296,0.00000034
bruck-bandwidth,9,64,2,h64_l2,37642,150568,0.143593,300,16,512,1,17,1.225,4.083,0.00000000
trivance-latency,9,64,2,h64_l2,37642,150568,0.143593,300,16,512,1,17,0.992,3.306,0.00000022
trivance-bandwidth,9,64,2,h64_l2,37642,150568,0.143593,300,16,512,1,17,1.182,3.940,0.00000000
builtin,9,128,2,h128_l2,83466,333864,0.318398,300,16,512,1,17,1.543,5.142,0.00000000
ring,9,128,2,h128_l2,83466,333864,0.318398,300,16,512,1,17,1.718,5.726,0.00000000
recursive-doubling-latency,9,128,2,h128_l2,83466,333864,0.318398,300,16,512,1,17,1.454,4.848,0.00000000
recursive-doubling-bandwidth,9,128,2,h128_l2,83466,333864,0.318398,300,16,512,1,17,1.703,5.678,0.00000000
swing-latency,9,128,2,h128_l2,83466,333864,0.318398,300,16,512,1,17,1.454,4.848,0.00000006
swing-bandwidth,9,128,2,h128_l2,83466,333864,0.318398,300,16,512,1,17,1.696,5.654,0.00000000
bruck-latency,9,128,2,h128_l2,83466,333864,0.318398,300,16,512,1,17,1.439,4.796,0.00000135
bruck-bandwidth,9,128,2,h128_l2,83466,333864,0.318398,300,16,512,1,17,1.550,5.166,0.00000000
trivance-latency,9,128,2,h128_l2,83466,333864,0.318398,300,16,512,1,17,1.441,4.804,0.00000402
trivance-bandwidth,9,128,2,h128_l2,83466,333864,0.318398,300,16,512,1,17,1.557,5.191,0.00000000
builtin,9,256,2,h256_l2,199690,798760,0.761757,300,16,512,1,17,2.301,7.670,0.00000000
ring,9,256,2,h256_l2,199690,798760,0.761757,300,16,512,1,17,2.837,9.457,0.00000000
recursive-doubling-latency,9,256,2,h256_l2,199690,798760,0.761757,300,16,512,1,17,2.407,8.025,0.00000000
recursive-doubling-bandwidth,9,256,2,h256_l2,199690,798760,0.761757,300,16,512,1,17,2.803,9.344,0.00000000
swing-latency,9,256,2,h256_l2,199690,798760,0.761757,300,16,512,1,17,2.606,8.688,0.00000012
swing-bandwidth,9,256,2,h256_l2,199690,798760,0.761757,300,16,512,1,17,2.915,9.717,0.00000000
bruck-latency,9,256,2,h256_l2,199690,798760,0.761757,300,16,512,1,17,2.753,9.176,0.00000418
bruck-bandwidth,9,256,2,h256_l2,199690,798760,0.761757,300,16,512,1,17,2.881,9.604,0.00000000
trivance-latency,9,256,2,h256_l2,199690,798760,0.761757,300,16,512,1,17,2.671,8.903,0.00000208
trivance-bandwidth,9,256,2,h256_l2,199690,798760,0.761757,300,16,512,1,17,2.755,9.183,0.00000000
builtin,9,512,2,h512_l2,530442,2121768,2.023476,300,16,512,1,17,4.488,14.961,0.00000000
ring,9,512,2,h512_l2,530442,2121768,2.023476,300,16,512,1,17,5.104,17.013,0.00000000
recursive-doubling-latency,9,512,2,h512_l2,530442,2121768,2.023476,300,16,512,1,17,6.033,20.110,0.00000000
recursive-doubling-bandwidth,9,512,2,h512_l2,530442,2121768,2.023476,300,16,512,1,17,6.771,22.570,0.00000000
swing-latency,9,512,2,h512_l2,530442,2121768,2.023476,300,16,512,1,17,6.221,20.735,0.00000136
swing-bandwidth,9,512,2,h512_l2,530442,2121768,2.023476,300,16,512,1,17,6.725,22.418,0.00000000
bruck-latency,9,512,2,h512_l2,530442,2121768,2.023476,300,16,512,1,17,6.463,21.544,0.00000172
bruck-bandwidth,9,512,2,h512_l2,530442,2121768,2.023476,300,16,512,1,17,5.856,19.521,0.00000000
trivance-latency,9,512,2,h512_l2,530442,2121768,2.023476,300,16,512,1,17,6.605,22.017,0.00000241
trivance-bandwidth,9,512,2,h512_l2,530442,2121768,2.023476,300,16,512,1,17,5.788,19.292,0.00000000
builtin,9,1024,2,h1024_l2,1585162,6340648,6.046913,300,16,512,1,17,12.581,41.937,0.00000000
ring,9,1024,2,h1024_l2,1585162,6340648,6.046913,300,16,512,1,17,15.720,52.400,0.00000000
recursive-doubling-latency,9,1024,2,h1024_l2,1585162,6340648,6.046913,300,16,512,1,17,17.703,59.009,0.00000000
recursive-doubling-bandwidth,9,1024,2,h1024_l2,1585162,6340648,6.046913,300,16,512,1,17,19.797,65.989,0.00000000
swing-latency,9,1024,2,h1024_l2,1585162,6340648,6.046913,300,16,512,1,17,16.975,56.583,0.00000110
swing-bandwidth,9,1024,2,h1024_l2,1585162,6340648,6.046913,300,16,512,1,17,19.868,66.227,0.00000000
bruck-latency,9,1024,2,h1024_l2,1585162,6340648,6.046913,300,16,512,1,17,19.124,63.746,0.00000194
bruck-bandwidth,9,1024,2,h1024_l2,1585162,6340648,6.046913,300,16,512,1,17,18.290,60.967,0.00000000
trivance-latency,9,1024,2,h1024_l2,1585162,6340648,6.046913,300,16,512,1,17,17.910,59.699,0.00000279
trivance-bandwidth,9,1024,2,h1024_l2,1585162,6340648,6.046913,300,16,512,1,17,18.200,60.665,0.00000000
builtin,9,1024,4,h1024_l4,3684362,14737448,14.054726,300,16,512,1,17,27.400,91.335,0.00000000
ring,9,1024,4,h1024_l4,3684362,14737448,14.054726,300,16,512,1,17,33.115,110.383,0.00000000
recursive-doubling-latency,9,1024,4,h1024_l4,3684362,14737448,14.054726,300,16,512,1,17,35.500,118.334,0.00000000
recursive-doubling-bandwidth,9,1024,4,h1024_l4,3684362,14737448,14.054726,300,16,512,1,17,41.697,138.989,0.00000000
swing-latency,9,1024,4,h1024_l4,3684362,14737448,14.054726,300,16,512,1,17,36.457,121.524,0.00000095
swing-bandwidth,9,1024,4,h1024_l4,3684362,14737448,14.054726,300,16,512,1,17,42.168,140.560,0.00000000
bruck-latency,9,1024,4,h1024_l4,3684362,14737448,14.054726,300,16,512,1,17,39.823,132.744,0.00000136
bruck-bandwidth,9,1024,4,h1024_l4,3684362,14737448,14.054726,300,16,512,1,17,37.718,125.725,0.00000000
trivance-latency,9,1024,4,h1024_l4,3684362,14737448,14.054726,300,16,512,1,17,39.832,132.774,0.00000103
trivance-bandwidth,9,1024,4,h1024_l4,3684362,14737448,14.054726,300,16,512,1,17,37.739,125.796,0.00000000
builtin,9,32,2,h32_l2,17802,71208,0.067909,300,16,512,1,18,1.194,3.981,0.00000000
ring,9,32,2,h32_l2,17802,71208,0.067909,300,16,512,1,18,1.283,4.276,0.00000000
recursive-doubling-latency,9,32,2,h32_l2,17802,71208,0.067909,300,16,512,1,18,0.764,2.547,0.00000000
recursive-doubling-bandwidth,9,32,2,h32_l2,17802,71208,0.067909,300,16,512,1,18,1.027,3.423,0.00000000
swing-latency,9,32,2,h32_l2,17802,71208,0.067909,300,16,512,1,18,0.793,2.642,0.00000006
swing-bandwidth,9,32,2,h32_l2,17802,71208,0.067909,300,16,512,1,18,1.040,3.467,0.00000000
bruck-latency,9,32,2,h32_l2,17802,71208,0.067909,300,16,512,1,18,0.805,2.684,0.00000033
bruck-bandwidth,9,32,2,h32_l2,17802,71208,0.067909,300,16,512,1,18,1.051,3.502,0.00000000
trivance-latency,9,32,2,h32_l2,17802,71208,0.067909,300,16,512,1,18,0.806,2.687,0.00000033
trivance-bandwidth,9,32,2,h32_l2,17802,71208,0.067909,300,16,512,1,18,1.029,3.429,0.00000000
builtin,9,64,2,h64_l2,37642,150568,0.143593,300,16,512,1,18,1.268,4.228,0.00000000
ring,9,64,2,h64_l2,37642,150568,0.143593,300,16,512,1,18,1.349,4.497,0.00000000
recursive-doubling-latency,9,64,2,h64_l2,37642,150568,0.143593,300,16,512,1,18,0.902,3.006,0.00000000
recursive-doubling-bandwidth,9,64,2,h64_l2,37642,150568,0.143593,300,16,512,1,18,1.210,4.032,0.00000000
swing-latency,9,64,2,h64_l2,37642,150568,0.143593,300,16,512,1,18,0.914,3.046,0.00000017
swing-bandwidth,9,64,2,h64_l2,37642,150568,0.143593,300,16,512,1,18,1.210,4.032,0.00000000
bruck-latency,9,64,2,h64_l2,37642,150568,0.143593,300,16,512,1,18,0.963,3.210,0.00000034
bruck-bandwidth,9,64,2,h64_l2,37642,150568,0.143593,300,16,512,1,18,1.224,4.079,0.00000000
trivance-latency,9,64,2,h64_l2,37642,150568,0.143593,300,16,512,1,18,0.950,3.167,0.00000022
trivance-bandwidth,9,64,2,h64_l2,37642,150568,0.143593,300,16,512,1,18,1.196,3.987,0.00000000
builtin,9,128,2,h128_l2,83466,333864,0.318398,300,16,512,1,18,1.612,5.374,0.00000000
ring,9,128,2,h128_l2,83466,333864,0.318398,300,16,512,1,18,1.690,5.635,0.00000000
recursive-doubling-latency,9,128,2,h128_l2,83466,333864,0.318398,300,16,512,1,18,1.377,4.589,0.00000000
recursive-doubling-bandwidth,9,128,2,h128_l2,83466,333864,0.318398,300,16,512,1,18,1.569,5.231,0.00000000
swing-latency,9,128,2,h128_l2,83466,333864,0.318398,300,16,512,1,18,1.425,4.750,0.00000006
swing-bandwidth,9,128,2,h128_l2,83466,333864,0.318398,300,16,512,1,18,1.654,5.513,0.00000000
bruck-latency,9,128,2,h128_l2,83466,333864,0.318398,300,16,512,1,18,1.487,4.955,0.00000135
bruck-bandwidth,9,128,2,h128_l2,83466,333864,0.318398,300,16,512,1,18,1.589,5.298,0.00000000
trivance-latency,9,128,2,h128_l2,83466,333864,0.318398,300,16,512,1,18,1.487,4.957,0.00000402
trivance-bandwidth,9,128,2,h128_l2,83466,333864,0.318398,300,16,512,1,18,1.550,5.168,0.00000000
builtin,9,256,2,h256_l2,199690,798760,0.761757,300,16,512,1,18,2.265,7.551,0.00000000
ring,9,256,2,h256_l2,199690,798760,0.761757,300,16,512,1,18,2.808,9.359,0.00000000
recursive-doubling-latency,9,256,2,h256_l2,199690,798760,0.761757,300,16,512,1,18,2.513,8.376,0.00000000
recursive-doubling-bandwidth,9,256,2,h256_l2,199690,798760,0.761757,300,16,512,1,18,2.812,9.375,0.00000000
swing-latency,9,256,2,h256_l2,199690,798760,0.761757,300,16,512,1,18,2.610,8.702,0.00000012
swing-bandwidth,9,256,2,h256_l2,199690,798760,0.761757,300,16,512,1,18,3.113,10.378,0.00000000
bruck-latency,9,256,2,h256_l2,199690,798760,0.761757,300,16,512,1,18,2.802,9.339,0.00000418
bruck-bandwidth,9,256,2,h256_l2,199690,798760,0.761757,300,16,512,1,18,2.847,9.490,0.00000000
trivance-latency,9,256,2,h256_l2,199690,798760,0.761757,300,16,512,1,18,2.723,9.077,0.00000208
trivance-bandwidth,9,256,2,h256_l2,199690,798760,0.761757,300,16,512,1,18,2.787,9.291,0.00000000
builtin,9,512,2,h512_l2,530442,2121768,2.023476,300,16,512,1,18,4.260,14.199,0.00000000
ring,9,512,2,h512_l2,530442,2121768,2.023476,300,16,512,1,18,5.103,17.012,0.00000000
recursive-doubling-latency,9,512,2,h512_l2,530442,2121768,2.023476,300,16,512,1,18,5.681,18.937,0.00000000
recursive-doubling-bandwidth,9,512,2,h512_l2,530442,2121768,2.023476,300,16,512,1,18,6.768,22.561,0.00000000
swing-latency,9,512,2,h512_l2,530442,2121768,2.023476,300,16,512,1,18,5.925,19.751,0.00000136
swing-bandwidth,9,512,2,h512_l2,530442,2121768,2.023476,300,16,512,1,18,6.966,23.220,0.00000000
bruck-latency,9,512,2,h512_l2,530442,2121768,2.023476,300,16,512,1,18,6.720,22.400,0.00000172
bruck-bandwidth,9,512,2,h512_l2,530442,2121768,2.023476,300,16,512,1,18,5.706,19.021,0.00000000
trivance-latency,9,512,2,h512_l2,530442,2121768,2.023476,300,16,512,1,18,6.484,21.613,0.00000241
trivance-bandwidth,9,512,2,h512_l2,530442,2121768,2.023476,300,16,512,1,18,5.739,19.130,0.00000000
builtin,9,1024,2,h1024_l2,1585162,6340648,6.046913,300,16,512,1,18,12.779,42.598,0.00000000
ring,9,1024,2,h1024_l2,1585162,6340648,6.046913,300,16,512,1,18,16.071,53.569,0.00000000
recursive-doubling-latency,9,1024,2,h1024_l2,1585162,6340648,6.046913,300,16,512,1,18,17.403,58.009,0.00000000
recursive-doubling-bandwidth,9,1024,2,h1024_l2,1585162,6340648,6.046913,300,16,512,1,18,20.345,67.816,0.00000000
swing-latency,9,1024,2,h1024_l2,1585162,6340648,6.046913,300,16,512,1,18,17.467,58.223,0.00000110
swing-bandwidth,9,1024,2,h1024_l2,1585162,6340648,6.046913,300,16,512,1,18,20.456,68.186,0.00000000
bruck-latency,9,1024,2,h1024_l2,1585162,6340648,6.046913,300,16,512,1,18,18.507,61.689,0.00000194
bruck-bandwidth,9,1024,2,h1024_l2,1585162,6340648,6.046913,300,16,512,1,18,18.379,61.262,0.00000000
trivance-latency,9,1024,2,h1024_l2,1585162,6340648,6.046913,300,16,512,1,18,19.414,64.714,0.00000279
trivance-bandwidth,9,1024,2,h1024_l2,1585162,6340648,6.046913,300,16,512,1,18,18.290,60.967,0.00000000
builtin,9,1024,4,h1024_l4,3684362,14737448,14.054726,300,16,512,1,18,25.983,86.611,0.00000000
ring,9,1024,4,h1024_l4,3684362,14737448,14.054726,300,16,512,1,18,36.202,120.673,0.00000000
recursive-doubling-latency,9,1024,4,h1024_l4,3684362,14737448,14.054726,300,16,512,1,18,36.876,122.919,0.00000000
recursive-doubling-bandwidth,9,1024,4,h1024_l4,3684362,14737448,14.054726,300,16,512,1,18,41.396,137.985,0.00000000
swing-latency,9,1024,4,h1024_l4,3684362,14737448,14.054726,300,16,512,1,18,38.109,127.030,0.00000095
swing-bandwidth,9,1024,4,h1024_l4,3684362,14737448,14.054726,300,16,512,1,18,42.208,140.692,0.00000000
bruck-latency,9,1024,4,h1024_l4,3684362,14737448,14.054726,300,16,512,1,18,39.636,132.119,0.00000136
bruck-bandwidth,9,1024,4,h1024_l4,3684362,14737448,14.054726,300,16,512,1,18,39.276,130.919,0.00000000
trivance-latency,9,1024,4,h1024_l4,3684362,14737448,14.054726,300,16,512,1,18,38.715,129.048,0.00000103
trivance-bandwidth,9,1024,4,h1024_l4,3684362,14737448,14.054726,300,16,512,1,18,36.559,121.862,0.00000000
builtin,9,32,2,h32_l2,17802,71208,0.067909,300,16,512,1,19,1.188,3.961,0.00000000
ring,9,32,2,h32_l2,17802,71208,0.067909,300,16,512,1,19,1.229,4.097,0.00000000
recursive-doubling-latency,9,32,2,h32_l2,17802,71208,0.067909,300,16,512,1,19,0.780,2.600,0.00000000
recursive-doubling-bandwidth,9,32,2,h32_l2,17802,71208,0.067909,300,16,512,1,19,1.016,3.386,0.00000000
swing-latency,9,32,2,h32_l2,17802,71208,0.067909,300,16,512,1,19,0.789,2.629,0.00000006
swing-bandwidth,9,32,2,h32_l2,17802,71208,0.067909,300,16,512,1,19,1.021,3.403,0.00000000
bruck-latency,9,32,2,h32_l2,17802,71208,0.067909,300,16,512,1,19,0.813,2.710,0.00000033
bruck-bandwidth,9,32,2,h32_l2,17802,71208,0.067909,300,16,512,1,19,1.044,3.481,0.00000000
trivance-latency,9,32,2,h32_l2,17802,71208,0.067909,300,16,512,1,19,0.796,2.655,0.00000033
trivance-bandwidth,9,32,2,h32_l2,17802,71208,0.067909,300,16,512,1,19,1.035,3.451,0.00000000
builtin,9,64,2,h64_l2,37642,150568,0.143593,300,16,512,1,19,1.283,4.276,0.00000000
ring,9,64,2,h64_l2,37642,150568,0.143593,300,16,512,1,19,1.433,4.778,0.00000000
recursive-doubling-latency,9,64,2,h64_l2,37642,150568,0.143593,300,16,512,1,19,0.927,3.090,0.00000000
recursive-doubling-bandwidth,9,64,2,h64_l2,37642,150568,0.143593,300,16,512,1,19,1.160,3.866,0.00000000
swing-latency,9,64,2,h64_l2,37642,150568,0.143593,300,16,512,1,19,0.924,3.081,0.00000017
swing-bandwidth,9,64,2,h64_l2,37642,150568,0.143593,300,16,512,1,19,1.205,4.016,0.00000000
bruck-latency,9,64,2,h64_l2,37642,150568,0.143593,300,16,512,1,19,1.018,3.394,0.00000034
bruck-bandwidth,9,64,2,h64_l2,37642,150568,0.143593,300,16,512,1,19,1.260,4.200,0.00000000
trivance-latency,9,64,2,h64_l2,37642,150568,0.143593,300,16,512,1,19,0.963,3.208,0.00000022
trivance-bandwidth,9,64,2,h64_l2,37642,150568,0.143593,300,16,512,1,19,1.186,3.953,0.00000000
builtin,9,128,2,h128_l2,83466,333864,0.318398,300,16,512,1,19,1.572,5.238,0.00000000
ring,9,128,2,h128_l2,83466,333864,0.318398,300,16,512,1,19,1.735,5.782,0.00000000
recursive-doubling-latency,9,128,2,h128_l2,83466,333864,0.318398,300,16,512,1,19,1.329,4.432,0.00000000
recursive-doubling-bandwidth,9,128,2,h128_l2,83466,333864,0.318398,300,16,512,1,19,1.656,5.520,0.00000000
swing-latency,9,128,2,h128_l2,83466,333864,0.318398,300,16,512,1,19,1.437,4.789,0.00000006
swing-bandwidth,9,128,2,h128_l2,83466,333864,0.318398,300,16,512,1,19,1.598,5.327,0.00000000
bruck-latency,9,128,2,h128_l2,83466,333864,0.318398,300,16,512,1,19,1.491,4.969,0.00000135
bruck-bandwidth,9,128,2,h128_l2,83466,333864,0.318398,300,16,512,1,19,1.579,5.262,0.00000000
trivance-latency,9,128,2,h128_l2,83466,333864,0.318398,300,16,512,1,19,1.526,5.086,0.00000402
trivance-bandwidth,9,128,2,h128_l2,83466,333864,0.318398,300,16,512,1,19,1.509,5.031,0.00000000
builtin,9,256,2,h256_l2,199690,798760,0.761757,300,16,512,1,19,2.244,7.481,0.00000000
ring,9,256,2,h256_l2,199690,798760,0.761757,300,16,512,1,19,2.777,9.257,0.00000000
recursive-doubling-latency,9,256,2,h256_l2,199690,798760,0.761757,300,16,512,1,19,2.414,8.046,0.00000000
recursive-doubling-bandwidth,9,256,2,h256_l2,199690,798760,0.761757,300,16,512,1,19,2.882,9.608,0.00000000
swing-latency,9,256,2,h256_l2,199690,798760,0.761757,300,16,512,1,19,2.514,8.381,0.00000012
swing-bandwidth,9,256,2,h256_l2,199690,798760,0.761757,300,16,512,1,19,3.041,10.136,0.00000000
bruck-latency,9,256,2,h256_l2,199690,798760,0.761757,300,16,512,1,19,2.742,9.141,0.00000418
bruck-bandwidth,9,256,2,h256_l2,199690,798760,0.761757,300,16,512,1,19,2.781,9.269,0.00000000
trivance-latency,9,256,2,h256_l2,199690,798760,0.761757,300,16,512,1,19,2.757,9.191,0.00000208
trivance-bandwidth,9,256,2,h256_l2,199690,798760,0.761757,300,16,512,1,19,2.795,9.316,0.00000000
builtin,9,512,2,h512_l2,530442,2121768,2.023476,300,16,512,1,19,4.538,15.128,0.00000000
ring,9,512,2,h512_l2,530442,2121768,2.023476,300,16,512,1,19,5.118,17.060,0.00000000
recursive-doubling-latency,9,512,2,h512_l2,530442,2121768,2.023476,300,16,512,1,19,6.183,20.610,0.00000000
recursive-doubling-bandwidth,9,512,2,h512_l2,530442,2121768,2.023476,300,16,512,1,19,6.887,22.958,0.00000000
swing-latency,9,512,2,h512_l2,530442,2121768,2.023476,300,16,512,1,19,6.100,20.333,0.00000136
swing-bandwidth,9,512,2,h512_l2,530442,2121768,2.023476,300,16,512,1,19,6.900,23.000,0.00000000
bruck-latency,9,512,2,h512_l2,530442,2121768,2.023476,300,16,512,1,19,6.439,21.463,0.00000172
bruck-bandwidth,9,512,2,h512_l2,530442,2121768,2.023476,300,16,512,1,19,5.833,19.445,0.00000000
trivance-latency,9,512,2,h512_l2,530442,2121768,2.023476,300,16,512,1,19,6.531,21.770,0.00000241
trivance-bandwidth,9,512,2,h512_l2,530442,2121768,2.023476,300,16,512,1,19,5.817,19.391,0.00000000
builtin,9,1024,2,h1024_l2,1585162,6340648,6.046913,300,16,512,1,19,12.417,41.389,0.00000000
ring,9,1024,2,h1024_l2,1585162,6340648,6.046913,300,16,512,1,19,16.371,54.570,0.00000000
recursive-doubling-latency,9,1024,2,h1024_l2,1585162,6340648,6.046913,300,16,512,1,19,18.103,60.343,0.00000000
recursive-doubling-bandwidth,9,1024,2,h1024_l2,1585162,6340648,6.046913,300,16,512,1,19,19.937,66.458,0.00000000
swing-latency,9,1024,2,h1024_l2,1585162,6340648,6.046913,300,16,512,1,19,16.332,54.440,0.00000110
swing-bandwidth,9,1024,2,h1024_l2,1585162,6340648,6.046913,300,16,512,1,19,19.302,64.341,0.00000000
bruck-latency,9,1024,2,h1024_l2,1585162,6340648,6.046913,300,16,512,1,19,19.039,63.463,0.00000194
bruck-bandwidth,9,1024,2,h1024_l2,1585162,6340648,6.046913,300,16,512,1,19,18.251,60.835,0.00000000
trivance-latency,9,1024,2,h1024_l2,1585162,6340648,6.046913,300,16,512,1,19,18.249,60.829,0.00000279
trivance-bandwidth,9,1024,2,h1024_l2,1585162,6340648,6.046913,300,16,512,1,19,18.755,62.517,0.00000000
builtin,9,1024,4,h1024_l4,3684362,14737448,14.054726,300,16,512,1,19,26.524,88.412,0.00000000
ring,9,1024,4,h1024_l4,3684362,14737448,14.054726,300,16,512,1,19,33.189,110.630,0.00000000
recursive-doubling-latency,9,1024,4,h1024_l4,3684362,14737448,14.054726,300,16,512,1,19,35.889,119.631,0.00000000
recursive-doubling-bandwidth,9,1024,4,h1024_l4,3684362,14737448,14.054726,300,16,512,1,19,43.626,145.420,0.00000000
swing-latency,9,1024,4,h1024_l4,3684362,14737448,14.054726,300,16,512,1,19,37.965,126.548,0.00000095
swing-bandwidth,9,1024,4,h1024_l4,3684362,14737448,14.054726,300,16,512,1,19,40.018,133.394,0.00000000
bruck-latency,9,1024,4,h1024_l4,3684362,14737448,14.054726,300,16,512,1,19,41.557,138.525,0.00000136
bruck-bandwidth,9,1024,4,h1024_l4,3684362,14737448,14.054726,300,16,512,1,19,38.960,129.866,0.00000000
trivance-latency,9,1024,4,h1024_l4,3684362,14737448,14.054726,300,16,512,1,19,39.166,130.553,0.00000103
trivance-bandwidth,9,1024,4,h1024_l4,3684362,14737448,14.054726,300,16,512,1,19,37.146,123.820,0.00000000
builtin,9,32,2,h32_l2,17802,71208,0.067909,300,16,512,1,20,1.194,3.981,0.00000000
ring,9,32,2,h32_l2,17802,71208,0.067909,300,16,512,1,20,1.263,4.208,0.00000000
recursive-doubling-latency,9,32,2,h32_l2,17802,71208,0.067909,300,16,512,1,20,0.771,2.569,0.00000000
recursive-doubling-bandwidth,9,32,2,h32_l2,17802,71208,0.067909,300,16,512,1,20,1.049,3.498,0.00000000
swing-latency,9,32,2,h32_l2,17802,71208,0.067909,300,16,512,1,20,0.807,2.691,0.00000006
swing-bandwidth,9,32,2,h32_l2,17802,71208,0.067909,300,16,512,1,20,1.032,3.440,0.00000000
bruck-latency,9,32,2,h32_l2,17802,71208,0.067909,300,16,512,1,20,0.812,2.706,0.00000033
bruck-bandwidth,9,32,2,h32_l2,17802,71208,0.067909,300,16,512,1,20,1.069,3.565,0.00000000
trivance-latency,9,32,2,h32_l2,17802,71208,0.067909,300,16,512,1,20,0.822,2.740,0.00000033
trivance-bandwidth,9,32,2,h32_l2,17802,71208,0.067909,300,16,512,1,20,1.023,3.410,0.00000000
builtin,9,64,2,h64_l2,37642,150568,0.143593,300,16,512,1,20,1.379,4.595,0.00000000
ring,9,64,2,h64_l2,37642,150568,0.143593,300,16,512,1,20,1.437,4.790,0.00000000
recursive-doubling-latency,9,64,2,h64_l2,37642,150568,0.143593,300,16,512,1,20,0.946,3.152,0.00000000
recursive-doubling-bandwidth,9,64,2,h64_l2,37642,150568,0.143593,300,16,512,1,20,1.211,4.038,0.00000000
swing-latency,9,64,2,h64_l2,37642,150568,0.143593,300,16,512,1,20,0.903,3.010,0.00000017
swing-bandwidth,9,64,2,h64_l2,37642,150568,0.143593,300,16,512,1,20,1.211,4.038,0.00000000
bruck-latency,9,64,2,h64_l2,37642,150568,0.143593,300,16,512,1,20,0.965,3.217,0.00000034
bruck-bandwidth,9,64,2,h64_l2,37642,150568,0.143593,300,16,512,1,20,1.212,4.039,0.00000000
trivance-latency,9,64,2,h64_l2,37642,150568,0.143593,300,16,512,1,20,0.953,3.176,0.00000022
trivance-bandwidth,9,64,2,h64_l2,37642,150568,0.143593,300,16,512,1,20,1.214,4.047,0.00000000
builtin,9,128,2,h128_l2,83466,333864,0.318398,300,16,512,1,20,1.532,5.105,0.00000000
ring,9,128,2,h128_l2,83466,333864,0.318398,300,16,512,1,20,1.736,5.788,0.00000000
recursive-doubling-latency,9,128,2,h128_l2,83466,333864,0.318398,300,16,512,1,20,1.412,4.706,0.00000000
recursive-doubling-bandwidth,9,128,2,h128_l2,83466,333864,0.318398,300,16,512,1,20,1.710,5.700,0.00000000
swing-latency,9,128,2,h128_l2,83466,333864,0.318398,300,16,512,1,20,1.378,4.594,0.00000006
swing-bandwidth,9,128,2,h128_l2,83466,333864,0.318398,300,16,512,1,20,1.610,5.365,0.00000000
bruck-latency,9,128,2,h128_l2,83466,333864,0.318398,300,16,512,1,20,1.536,5.121,0.00000135
bruck-bandwidth,9,128,2,h128_l2,83466,333864,0.318398,300,16,512,1,20,1.553,5.178,0.00000000
trivance-latency,9,128,2,h128_l2,83466,333864,0.318398,300,16,512,1,20,1.441,4.802,0.00000402
trivance-bandwidth,9,128,2,h128_l2,83466,333864,0.318398,300,16,512,1,20,1.531,5.105,0.00000000
builtin,9,256,2,h256_l2,199690,798760,0.761757,300,16,512,1,20,2.312,7.707,0.00000000
ring,9,256,2,h256_l2,199690,798760,0.761757,300,16,512,1,20,2.871,9.569,0.00000000
recursive-doubling-latency,9,256,2,h256_l2,199690,798760,0.761757,300,16,512,1,20,2.622,8.740,0.00000000
recursive-doubling-bandwidth,9,256,2,h256_l2,199690,798760,0.761757,300,16,512,1,20,2.912,9.706,0.00000000
swing-latency,9,256,2,h256_l2,199690,798760,0.761757,300,16,512,1,20,2.530,8.435,0.00000012
swing-bandwidth,9,256,2,h256_l2,199690,798760,0.761757,300,16,512,1,20,2.787,9.290,0.00000000
bruck-latency,9,256,2,h256_l2,199690,798760,0.761757,300,16,512,1,20,2.825,9.418,0.00000418
bruck-bandwidth,9,256,2,h256_l2,199690,798760,0.761757,300,16,512,1,20,2.823,9.409,0.00000000
trivance-latency,9,256,2,h256_l2,199690,798760,0.761757,300,16,512,1,20,2.666,8.885,0.00000208
trivance-bandwidth,9,256,2,h256_l2,199690,798760,0.761757,300,16,512,1,20,2.699,8.997,0.00000000
builtin,9,512,2,h512_l2,530442,2121768,2.023476,300,16,512,1,20,4.373,14.577,0.00000000
ring,9,512,2,h512_l2,530442,2121768,2.023476,300,16,512,1,20,5.202,17.342,0.00000000
recursive-doubling-latency,9,512,2,h512_l2,530442,2121768,2.023476,300,16,512,1,20,6.113,20.376,0.00000000
recursive-doubling-bandwidth,9,512,2,h512_l2,530442,2121768,2.023476,300,16,512,1,20,7.129,23.763,0.00000000
swing-latency,9,512,2,h512_l2,530442,2121768,2.023476,300,16,512,1,20,6.020,20.067,0.00000136
swing-bandwidth,9,512,2,h512_l2,530442,2121768,2.023476,300,16,512,1,20,6.852,22.840,0.00000000
bruck-latency,9,512,2,h512_l2,530442,2121768,2.023476,300,16,512,1,20,6.526,21.753,0.00000172
bruck-bandwidth,9,512,2,h512_l2,530442,2121768,2.023476,300,16,512,1,20,5.851,19.503,0.00000000
trivance-latency,9,512,2,h512_l2,530442,2121768,2.023476,300,16,512,1,20,6.501,21.671,0.00000241
trivance-bandwidth,9,512,2,h512_l2,530442,2121768,2.023476,300,16,512,1,20,5.710,19.035,0.00000000
builtin,9,1024,2,h1024_l2,1585162,6340648,6.046913,300,16,512,1,20,12.970,43.235,0.00000000
ring,9,1024,2,h1024_l2,1585162,6340648,6.046913,300,16,512,1,20,16.547,55.157,0.00000000
recursive-doubling-latency,9,1024,2,h1024_l2,1585162,6340648,6.046913,300,16,512,1,20,16.958,56.526,0.00000000
recursive-doubling-bandwidth,9,1024,2,h1024_l2,1585162,6340648,6.046913,300,16,512,1,20,19.383,64.611,0.00000000
swing-latency,9,1024,2,h1024_l2,1585162,6340648,6.046913,300,16,512,1,20,17.122,57.075,0.00000110
swing-bandwidth,9,1024,2,h1024_l2,1585162,6340648,6.046913,300,16,512,1,20,19.555,65.184,0.00000000
bruck-latency,9,1024,2,h1024_l2,1585162,6340648,6.046913,300,16,512,1,20,21.671,72.238,0.00000194
bruck-bandwidth,9,1024,2,h1024_l2,1585162,6340648,6.046913,300,16,512,1,20,18.570,61.902,0.00000000
trivance-latency,9,1024,2,h1024_l2,1585162,6340648,6.046913,300,16,512,1,20,18.625,62.084,0.00000279
trivance-bandwidth,9,1024,2,h1024_l2,1585162,6340648,6.046913,300,16,512,1,20,18.315,61.051,0.00000000
builtin,9,1024,4,h1024_l4,3684362,14737448,14.054726,300,16,512,1,20,26.734,89.114,0.00000000
ring,9,1024,4,h1024_l4,3684362,14737448,14.054726,300,16,512,1,20,34.044,113.479,0.00000000
recursive-doubling-latency,9,1024,4,h1024_l4,3684362,14737448,14.054726,300,16,512,1,20,36.550,121.834,0.00000000
recursive-doubling-bandwidth,9,1024,4,h1024_l4,3684362,14737448,14.054726,300,16,512,1,20,40.374,134.580,0.00000000
swing-latency,9,1024,4,h1024_l4,3684362,14737448,14.054726,300,16,512,1,20,36.078,120.260,0.00000095
swing-bandwidth,9,1024,4,h1024_l4,3684362,14737448,14.054726,300,16,512,1,20,40.207,134.024,0.00000000
bruck-latency,9,1024,4,h1024_l4,3684362,14737448,14.054726,300,16,512,1,20,41.697,138.989,0.00000136
bruck-bandwidth,9,1024,4,h1024_l4,3684362,14737448,14.054726,300,16,512,1,20,37.120,123.733,0.00000000
trivance-latency,9,1024,4,h1024_l4,3684362,14737448,14.054726,300,16,512,1,20,41.236,137.453,0.00000103
trivance-bandwidth,9,1024,4,h1024_l4,3684362,14737448,14.054726,300,16,512,1,20,38.997,129.991,0.00000000
builtin,9,32,2,h32_l2,17802,71208,0.067909,300,16,512,1,21,1.189,3.962,0.00000000
ring,9,32,2,h32_l2,17802,71208,0.067909,300,16,512,1,21,1.205,4.015,0.00000000
recursive-doubling-latency,9,32,2,h32_l2,17802,71208,0.067909,300,16,512,1,21,0.786,2.620,0.00000000
recursive-doubling-bandwidth,9,32,2,h32_l2,17802,71208,0.067909,300,16,512,1,21,1.015,3.382,0.00000000
swing-latency,9,32,2,h32_l2,17802,71208,0.067909,300,16,512,1,21,0.770,2.568,0.00000006
swing-bandwidth,9,32,2,h32_l2,17802,71208,0.067909,300,16,512,1,21,1.003,3.345,0.00000000
bruck-latency,9,32,2,h32_l2,17802,71208,0.067909,300,16,512,1,21,0.859,2.862,0.00000033
bruck-bandwidth,9,32,2,h32_l2,17802,71208,0.067909,300,16,512,1,21,1.059,3.529,0.00000000
trivance-latency,9,32,2,h32_l2,17802,71208,0.067909,300,16,512,1,21,0.794,2.648,0.00000033
trivance-bandwidth,9,32,2,h32_l2,17802,71208,0.067909,300,16,512,1,21,1.026,3.419,0.00000000
builtin,9,64,2,h64_l2,37642,150568,0.143593,300,16,512,1,21,1.285,4.284,0.00000000
ring,9,64,2,h64_l2,37642,150568,0.143593,300,16,512,1,21,1.354,4.512,0.00000000
recursive-doubling-latency,9,64,2,h64_l2,37642,150568,0.143593,300,16,512,1,21,0.914,3.047,0.00000000
recursive-doubling-bandwidth,9,64,2,h64_l2,37642,150568,0.143593,300,16,512,1,21,1.163,3.878,0.00000000
swing-latency,9,64,2,h64_l2,37642,150568,0.143593,300,16,512,1,21,0.980,3.268,0.00000017
swing-bandwidth,9,64,2,h64_l2,37642,150568,0.143593,300,16,512,1,21,1.173,3.908,0.00000000
bruck-latency,9,64,2,h64_l2,37642,150568,0.143593,300,16,512,1,21,0.954,3.179,0.00000034
bruck-bandwidth,9,64,2,h64_l2,37642,150568,0.143593,300,16,512,1,21,1.218,4.058,0.00000000
trivance-latency,9,64,2,h64_l2,37642,150568,0.143593,300,16,512,1,21,0.949,3.163,0.00000022
trivance-bandwidth,9,64,2,h64_l2,37642,150568,0.143593,300,16,512,1,21,1.144,3.815,0.00000000
builtin,9,128,2,h128_l2,83466,333864,0.318398,300,16,512,1,21,1.502,5.006,0.00000000
ring,9,128,2,h128_l2,83466,333864,0.318398,300,16,512,1,21,1.698,5.661,0.00000000
recursive-doubling-latency,9,128,2,h128_l2,83466,333864,0.318398,300,16,512,1,21,1.391,4.638,0.00000000
recursive-doubling-bandwidth,9,128,2,h128_l2,83466,333864,0.318398,300,16,512,1,21,1.588,5.293,0.00000000
swing-latency,9,128,2,h128_l2,83466,333864,0.318398,300,16,512,1,21,1.463,4.878,0.00000006
swing-bandwidth,9,128,2,h128_l2,83466,333864,0.318398,300,16,512,1,21,1.636,5.452,0.00000000
bruck-latency,9,128,2,h128_l2,83466,333864,0.318398,300,16,512,1,21,1.482,4.939,0.00000135
bruck-bandwidth,9,128,2,h128_l2,83466,333864,0.318398,300,16,512,1,21,1.568,5.228,0.00000000
trivance-latency,9,128,2,h128_l2,83466,333864,0.318398,300,16,512,1,21,1.379,4.596,0.00000402
trivance-bandwidth,9,128,2,h128_l2,83466,333864,0.318398,300,16,512,1,21,1.546,5.154,0.00000000
builtin,9,256,2,h256_l2,199690,798760,0.761757,300,16,512,1,21,2.272,7.574,0.00000000
ring,9,256,2,h256_l2,199690,798760,0.761757,300,16,512,1,21,2.747,9.155,0.00000000
recursive-doubling-latency,9,256,2,h256_l2,199690,798760,0.761757,300,16,512,1,21,2.451,8.171,0.00000000
recursive-doubling-bandwidth,9,256,2,h256_l2,199690,798760,0.761757,300,16,512,1,21,2.953,9.845,0.00000000
swing-latency,9,256,2,h256_l2,199690,798760,0.761757,300,16,512,1,21,2.595,8.650,0.00000012
swing-bandwidth,9,256,2,h256_l2,199690,798760,0.761757,300,16,512,1,21,2.901,9.671,0.00000000
bruck-latency,9,256,2,h256_l2,199690,798760,0.761757,300,16,512,1,21,2.770,9.233,0.00000418
bruck-bandwidth,9,256,2,h256_l2,199690,798760,0.761757,300,16,512,1,21,2.813,9.378,0.00000000
trivance-latency,9,256,2,h256_l2,199690,798760,0.761757,300,16,512,1,21,2.764,9.212,0.00000208
trivance-bandwidth,9,256,2,h256_l2,199690,798760,0.761757,300,16,512,1,21,2.801,9.337,0.00000000
builtin,9,512,2,h512_l2,530442,2121768,2.023476,300,16,512,1,21,4.478,14.926,0.00000000
ring,9,512,2,h512_l2,530442,2121768,2.023476,300,16,512,1,21,5.142,17.140,0.00000000
recursive-doubling-latency,9,512,2,h512_l2,530442,2121768,2.023476,300,16,512,1,21,6.155,20.515,0.00000000
recursive-doubling-bandwidth,9,512,2,h512_l2,530442,2121768,2.023476,300,16,512,1,21,7.148,23.825,0.00000000
swing-latency,9,512,2,h512_l2,530442,2121768,2.023476,300,16,512,1,21,6.120,20.400,0.00000136
swing-bandwidth,9,512,2,h512_l2,530442,2121768,2.023476,300,16,512,1,21,6.775,22.583,0.00000000
bruck-latency,9,512,2,h512_l2,530442,2121768,2.023476,300,16,512,1,21,7.310,24.367,0.00000172
bruck-bandwidth,9,512,2,h512_l2,530442,2121768,2.023476,300,16,512,1,21,5.698,18.994,0.00000000
trivance-latency,9,512,2,h512_l2,530442,2121768,2.023476,300,16,512,1,21,6.456,21.518,0.00000241
trivance-bandwidth,9,512,2,h512_l2,530442,2121768,2.023476,300,16,512,1,21,5.817,19.390,0.00000000
builtin,9,1024,2,h1024_l2,1585162,6340648,6.046913,300,16,512,1,21,12.875,42.916,0.00000000
ring,9,1024,2,h1024_l2,1585162,6340648,6.046913,300,16,512,1,21,16.713,55.708,0.00000000
recursive-doubling-latency,9,1024,2,h1024_l2,1585162,6340648,6.046913,300,16,512,1,21,17.070,56.901,0.00000000
recursive-doubling-bandwidth,9,1024,2,h1024_l2,1585162,6340648,6.046913,300,16,512,1,21,20.210,67.368,0.00000000
swing-latency,9,1024,2,h1024_l2,1585162,6340648,6.046913,300,16,512,1,21,17.886,59.619,0.00000110
swing-bandwidth,9,1024,2,h1024_l2,1585162,6340648,6.046913,300,16,512,1,21,18.858,62.859,0.00000000
bruck-latency,9,1024,2,h1024_l2,1585162,6340648,6.046913,300,16,512,1,21,18.574,61.913,0.00000194
bruck-bandwidth,9,1024,2,h1024_l2,1585162,6340648,6.046913,300,16,512,1,21,18.560,61.865,0.00000000
trivance-latency,9,1024,2,h1024_l2,1585162,6340648,6.046913,300,16,512,1,21,17.881,59.602,0.00000279
trivance-bandwidth,9,1024,2,h1024_l2,1585162,6340648,6.046913,300,16,512,1,21,18.717,62.389,0.00000000
builtin,9,1024,4,h1024_l4,3684362,14737448,14.054726,300,16,512,1,21,27.071,90.236,0.00000000
ring,9,1024,4,h1024_l4,3684362,14737448,14.054726,300,16,512,1,21,32.404,108.013,0.00000000
recursive-doubling-latency,9,1024,4,h1024_l4,3684362,14737448,14.054726,300,16,512,1,21,37.373,124.578,0.00000000
recursive-doubling-bandwidth,9,1024,4,h1024_l4,3684362,14737448,14.054726,300,16,512,1,21,39.556,131.853,0.00000000
swing-latency,9,1024,4,h1024_l4,3684362,14737448,14.054726,300,16,512,1,21,36.286,120.953,0.00000095
swing-bandwidth,9,1024,4,h1024_l4,3684362,14737448,14.054726,300,16,512,1,21,42.391,141.305,0.00000000
bruck-latency,9,1024,4,h1024_l4,3684362,14737448,14.054726,300,16,512,1,21,39.713,132.376,0.00000136
bruck-bandwidth,9,1024,4,h1024_l4,3684362,14737448,14.054726,300,16,512,1,21,38.355,127.851,0.00000000
trivance-latency,9,1024,4,h1024_l4,3684362,14737448,14.054726,300,16,512,1,21,39.024,130.079,0.00000103
trivance-bandwidth,9,1024,4,h1024_l4,3684362,14737448,14.054726,300,16,512,1,21,36.995,123.316,0.00000000
builtin,9,32,2,h32_l2,17802,71208,0.067909,300,16,512,1,22,1.197,3.991,0.00000000
ring,9,32,2,h32_l2,17802,71208,0.067909,300,16,512,1,22,1.215,4.048,0.00000000
recursive-doubling-latency,9,32,2,h32_l2,17802,71208,0.067909,300,16,512,1,22,0.782,2.606,0.00000000
recursive-doubling-bandwidth,9,32,2,h32_l2,17802,71208,0.067909,300,16,512,1,22,1.032,3.439,0.00000000
swing-latency,9,32,2,h32_l2,17802,71208,0.067909,300,16,512,1,22,0.766,2.554,0.00000006
swing-bandwidth,9,32,2,h32_l2,17802,71208,0.067909,300,16,512,1,22,1.052,3.506,0.00000000
bruck-latency,9,32,2,h32_l2,17802,71208,0.067909,300,16,512,1,22,0.807,2.691,0.00000033
bruck-bandwidth,9,32,2,h32_l2,17802,71208,0.067909,300,16,512,1,22,1.028,3.427,0.00000000
trivance-latency,9,32,2,h32_l2,17802,71208,0.067909,300,16,512,1,22,0.801,2.671,0.00000033
trivance-bandwidth,9,32,2,h32_l2,17802,71208,0.067909,300,16,512,1,22,1.007,3.358,0.00000000
builtin,9,64,2,h64_l2,37642,150568,0.143593,300,16,512,1,22,1.238,4.128,0.00000000
ring,9,64,2,h64_l2,37642,150568,0.143593,300,16,512,1,22,1.464,4.879,0.00000000
recursive-doubling-latency,9,64,2,h64_l2,37642,150568,0.143593,300,16,512,1,22,0.887,2.957,0.00000000
recursive-doubling-bandwidth,9,64,2,h64_l2,37642,150568,0.143593,300,16,512,1,22,1.169,3.898,0.00000000
swing-latency,9,64,2,h64_l2,37642,150568,0.143593,300,16,512,1,22,0.933,3.108,0.00000017
swing-bandwidth,9,64,2,h64_l2,37642,150568,0.143593,300,16,512,1,22,1.231,4.102,0.00000000
bruck-latency,9,64,2,h64_l2,37642,150568,0.143593,300,16,512,1,22,0.996,3.321,0.00000034
bruck-bandwidth,9,64,2,h64_l2,37642,150568,0.143593,300,16,512,1,22,1.222,4.072,0.00000000
trivance-latency,9,64,2,h64_l2,37642,150568,0.143593,300,16,512,1,22,0.958,3.193,0.00000022
trivance-bandwidth,9,64,2,h64_l2,37642,150568,0.143593,300,16,512,1,22,1.222,4.073,0.00000000
builtin,9,128,2,h128_l2,83466,333864,0.318398,300,16,512,1,22,1.499,4.997,0.00000000
ring,9,128,2,h128_l2,83466,333864,0.318398,300,16,512,1,22,1.736,5.785,0.00000000
recursive-doubling-latency,9,128,2,h128_l2,83466,333864,0.318398,300,16,512,1,22,1.339,4.464,0.00000000
recursive-doubling-bandwidth,9,128,2,h128_l2,83466,333864,0.318398,300,16,512,1,22,1.660,5.533,0.00000000
swing-latency,9,128,2,h128_l2,83466,333864,0.318398,300,16,512,1,22,1.370,4.568,0.00000006
swing-bandwidth,9,128,2,h128_l2,83466,333864,0.318398,300,16,512,1,22,1.658,5.528,0.00000000
bruck-latency,9,128,2,h128_l2,83466,333864,0.318398,300,16,512,1,22,1.475,4.917,0.00000135
bruck-bandwidth,9,128,2,h128_l2,83466,333864,0.318398,300,16,512,1,22,1.572,5.240,0.00000000
trivance-latency,9,128,2,h128_l2,83466,333864,0.318398,300,16,512,1,22,1.449,4.832,0.00000402
trivance-bandwidth,9,128,2,h128_l2,83466,333864,0.318398,300,16,512,1,22,1.551,5.168,0.00000000
builtin,9,256,2,h256_l2,199690,798760,0.761757,300,16,512,1,22,2.325,7.751,0.00000000
ring,9,256,2,h256_l2,199690,798760,0.761757,300,16,512,1,22,2.822,9.406,0.00000000
recursive-doubling-latency,9,256,2,h256_l2,199690,798760,0.761757,300,16,512,1,22,2.488,8.292,0.00000000
recursive-doubling-bandwidth,9,256,2,h256_l2,199690,798760,0.761757,300,16,512,1,22,2.921,9.738,0.00000000
swing-latency,9,256,2,h256_l2,199690,798760,0.761757,300,16,512,1,22,2.562,8.539,0.00000012
swing-bandwidth,9,256,2,h256_l2,199690,798760,0.761757,300,16,512,1,22,2.903,9.677,0.00000000
bruck-latency,9,256,2,h256_l2,199690,798760,0.761757,300,16,512,1,22,2.826,9.421,0.00000418
bruck-bandwidth,9,256,2,h256_l2,199690,798760,0.761757,300,16,512,1,22,2.876,9.588,0.00000000
trivance-latency,9,256,2,h256_l2,199690,798760,0.761757,300,16,512,1,22,2.738,9.128,0.00000208
trivance-bandwidth,9,256,2,h256_l2,199690,798760,0.761757,300,16,512,1,22,2.753,9.176,0.00000000
builtin,9,512,2,h512_l2,530442,2121768,2.023476,300,16,512,1,22,4.502,15.006,0.00000000
ring,9,512,2,h512_l2,530442,2121768,2.023476,300,16,512,1,22,5.327,17.757,0.00000000
recursive-doubling-latency,9,512,2,h512_l2,530442,2121768,2.023476,300,16,512,1,22,6.022,20.073,0.00000000
recursive-doubling-bandwidth,9,512,2,h512_l2,530442,2121768,2.023476,300,16,512,1,22,6.581,21.937,0.00000000
swing-latency,9,512,2,h512_l2,530442,2121768,2.023476,300,16,512,1,22,6.029,20.098,0.00000136
swing-bandwidth,9,512,2,h512_l2,530442,2121768,2.023476,300,16,512,1,22,6.706,22.355,0.00000000
bruck-latency,9,512,2,h512_l2,530442,2121768,2.023476,300,16,512,1,22,6.554,21.848,0.00000172
bruck-bandwidth,9,512,2,h512_l2,530442,2121768,2.023476,300,16,512,1,22,5.879,19.598,0.00000000
trivance-latency,9,512,2,h512_l2,530442,2121768,2.023476,300,16,512,1,22,6.494,21.647,0.00000241
trivance-bandwidth,9,512,2,h512_l2,530442,2121768,2.023476,300,16,512,1,22,5.400,17.999,0.00000000
builtin,9,1024,2,h1024_l2,1585162,6340648,6.046913,300,16,512,1,22,12.274,40.914,0.00000000
ring,9,1024,2,h1024_l2,1585162,6340648,6.046913,300,16,512,1,22,16.019,53.397,0.00000000
recursive-doubling-latency,9,1024,2,h1024_l2,1585162,6340648,6.046913,300,16,512,1,22,17.452,58.175,0.00000000
recursive-doubling-bandwidth,9,1024,2,h1024_l2,1585162,6340648,6.046913,300,16,512,1,22,19.966,66.555,0.00000000
swing-latency,9,1024,2,h1024_l2,1585162,6340648,6.046913,300,16,512,1,22,16.591,55.303,0.00000110
swing-bandwidth,9,1024,2,h1024_l2,1585162,6340648,6.046913,300,16,512,1,22,18.922,63.075,0.00000000
bruck-latency,9,1024,2,h1024_l2,1585162,6340648,6.046913,300,16,512,1,22,18.446,61.487,0.00000194
bruck-bandwidth,9,1024,2,h1024_l2,1585162,6340648,6.046913,300,16,512,1,22,18.884,62.946,0.00000000
trivance-latency,9,1024,2,h1024_l2,1585162,6340648,6.046913,300,16,512,1,22,18.418,61.394,0.00000279
trivance-bandwidth,9,1024,2,h1024_l2,1585162,6340648,6.046913,300,16,512,1,22,18.619,62.064,0.00000000
builtin,9,1024,4,h1024_l4,3684362,14737448,14.054726,300,16,512,1,22,26.940,89.801,0.00000000
ring,9,1024,4,h1024_l4,3684362,14737448,14.054726,300,16,512,1,22,34.092,113.639,0.00000000
recursive-doubling-latency,9,1024,4,h1024_l4,3684362,14737448,14.054726,300,16,512,1,22,35.477,118.256,0.00000000
recursive-doubling-bandwidth,9,1024,4,h1024_l4,3684362,14737448,14.054726,300,16,512,1,22,42.073,140.244,0.00000000
swing-latency,9,1024,4,h1024_l4,3684362,14737448,14.054726,300,16,512,1,22,37.402,124.674,0.00000095
swing-bandwidth,9,1024,4,h1024_l4,3684362,14737448,14.054726,300,16,512,1,22,41.293,137.644,0.00000000
bruck-latency,9,1024,4,h1024_l4,3684362,14737448,14.054726,300,16,512,1,22,40.287,134.289,0.00000136
bruck-bandwidth,9,1024,4,h1024_l4,3684362,14737448,14.054726,300,16,512,1,22,37.749,125.831,0.00000000
trivance-latency,9,1024,4,h1024_l4,3684362,14737448,14.054726,300,16,512,1,22,38.740,129.133,0.00000103
trivance-bandwidth,9,1024,4,h1024_l4,3684362,14737448,14.054726,300,16,512,1,22,38.057,126.858,0.00000000
builtin,9,32,2,h32_l2,17802,71208,0.067909,300,16,512,1,23,1.177,3.925,0.00000000
ring,9,32,2,h32_l2,17802,71208,0.067909,300,16,512,1,23,1.274,4.247,0.00000000
recursive-doubling-latency,9,32,2,h32_l2,17802,71208,0.067909,300,16,512,1,23,0.772,2.573,0.00000000
recursive-doubling-bandwidth,9,32,2,h32_l2,17802,71208,0.067909,300,16,512,1,23,0.994,3.314,0.00000000
swing-latency,9,32,2,h32_l2,17802,71208,0.067909,300,16,512,1,23,0.774,2.579,0.00000006
swing-bandwidth,9,32,2,h32_l2,17802,71208,0.067909,300,16,512,1,23,1.067,3.556,0.00000000
bruck-latency,9,32,2,h32_l2,17802,71208,0.067909,300,16,512,1,23,0.806,2.687,0.00000033
bruck-bandwidth,9,32,2,h32_l2,17802,71208,0.067909,300,16,512,1,23,1.029,3.429,0.00000000
trivance-latency,9,32,2,h32_l2,17802,71208,0.067909,300,16,512,1,23,0.794,2.647,0.00000033
trivance-bandwidth,9,32,2,h32_l2,17802,71208,0.067909,300,16,512,1,23,1.017,3.390,0.00000000
builtin,9,64,2,h64_l2,37642,150568,0.143593,300,16,512,1,23,1.291,4.305,0.00000000
ring,9,64,2,h64_l2,37642,150568,0.143593,300,16,512,1,23,1.428,4.759,0.00000000
recursive-doubling-latency,9,64,2,h64_l2,37642,150568,0.143593,300,16,512,1,23,0.964,3.213,0.00000000
recursive-doubling-bandwidth,9,64,2,h64_l2,37642,150568,0.143593,300,16,512,1,23,1.156,3.853,0.00000000
swing-latency,9,64,2,h64_l2,37642,150568,0.143593,300,16,512,1,23,0.915,3.050,0.00000017
swing-bandwidth,9,64,2,h64_l2,37642,150568,0.143593,300,16,512,1,23,1.208,4.027,0.00000000
bruck-latency,9,64,2,h64_l2,37642,150568,0.143593,300,16,512,1,23,0.980,3.265,0.00000034
bruck-bandwidth,9,64,2,h64_l2,37642,150568,0.143593,300,16,512,1,23,1.198,3.992,0.00000000
trivance-latency,9,64,2,h64_l2,37642,150568,0.143593,300,16,512,1,23,0.965,3.218,0.00000022
trivance-bandwidth,9,64,2,h64_l2,37642,150568,0.143593,300,16,512,1,23,1.173,3.908,0.00000000
builtin,9,128,2,h128_l2,83466,333864,0.318398,300,16,512,1,23,1.569,5.229,0.00000000
ring,9,128,2,h128_l2,83466,333864,0.318398,300,16,512,1,23,1.693,5.644,0.00000000
recursive-doubling-latency,9,128,2,h128_l2,83466,333864,0.318398,300,16,512,1,23,1.354,4.515,0.00000000
recursive-doubling-bandwidth,9,128,2,h128_l2,83466,333864,0.318398,300,16,512,1,23,1.649,5.497,0.00000000
swing-latency,9,128,2,h128_l2,83466,333864,0.318398,300,16,512,1,23,1.359,4.531,0.00000006
swing-bandwidth,9,128,2,h128_l2,83466,333864,0.318398,300,16,512,1,23,1.594,5.312,0.00000000
bruck-latency,9,128,2,h128_l2,83466,333864,0.318398,300,16,512,1,23,1.492,4.972,0.00000135
bruck-bandwidth,9,128,2,h128_l2,83466,333864,0.318398,300,16,512,1,23,1.505,5.017,0.00000000
trivance-latency,9,128,2,h128_l2,83466,333864,0.318398,300,16,512,1,23,1.473,4.909,0.00000402
trivance-bandwidth,9,128,2,h128_l2,83466,333864,0.318398,300,16,512,1,23,1.510,5.033,0.00000000
builtin,9,256,2,h256_l2,199690,798760,0.761757,300,16,512,1,23,2.285,7.618,0.00000000
ring,9,256,2,h256_l2,199690,798760,0.761757,300,16,512,1,23,2.765,9.215,0.00000000
recursive-doubling-latency,9,256,2,h256_l2,199690,798760,0.761757,300,16,512,1,23,2.540,8.468,0.00000000
recursive-doubling-bandwidth,9,256,2,h256_l2,199690,798760,0.761757,300,16,512,1,23,2.883,9.611,0.00000000
swing-latency,9,256,2,h256_l2,199690,798760,0.761757,300,16,512,1,23,2.449,8.163,0.00000012
swing-bandwidth,9,256,2,h256_l2,199690,798760,0.761757,300,16,512,1,23,3.163,10.542,0.00000000
bruck-latency,9,256,2,h256_l2,199690,798760,0.761757,300,16,512,1,23,2.759,9.197,0.00000418
bruck-bandwidth,9,256,2,h256_l2,199690,798760,0.761757,300,16,512,1,23,2.838,9.460,0.00000000
trivance-latency,9,256,2,h256_l2,199690,798760,0.761757,300,16,512,1,23,2.693,8.977,0.00000208
trivance-bandwidth,9,256,2,h256_l2,199690,798760,0.761757,300,16,512,1,23,2.806,9.353,0.00000000
builtin,9,512,2,h512_l2,530442,2121768,2.023476,300,16,512,1,23,4.278,14.261,0.00000000
ring,9,512,2,h512_l2,530442,2121768,2.023476,300,16,512,1,23,5.232,17.441,0.00000000
recursive-doubling-latency,9,512,2,h512_l2,530442,2121768,2.023476,300,16,512,1,23,6.459,21.529,0.00000000
recursive-doubling-bandwidth,9,512,2,h512_l2,530442,2121768,2.023476,300,16,512,1,23,7.082,23.606,0.00000000
swing-latency,9,512,2,h512_l2,530442,2121768,2.023476,300,16,512,1,23,6.235,20.784,0.00000136
swing-bandwidth,9,512,2,h512_l2,530442,2121768,2.023476,300,16,512,1,23,7.132,23.775,0.00000000
bruck-latency,9,512,2,h512_l2,530442,2121768,2.023476,300,16,512,1,23,6.584,21.947,0.00000172
bruck-bandwidth,9,512,2,h512_l2,530442,2121768,2.023476,300,16,512,1,23,5.753,19.176,0.00000000
trivance-latency,9,512,2,h512_l2,530442,2121768,2.023476,300,16,512,1,23,6.531,21.770,0.00000241
trivance-bandwidth,9,512,2,h512_l2,530442,2121768,2.023476,300,16,512,1,23,5.439,18.130,0.00000000
builtin,9,1024,2,h1024_l2,1585162,6340648,6.046913,300,16,512,1,23,12.691,42.302,0.00000000
ring,9,1024,2,h1024_l2,1585162,6340648,6.046913,300,16,512,1,23,15.609,52.029,0.00000000
recursive-doubling-latency,9,1024,2,h1024_l2,1585162,6340648,6.046913,300,16,512,1,23,17.200,57.332,0.00000000
recursive-doubling-bandwidth,9,1024,2,h1024_l2,1585162,6340648,6.046913,300,16,512,1,23,19.695,65.649,0.00000000
swing-latency,9,1024,2,h1024_l2,1585162,6340648,6.046913,300,16,512,1,23,16.667,55.555,0.00000110
swing-bandwidth,9,1024,2,h1024_l2,1585162,6340648,6.046913,300,16,512,1,23,19.378,64.594,0.00000000
bruck-latency,9,1024,2,h1024_l2,1585162,6340648,6.046913,300,16,512,1,23,19.105,63.684,0.00000194
bruck-bandwidth,9,1024,2,h1024_l2,1585162,6340648,6.046913,300,16,512,1,23,18.126,60.421,0.00000000
trivance-latency,9,1024,2,h1024_l2,1585162,6340648,6.046913,300,16,512,1,23,18.540,61.802,0.00000279
trivance-bandwidth,9,1024,2,h1024_l2,1585162,6340648,6.046913,300,16,512,1,23,18.424,61.414,0.00000000
builtin,9,1024,4,h1024_l4,3684362,14737448,14.054726,300,16,512,1,23,26.707,89.024,0.00000000
ring,9,1024,4,h1024_l4,3684362,14737448,14.054726,300,16,512,1,23,32.464,108.213,0.00000000
recursive-doubling-latency,9,1024,4,h1024_l4,3684362,14737448,14.054726,300,16,512,1,23,35.456,118.185,0.00000000
recursive-doubling-bandwidth,9,1024,4,h1024_l4,3684362,14737448,14.054726,300,16,512,1,23,40.572,135.241,0.00000000
swing-latency,9,1024,4,h1024_l4,3684362,14737448,14.054726,300,16,512,1,23,36.323,121.076,0.00000095
swing-bandwidth,9,1024,4,h1024_l4,3684362,14737448,14.054726,300,16,512,1,23,40.806,136.018,0.00000000
bruck-latency,9,1024,4,h1024_l4,3684362,14737448,14.054726,300,16,512,1,23,42.310,141.032,0.00000136
bruck-bandwidth,9,1024,4,h1024_l4,3684362,14737448,14.054726,300,16,512,1,23,37.366,124.555,0.00000000
trivance-latency,9,1024,4,h1024_l4,3684362,14737448,14.054726,300,16,512,1,23,41.092,136.972,0.00000103
trivance-bandwidth,9,1024,4,h1024_l4,3684362,14737448,14.054726,300,16,512,1,23,37.726,125.755,0.00000000
builtin,9,32,2,h32_l2,17802,71208,0.067909,300,16,512,1,24,1.184,3.945,0.00000000
ring,9,32,2,h32_l2,17802,71208,0.067909,300,16,512,1,24,1.265,4.217,0.00000000
recursive-doubling-latency,9,32,2,h32_l2,17802,71208,0.067909,300,16,512,1,24,0.798,2.659,0.00000000
recursive-doubling-bandwidth,9,32,2,h32_l2,17802,71208,0.067909,300,16,512,1,24,1.028,3.426,0.00000000
swing-latency,9,32,2,h32_l2,17802,71208,0.067909,300,16,512,1,24,0.774,2.581,0.00000006
swing-bandwidth,9,32,2,h32_l2,17802,71208,0.067909,300,16,512,1,24,1.092,3.639,0.00000000
bruck-latency,9,32,2,h32_l2,17802,71208,0.067909,300,16,512,1,24,0.839,2.796,0.00000033
bruck-bandwidth,9,32,2,h32_l2,17802,71208,0.067909,300,16,512,1,24,1.074,3.581,0.00000000
trivance-latency,9,32,2,h32_l2,17802,71208,0.067909,300,16,512,1,24,0.785,2.617,0.00000033
trivance-bandwidth,9,32,2,h32_l2,17802,71208,0.067909,300,16,512,1,24,1.048,3.492,0.00000000
builtin,9,64,2,h64_l2,37642,150568,0.143593,300,16,512,1,24,1.270,4.235,0.00000000
ring,9,64,2,h64_l2,37642,150568,0.143593,300,16,512,1,24,1.430,4.766,0.00000000
recursive-doubling-latency,9,64,2,h64_l2,37642,150568,0.143593,300,16,512,1,24,0.900,3.001,0.00000000
recursive-doubling-bandwidth,9,64,2,h64_l2,37642,150568,0.143593,300,16,512,1,24,1.190,3.965,0.00000000
swing-latency,9,64,2,h64_l2,37642,150568,0.143593,300,16,512,1,24,0.882,2.941,0.00000017
swing-bandwidth,9,64,2,h64_l2,37642,150568,0.143593,300,16,512,1,24,1.186,3.954,0.00000000
bruck-latency,9,64,2,h64_l2,37642,150568,0.143593,300,16,512,1,24,0.973,3.243,0.00000034
bruck-bandwidth,9,64,2,h64_l2,37642,150568,0.143593,300,16,512,1,24,1.189,3.962,0.00000000
trivance-latency,9,64,2,h64_l2,37642,150568,0.143593,300,16,512,1,24,0.947,3.157,0.00000022
trivance-bandwidth,9,64,2,h64_l2,37642,150568,0.143593,300,16,512,1,24,1.164,3.880,0.00000000
builtin,9,128,2,h128_l2,83466,333864,0.318398,300,16,512,1,24,1.510,5.035,0.00000000
ring,9,128,2,h128_l2,83466,333864,0.318398,300,16,512,1,24,1.705,5.684,0.00000000
recursive-doubling-latency,9,128,2,h128_l2,83466,333864,0.318398,300,16,512,1,24,1.343,4.478,0.00000000
recursive-doubling-bandwidth,9,128,2,h128_l2,83466,333864,0.318398,300,16,512,1,24,1.661,5.537,0.00000000
swing-latency,9,128,2,h128_l2,83466,333864,0.318398,300,16,512,1,24,1.361,4.536,0.00000006
swing-bandwidth,9,128,2,h128_l2,83466,333864,0.318398,300,16,512,1,24,1.676,5.587,0.00000000
bruck-latency,9,128,2,h128_l2,83466,333864,0.318398,300,16,512,1,24,1.505,5.015,0.00000135
bruck-bandwidth,9,128,2,h128_l2,83466,333864,0.318398,300,16,512,1,24,1.656,5.521,0.00000000
trivance-latency,9,128,2,h128_l2,83466,333864,0.318398,300,16,512,1,24,1.487,4.956,0.00000402
trivance-bandwidth,9,128,2,h128_l2,83466,333864,0.318398,300,16,512,1,24,1.593,5.308,0.00000000
builtin,9,256,2,h256_l2,199690,798760,0.761757,300,16,512,1,24,2.325,7.750,0.00000000
ring,9,256,2,h256_l2,199690,798760,0.761757,300,16,512,1,24,2.825,9.418,0.00000000
recursive-doubling-latency,9,256,2,h256_l2,199690,798760,0.761757,300,16,512,1,24,2.628,8.761,0.00000000
recursive-doubling-bandwidth,9,256,2,h256_l2,199690,798760,0.761757,300,16,512,1,24,2.878,9.592,0.00000000
swing-latency,9,256,2,h256_l2,199690,798760,0.761757,300,16,512,1,24,2.593,8.642,0.00000012
swing-bandwidth,9,256,2,h256_l2,199690,798760,0.761757,300,16,512,1,24,2.762,9.205,0.00000000
bruck-latency,9,256,2,h256_l2,199690,798760,0.761757,300,16,512,1,24,2.814,9.381,0.00000418
bruck-bandwidth,9,256,2,h256_l2,199690,798760,0.761757,300,16,512,1,24,2.835,9.449,0.00000000
trivance-latency,9,256,2,h256_l2,199690,798760,0.761757,300,16,512,1,24,2.764,9.213,0.00000208
trivance-bandwidth,9,256,2,h256_l2,199690,798760,0.761757,300,16,512,1,24,2.804,9.346,0.00000000
builtin,9,512,2,h512_l2,530442,2121768,2.023476,300,16,512,1,24,4.435,14.785,0.00000000
ring,9,512,2,h512_l2,530442,2121768,2.023476,300,16,512,1,24,5.178,17.258,0.00000000
recursive-doubling-latency,9,512,2,h512_l2,530442,2121768,2.023476,300,16,512,1,24,6.001,20.004,0.00000000
recursive-doubling-bandwidth,9,512,2,h512_l2,530442,2121768,2.023476,300,16,512,1,24,6.809,22.695,0.00000000
swing-latency,9,512,2,h512_l2,530442,2121768,2.023476,300,16,512,1,24,6.160,20.532,0.00000136
swing-bandwidth,9,512,2,h512_l2,530442,2121768,2.023476,300,16,512,1,24,7.015,23.382,0.00000000
bruck-latency,9,512,2,h512_l2,530442,2121768,2.023476,300,16,512,1,24,6.685,22.283,0.00000172
bruck-bandwidth,9,512,2,h512_l2,530442,2121768,2.023476,300,16,512,1,24,5.851,19.503,0.00000000
trivance-latency,9,512,2,h512_l2,530442,2121768,2.023476,300,16,512,1,24,6.629,22.095,0.00000241
trivance-bandwidth,9,512,2,h512_l2,530442,2121768,2.023476,300,16,512,1,24,5.761,19.205,0.00000000
builtin,9,1024,2,h1024_l2,1585162,6340648,6.046913,300,16,512,1,24,12.895,42.985,0.00000000
ring,9,1024,2,h1024_l2,1585162,6340648,6.046913,300,16,512,1,24,16.106,53.686,0.00000000
recursive-doubling-latency,9,1024,2,h1024_l2,1585162,6340648,6.046913,300,16,512,1,24,17.593,58.643,0.00000000
recursive-doubling-bandwidth,9,1024,2,h1024_l2,1585162,6340648,6.046913,300,16,512,1,24,19.269,64.230,0.00000000
swing-latency,9,1024,2,h1024_l2,1585162,6340648,6.046913,300,16,512,1,24,17.179,57.262,0.00000110
swing-bandwidth,9,1024,2,h1024_l2,1585162,6340648,6.046913,300,16,512,1,24,21.676,72.255,0.00000000
bruck-latency,9,1024,2,h1024_l2,1585162,6340648,6.046913,300,16,512,1,24,19.233,64.111,0.00000194
bruck-bandwidth,9,1024,2,h1024_l2,1585162,6340648,6.046913,300,16,512,1,24,19.159,63.863,0.00000000
trivance-latency,9,1024,2,h1024_l2,1585162,6340648,6.046913,300,16,512,1,24,18.931,63.102,0.00000279
trivance-bandwidth,9,1024,2,h1024_l2,1585162,6340648,6.046913,300,16,512,1,24,18.538,61.795,0.00000000
builtin,9,1024,4,h1024_l4,3684362,14737448,14.054726,300,16,512,1,24,27.207,90.690,0.00000000
ring,9,1024,4,h1024_l4,3684362,14737448,14.054726,300,16,512,1,24,34.300,114.332,0.00000000
recursive-doubling-latency,9,1024,4,h1024_l4,3684362,14737448,14.054726,300,16,512,1,24,37.494,124.981,0.00000000
recursive-doubling-bandwidth,9,1024,4,h1024_l4,3684362,14737448,14.054726,300,16,512,1,24,40.618,135.394,0.00000000
swing-latency,9,1024,4,h1024_l4,3684362,14737448,14.054726,300,16,512,1,24,37.038,123.461,0.00000095
swing-bandwidth,9,1024,4,h1024_l4,3684362,14737448,14.054726,300,16,512,1,24,40.446,134.819,0.00000000
bruck-latency,9,1024,4,h1024_l4,3684362,14737448,14.054726,300,16,512,1,24,41.659,138.865,0.00000136
bruck-bandwidth,9,1024,4,h1024_l4,3684362,14737448,14.054726,300,16,512,1,24,37.734,125.780,0.00000000
trivance-latency,9,1024,4,h1024_l4,3684362,14737448,14.054726,300,16,512,1,24,40.218,134.059,0.00000103
trivance-bandwidth,9,1024,4,h1024_l4,3684362,14737448,14.054726,300,16,512,1,24,36.960,123.199,0.00000000
builtin,9,32,2,h32_l2,17802,71208,0.067909,300,16,512,1,25,1.188,3.960,0.00000000
ring,9,32,2,h32_l2,17802,71208,0.067909,300,16,512,1,25,1.253,4.176,0.00000000
recursive-doubling-latency,9,32,2,h32_l2,17802,71208,0.067909,300,16,512,1,25,0.792,2.639,0.00000000
recursive-doubling-bandwidth,9,32,2,h32_l2,17802,71208,0.067909,300,16,512,1,25,1.046,3.487,0.00000000
swing-latency,9,32,2,h32_l2,17802,71208,0.067909,300,16,512,1,25,0.809,2.696,0.00000006
swing-bandwidth,9,32,2,h32_l2,17802,71208,0.067909,300,16,512,1,25,1.031,3.435,0.00000000
bruck-latency,9,32,2,h32_l2,17802,71208,0.067909,300,16,512,1,25,0.832,2.774,0.00000033
bruck-bandwidth,9,32,2,h32_l2,17802,71208,0.067909,300,16,512,1,25,1.096,3.652,0.00000000
trivance-latency,9,32,2,h32_l2,17802,71208,0.067909,300,16,512,1,25,0.810,2.701,0.00000033
trivance-bandwidth,9,32,2,h32_l2,17802,71208,0.067909,300,16,512,1,25,1.049,3.498,0.00000000
builtin,9,64,2,h64_l2,37642,150568,0.143593,300,16,512,1,25,1.254,4.179,0.00000000
ring,9,64,2,h64_l2,37642,150568,0.143593,300,16,512,1,25,1.362,4.538,0.00000000
recursive-doubling-latency,9,64,2,h64_l2,37642,150568,0.143593,300,16,512,1,25,0.922,3.072,0.00000000
recursive-doubling-bandwidth,9,64,2,h64_l2,37642,150568,0.143593,300,16,512,1,25,1.178,3.927,0.00000000
swing-latency,9,64,2,h64_l2,37642,150568,0.143593,300,16,512,1,25,0.903,3.009,0.00000017
swing-bandwidth,9,64,2,h64_l2,37642,150568,0.143593,300,16,512,1,25,1.241,4.137,0.00000000
bruck-latency,9,64,2,h64_l2,37642,150568,0.143593,300,16,512,1,25,0.954,3.182,0.00000034
bruck-bandwidth,9,64,2,h64_l2,37642,150568,0.143593,300,16,512,1,25,1.203,4.010,0.00000000
trivance-latency,9,64,2,h64_l2,37642,150568,0.143593,300,16,512,1,25,0.993,3.311,0.00000022
trivance-bandwidth,9,64,2,h64_l2,37642,150568,0.143593,300,16,512,1,25,1.158,3.861,0.00000000
builtin,9,128,2,h128_l2,83466,333864,0.318398,300,16,512,1,25,1.519,5.064,0.00000000
ring,9,128,2,h128_l2,83466,333864,0.318398,300,16,512,1,25,1.731,5.769,0.00000000
recursive-doubling-latency,9,128,2,h128_l2,83466,333864,0.318398,300,16,512,1,25,1.378,4.595,0.00000000
recursive-doubling-bandwidth,9,128,2,h128_l2,83466,333864,0.318398,300,16,512,1,25,1.724,5.745,0.00000000
swing-latency,9,128,2,h128_l2,83466,333864,0.318398,300,16,512,1,25,1.300,4.334,0.00000006
swing-bandwidth,9,128,2,h128_l2,83466,333864,0.318398,300,16,512,1,25,1.674,5.581,0.00000000
bruck-latency,9,128,2,h128_l2,83466,333864,0.318398,300,16,512,1,25,1.442,4.806,0.00000135
bruck-bandwidth,9,128,2,h128_l2,83466,333864,0.318398,300,16,512,1,25,1.557,5.190,0.00000000
trivance-latency,9,128,2,h128_l2,83466,333864,0.318398,300,16,512,1,25,1.487,4.955,0.00000402
trivance-bandwidth,9,128,2,h128_l2,83466,333864,0.318398,300,16,512,1,25,1.541,5.137,0.00000000
builtin,9,256,2,h256_l2,199690,798760,0.761757,300,16,512,1,25,2.261,7.537,0.00000000
ring,9,256,2,h256_l2,199690,798760,0.761757,300,16,512,1,25,2.915,9.715,0.00000000
recursive-doubling-latency,9,256,2,h256_l2,199690,798760,0.761757,300,16,512,1,25,2.519,8.397,0.00000000
recursive-doubling-bandwidth,9,256,2,h256_l2,199690,798760,0.761757,300,16,512,1,25,2.907,9.689,0.00000000
swing-latency,9,256,2,h256_l2,199690,798760,0.761757,300,16,512,1,25,2.514,8.380,0.00000012
swing-bandwidth,9,256,2,h256_l2,199690,798760,0.761757,300,16,512,1,25,2.883,9.608,0.00000000
bruck-latency,9,256,2,h256_l2,199690,798760,0.761757,300,16,512,1,25,2.765,9.216,0.00000418
bruck-bandwidth,9,256,2,h256_l2,199690,798760,0.761757,300,16,512,1,25,2.947,9.824,0.00000000
trivance-latency,9,256,2,h256_l2,199690,798760,0.761757,300,16,512,1,25,2.679,8.929,0.00000208
trivance-bandwidth,9,256,2,h256_l2,199690,798760,0.761757,300,16,512,1,25,2.850,9.498,0.00000000
builtin,9,512,2,h512_l2,530442,2121768,2.023476,300,16,512,1,25,4.421,14.737,0.00000000
ring,9,512,2,h512_l2,530442,2121768,2.023476,300,16,512,1,25,5.230,17.434,0.00000000
recursive-doubling-latency,9,512,2,h512_l2,530442,2121768,2.023476,300,16,512,1,25,6.124,20.414,0.00000000
recursive-doubling-bandwidth,9,512,2,h512_l2,530442,2121768,2.023476,300,16,512,1,25,7.178,23.928,0.00000000
swing-latency,9,512,2,h512_l2,530442,2121768,2.023476,300,16,512,1,25,5.989,19.963,0.00000136
swing-bandwidth,9,512,2,h512_l2,530442,2121768,2.023476,300,16,512,1,25,6.762,22.540,0.00000000
bruck-latency,9,512,2,h512_l2,530442,2121768,2.023476,300,16,512,1,25,6.516,21.721,0.00000172
bruck-bandwidth,9,512,2,h512_l2,530442,2121768,2.023476,300,16,512,1,25,5.664,18.878,0.00000000
trivance-latency,9,512,2,h512_l2,530442,2121768,2.023476,300,16,512,1,25,6.702,22.340,0.00000241
trivance-bandwidth,9,512,2,h512_l2,530442,2121768,2.023476,300,16,512,1,25,5.646,18.820,0.00000000
builtin,9,1024,2,h1024_l2,1585162,6340648,6.046913,300,16,512,1,25,12.724,42.413,0.00000000
ring,9,1024,2,h1024_l2,1585162,6340648,6.046913,300,16,512,1,25,15.868,52.893,0.00000000
recursive-doubling-latency,9,1024,2,h1024_l2,1585162,6340648,6.046913,300,16,512,1,25,16.739,55.796,0.00000000
recursive-doubling-bandwidth,9,1024,2,h1024_l2,1585162,6340648,6.046913,300,16,512,1,25,19.457,64.857,0.00000000
swing-latency,9,1024,2,h1024_l2,1585162,6340648,6.046913,300,16,512,1,25,17.061,56.869,0.00000110
swing-bandwidth,9,1024,2,h1024_l2,1585162,6340648,6.046913,300,16,512,1,25,19.715,65.716,0.00000000
bruck-latency,9,1024,2,h1024_l2,1585162,6340648,6.046913,300,16,512,1,25,18.739,62.464,0.00000194
bruck-bandwidth,9,1024,2,h1024_l2,1585162,6340648,6.046913,300,16,512,1,25,18.914,63.047,0.00000000
trivance-latency,9,1024,2,h1024_l2,1585162,6340648,6.046913,300,16,512,1,25,18.402,61.341,0.00000279
trivance-bandwidth,9,1024,2,h1024_l2,1585162,6340648,6.046913,300,16,512,1,25,18.353,61.175,0.00000000
builtin,9,1024,4,h1024_l4,3684362,14737448,14.054726,300,16,512,1,25,27.716,92.388,0.00000000
ring,9,1024,4,h1024_l4,3684362,14737448,14.054726,300,16,512,1,25,35.617,118.722,0.00000000
recursive-doubling-latency,9,1024,4,h1024_l4,3684362,14737448,14.054726,300,16,512,1,25,36.566,121.888,0.00000000
recursive-doubling-bandwidth,9,1024,4,h1024_l4,3684362,14737448,14.054726,300,16,512,1,25,40.609,135.363,0.00000000
swing-latency,9,1024,4,h1024_l4,3684362,14737448,14.054726,300,16,512,1,25,37.277,124.256,0.00000095
swing-bandwidth,9,1024,4,h1024_l4,3684362,14737448,14.054726,300,16,512,1,25,42.425,141.415,0.00000000
bruck-latency,9,1024,4,h1024_l4,3684362,14737448,14.054726,300,16,512,1,25,42.849,142.831,0.00000136
bruck-bandwidth,9,1024,4,h1024_l4,3684362,14737448,14.054726,300,16,512,1,25,37.964,126.545,0.00000000
trivance-latency,9,1024,4,h1024_l4,3684362,14737448,14.054726,300,16,512,1,25,38.639,128.797,0.00000103
trivance-bandwidth,9,1024,4,h1024_l4,3684362,14737448,14.054726,300,16,512,1,25,36.699,122.330,0.00000000
builtin,9,32,2,h32_l2,17802,71208,0.067909,300,16,512,1,26,1.210,4.035,0.00000000
ring,9,32,2,h32_l2,17802,71208,0.067909,300,16,512,1,26,1.258,4.193,0.00000000
recursive-doubling-latency,9,32,2,h32_l2,17802,71208,0.067909,300,16,512,1,26,0.788,2.628,0.00000000
recursive-doubling-bandwidth,9,32,2,h32_l2,17802,71208,0.067909,300,16,512,1,26,1.029,3.429,0.00000000
swing-latency,9,32,2,h32_l2,17802,71208,0.067909,300,16,512,1,26,0.791,2.636,0.00000006
swing-bandwidth,9,32,2,h32_l2,17802,71208,0.067909,300,16,512,1,26,1.060,3.532,0.00000000
bruck-latency,9,32,2,h32_l2,17802,71208,0.067909,300,16,512,1,26,0.808,2.692,0.00000033
bruck-bandwidth,9,32,2,h32_l2,17802,71208,0.067909,300,16,512,1,26,1.013,3.377,0.00000000
trivance-latency,9,32,2,h32_l2,17802,71208,0.067909,300,16,512,1,26,0.808,2.693,0.00000033
trivance-bandwidth,9,32,2,h32_l2,17802,71208,0.067909,300,16,512,1,26,1.022,3.405,0.00000000
builtin,9,64,2,h64_l2,37642,150568,0.143593,300,16,512,1,26,1.283,4.276,0.00000000
ring,9,64,2,h64_l2,37642,150568,0.143593,300,16,512,1,26,1.405,4.682,0.00000000
recursive-doubling-latency,9,64,2,h64_l2,37642,150568,0.143593,300,16,512,1,26,0.934,3.114,0.00000000
recursive-doubling-bandwidth,9,64,2,h64_l2,37642,150568,0.143593,300,16,512,1,26,1.164,3.880,0.00000000
swing-latency,9,64,2,h64_l2,37642,150568,0.143593,300,16,512,1,26,0.925,3.085,0.00000017
swing-bandwidth,9,64,2,h64_l2,37642,150568,0.143593,300,16,512,1,26,1.194,3.979,0.00000000
bruck-latency,9,64,2,h64_l2,37642,150568,0.143593,300,16,512,1,26,0.976,3.255,0.00000034
bruck-bandwidth,9,64,2,h64_l2,37642,150568,0.143593,300,16,512,1,26,1.248,4.159,0.00000000
trivance-latency,9,64,2,h64_l2,37642,150568,0.143593,300,16,512,1,26,0.977,3.257,0.00000022
trivance-bandwidth,9,64,2,h64_l2,37642,150568,0.143593,300,16,512,1,26,1.193,3.975,0.00000000
builtin,9,128,2,h128_l2,83466,333864,0.318398,300,16,512,1,26,1.516,5.053,0.00000000
ring,9,128,2,h128_l2,83466,333864,0.318398,300,16,512,1,26,1.725,5.750,0.00000000
recursive-doubling-latency,9,128,2,h128_l2,83466,333864,0.318398,300,16,512,1,26,1.342,4.473,0.00000000
recursive-doubling-bandwidth,9,128,2,h128_l2,83466,333864,0.318398,300,16,512,1,26,1.636,5.454,0.00000000
swing-latency,9,128,2,h128_l2,83466,333864,0.318398,300,16,512,1,26,1.323,4.409,0.00000006
swing-bandwidth,9,128,2,h128_l2,83466,333864,0.318398,300,16,512,1,26,1.614,5.380,0.00000000
bruck-latency,9,128,2,h128_l2,83466,333864,0.318398,300,16,512,1,26,1.521,5.070,0.00000135
bruck-bandwidth,9,128,2,h128_l2,83466,333864,0.318398,300,16,512,1,26,1.590,5.299,0.00000000
trivance-latency,9,128,2,h128_l2,83466,333864,0.318398,300,16,512,1,26,1.542,5.141,0.00000402
trivance-bandwidth,9,128,2,h128_l2,83466,333864,0.318398,300,16,512,1,26,1.487,4.955,0.00000000
builtin,9,256,2,h256_l2,199690,798760,0.761757,300,16,512,1,26,2.278,7.595,0.00000000
ring,9,256,2,h256_l2,199690,798760,0.761757,300,16,512,1,26,2.868,9.561,0.00000000
recursive-doubling-latency,9,256,2,h256_l2,199690,798760,0.761757,300,16,512,1,26,2.541,8.470,0.00000000
recursive-doubling-bandwidth,9,256,2,h256_l2,199690,798760,0.761757,300,16,512,1,26,2.873,9.578,0.00000000
swing-latency,9,256,2,h256_l2,199690,798760,0.761757,300,16,512,1,26,2.604,8.681,0.00000012
swing-bandwidth,9,256,2,h256_l2,199690,798760,0.761757,300,16,512,1,26,2.836,9.452,0.00000000
bruck-latency,9,256,2,h256_l2,199690,798760,0.761757,300,16,512,1,26,2.934,9.778,0.00000418
bruck-bandwidth,9,256,2,h256_l2,199690,798760,0.761757,300,16,512,1,26,2.799,9.331,0.00000000
trivance-latency,9,256,2,h256_l2,199690,798760,0.761757,300,16,512,1,26,2.755,9.184,0.00000208
trivance-bandwidth,9,256,2,h256_l2,199690,798760,0.761757,300,16,512,1,26,2.747,9.155,0.00000000
builtin,9,512,2,h512_l2,530442,2121768,2.023476,300,16,512,1,26,4.722,15.739,0.00000000
ring,9,512,2,h512_l2,530442,2121768,2.023476,300,16,512,1,26,5.318,17.727,0.00000000
recursive-doubling-latency,9,512,2,h512_l2,530442,2121768,2.023476,300,16,512,1,26,6.145,20.483,0.00000000
recursive-doubling-bandwidth,9,512,2,h512_l2,530442,2121768,2.023476,300,16,512,1,26,6.939,23.129,0.00000000
swing-latency,9,512,2,h512_l2,530442,2121768,2.023476,300,16,512,1,26,6.186,20.619,0.00000136
swing-bandwidth,9,512,2,h512_l2,530442,2121768,2.023476,300,16,512,1,26,6.732,22.440,0.00000000
bruck-latency,9,512,2,h512_l2,530442,2121768,2.023476,300,16,512,1,26,6.575,21.916,0.00000172
bruck-bandwidth,9,512,2,h512_l2,530442,2121768,2.023476,300,16,512,1,26,5.886,19.621,0.00000000
trivance-latency,9,512,2,h512_l2,530442,2121768,2.023476,300,16,512,1,26,6.685,22.283,0.00000241
trivance-bandwidth,9,512,2,h512_l2,530442,2121768,2.023476,300,16,512,1,26,5.704,19.014,0.00000000
builtin,9,1024,2,h1024_l2,1585162,6340648,6.046913,300,16,512,1,26,12.420,41.400,0.00000000
ring,9,1024,2,h1024_l2,1585162,6340648,6.046913,300,16,512,1,26,15.993,53.311,0.00000000
recursive-doubling-latency,9,1024,2,h1024_l2,1585162,6340648,6.046913,300,16,512,1,26,17.097,56.990,0.00000000
recursive-doubling-bandwidth,9,1024,2,h1024_l2,1585162,6340648,6.046913,300,16,512,1,26,21.077,70.256,0.00000000
swing-latency,9,1024,2,h1024_l2,1585162,6340648,6.046913,300,16,512,1,26,17.014,56.713,0.00000110
swing-bandwidth,9,1024,2,h1024_l2,1585162,6340648,6.046913,300,16,512,1,26,20.480,68.265,0.00000000
bruck-latency,9,1024,2,h1024_l2,1585162,6340648,6.046913,300,16,512,1,26,18.552,61.838,0.00000194
bruck-bandwidth,9,1024,2,h1024_l2,1585162,6340648,6.046913,300,16,512,1,26,18.229,60.764,0.00000000
trivance-latency,9,1024,2,h1024_l2,1585162,6340648,6.046913,300,16,512,1,26,18.339,61.131,0.00000279
trivance-bandwidth,9,1024,2,h1024_l2,1585162,6340648,6.046913,300,16,512,1,26,17.454,58.180,0.00000000
builtin,9,1024,4,h1024_l4,3684362,14737448,14.054726,300,16,512,1,26,26.173,87.244,0.00000000
ring,9,1024,4,h1024_l4,3684362,14737448,14.054726,300,16,512,1,26,32.607,108.689,0.00000000
recursive-doubling-latency,9,1024,4,h1024_l4,3684362,14737448,14.054726,300,16,512,1,26,37.721,125.737,0.00000000
recursive-doubling-bandwidth,9,1024,4,h1024_l4,3684362,14737448,14.054726,300,16,512,1,26,40.796,135.986,0.00000000
swing-latency,9,1024,4,h1024_l4,3684362,14737448,14.054726,300,16,512,1,26,36.618,122.059,0.00000095
swing-bandwidth,9,1024,4,h1024_l4,3684362,14737448,14.054726,300,16,512,1,26,38.547,128.490,0.00000000
bruck-latency,9,1024,4,h1024_l4,3684362,14737448,14.054726,300,16,512,1,26,39.645,132.148,0.00000136
bruck-bandwidth,9,1024,4,h1024_l4,3684362,14737448,14.054726,300,16,512,1,26,37.657,125.525,0.00000000
trivance-latency,9,1024,4,h1024_l4,3684362,14737448,14.054726,300,16,512,1,26,40.341,134.470,0.00000103
trivance-bandwidth,9,1024,4,h1024_l4,3684362,14737448,14.054726,300,16,512,1,26,37.396,124.652,0.00000000
builtin,9,32,2,h32_l2,17802,71208,0.067909,300,16,512,1,27,1.214,4.045,0.00000000
ring,9,32,2,h32_l2,17802,71208,0.067909,300,16,512,1,27,1.234,4.115,0.00000000
recursive-doubling-latency,9,32,2,h32_l2,17802,71208,0.067909,300,16,512,1,27,0.735,2.449,0.00000000
recursive-doubling-bandwidth,9,32,2,h32_l2,17802,71208,0.067909,300,16,512,1,27,1.025,3.418,0.00000000
swing-latency,9,32,2,h32_l2,17802,71208,0.067909,300,16,512,1,27,0.805,2.683,0.00000006
swing-bandwidth,9,32,2,h32_l2,17802,71208,0.067909,300,16,512,1,27,1.024,3.413,0.00000000
bruck-latency,9,32,2,h32_l2,17802,71208,0.067909,300,16,512,1,27,0.807,2.690,0.00000033
bruck-bandwidth,9,32,2,h32_l2,17802,71208,0.067909,300,16,512,1,27,1.041,3.471,0.00000000
trivance-latency,9,32,2,h32_l2,17802,71208,0.067909,300,16,512,1,27,0.783,2.609,0.00000033
trivance-bandwidth,9,32,2,h32_l2,17802,71208,0.067909,300,16,512,1,27,1.028,3.425,0.00000000
builtin,9,64,2,h64_l2,37642,150568,0.143593,300,16,512,1,27,1.301,4.336,0.00000000
ring,9,64,2,h64_l2,37642,150568,0.143593,300,16,512,1,27,1.360,4.532,0.00000000
recursive-doubling-latency,9,64,2,h64_l2,37642,150568,0.143593,300,16,512,1,27,0.904,3.015,0.00000000
recursive-doubling-bandwidth,9,64,2,h64_l2,37642,150568,0.143593,300,16,512,1,27,1.211,4.037,0.00000000
swing-latency,9,64,2,h64_l2,37642,150568,0.143593,300,16,512,1,27,0.927,3.089,0.00000017
swing-bandwidth,9,64,2,h64_l2,37642,150568,0.143593,300,16,512,1,27,1.227,4.090,0.00000000
bruck-latency,9,64,2,h64_l2,37642,150568,0.143593,300,16,512,1,27,0.998,3.327,0.00000034
bruck-bandwidth,9,64,2,h64_l2,37642,150568,0.143593,300,16,512,1,27,1.215,4.049,0.00000000
trivance-latency,9,64,2,h64_l2,37642,150568,0.143593,300,16,512,1,27,0.940,3.133,0.00000022
trivance-bandwidth,9,64,2,h64_l2,37642,150568,0.143593,300,16,512,1,27,1.177,3.925,0.00000000
builtin,9,128,2,h128_l2,83466,333864,0.318398,300,16,512,1,27,1.510,5.033,0.00000000
ring,9,128,2,h128_l2,83466,333864,0.318398,300,16,512,1,27,1.703,5.675,0.00000000
recursive-doubling-latency,9,128,2,h128_l2,83466,333864,0.318398,300,16,512,1,27,1.400,4.666,0.00000000
recursive-doubling-bandwidth,9,128,2,h128_l2,83466,333864,0.318398,300,16,512,1,27,1.521,5.071,0.00000000
swing-latency,9,128,2,h128_l2,83466,333864,0.318398,300,16,512,1,27,1.363,4.545,0.00000006
swing-bandwidth,9,128,2,h128_l2,83466,333864,0.318398,300,16,512,1,27,1.580,5.265,0.00000000
bruck-latency,9,128,2,h128_l2,83466,333864,0.318398,300,16,512,1,27,1.430,4.766,0.00000135
bruck-bandwidth,9,128,2,h128_l2,83466,333864,0.318398,300,16,512,1,27,1.567,5.224,0.00000000
trivance-latency,9,128,2,h128_l2,83466,333864,0.318398,300,16,512,1,27,1.504,5.014,0.00000402
trivance-bandwidth,9,128,2,h128_l2,83466,333864,0.318398,300,16,512,1,27,1.498,4.994,0.00000000
builtin,9,256,2,h256_l2,199690,798760,0.761757,300,16,512,1,27,2.306,7.685,0.00000000
ring,9,256,2,h256_l2,199690,798760,0.761757,300,16,512,1,27,2.749,9.164,0.00000000
recursive-doubling-latency,9,256,2,h256_l2,199690,798760,0.761757,300,16,512,1,27,2.497,8.324,0.00000000
recursive-doubling-bandwidth,9,256,2,h256_l2,199690,798760,0.761757,300,16,512,1,27,3.019,10.063,0.00000000
swing-latency,9,256,2,h256_l2,199690,798760,0.761757,300,16,512,1,27,2.467,8.224,0.00000012
swing-bandwidth,9,256,2,h256_l2,199690,798760,0.761757,300,16,512,1,27,2.945,9.816,0.00000000
bruck-latency,9,256,2,h256_l2,199690,798760,0.761757,300,16,512,1,27,2.808,9.359,0.00000418
bruck-bandwidth,9,256,2,h256_l2,199690,798760,0.761757,300,16,512,1,27,2.838,9.459,0.00000000
trivance-latency,9,256,2,h256_l2,199690,798760,0.761757,300,16,512,1,27,2.734,9.113,0.00000208
trivance-bandwidth,9,256,2,h256_l2,199690,798760,0.761757,300,16,512,1,27,2.772,9.238,0.00000000
builtin,9,512,2,h512_l2,530442,2121768,2.023476,300,16,512,1,27,4.453,14.842,0.00000000
ring,9,512,2,h512_l2,530442,2121768,2.023476,300,16,512,1,27,5.081,16.936,0.00000000
recursive-doubling-latency,9,512,2,h512_l2,530442,2121768,2.023476,300,16,512,1,27,5.701,19.005,0.00000000
recursive-doubling-bandwidth,9,512,2,h512_l2,530442,2121768,2.023476,300,16,512,1,27,6.921,23.071,0.00000000
swing-latency,9,512,2,h512_l2,530442,2121768,2.023476,300,16,512,1,27,6.081,20.270,0.00000136
swing-bandwidth,9,512,2,h512_l2,530442,2121768,2.023476,300,16,512,1,27,7.227,24.091,0.00000000
bruck-latency,9,512,2,h512_l2,530442,2121768,2.023476,300,16,512,1,27,6.742,22.472,0.00000172
bruck-bandwidth,9,512,2,h512_l2,530442,2121768,2.023476,300,16,512,1,27,5.830,19.435,0.00000000
trivance-latency,9,512,2,h512_l2,530442,2121768,2.023476,300,16,512,1,27,6.675,22.251,0.00000241
trivance-bandwidth,9,512,2,h512_l2,530442,2121768,2.023476,300,16,512,1,27,5.661,18.869,0.00000000
builtin,9,1024,2,h1024_l2,1585162,6340648,6.046913,300,16,512,1,27,12.688,42.292,0.00000000
ring,9,1024,2,h1024_l2,1585162,6340648,6.046913,300,16,512,1,27,16.252,54.174,0.00000000
recursive-doubling-latency,9,1024,2,h1024_l2,1585162,6340648,6.046913,300,16,512,1,27,17.884,59.612,0.00000000
recursive-doubling-bandwidth,9,1024,2,h1024_l2,1585162,6340648,6.046913,300,16,512,1,27,19.208,64.028,0.00000000
swing-latency,9,1024,2,h1024_l2,1585162,6340648,6.046913,300,16,512,1,27,16.970,56.568,0.00000110
swing-bandwidth,9,1024,2,h1024_l2,1585162,6340648,6.046913,300,16,512,1,27,18.617,62.058,0.00000000
bruck-latency,9,1024,2,h1024_l2,1585162,6340648,6.046913,300,16,512,1,27,19.073,63.575,0.00000194
bruck-bandwidth,9,1024,2,h1024_l2,1585162,6340648,6.046913,300,16,512,1,27,19.168,63.892,0.00000000
trivance-latency,9,1024,2,h1024_l2,1585162,6340648,6.046913,300,16,512,1,27,18.803,62.677,0.00000279
trivance-bandwidth,9,1024,2,h1024_l2,1585162,6340648,6.046913,300,16,512,1,27,18.528,61.761,0.00000000
builtin,9,1024,4,h1024_l4,3684362,14737448,14.054726,300,16,512,1,27,26.430,88.101,0.00000000
ring,9,1024,4,h1024_l4,3684362,14737448,14.054726,300,16,512,1,27,34.143,113.809,0.00000000
recursive-doubling-latency,9,1024,4,h1024_l4,3684362,14737448,14.054726,300,16,512,1,27,36.155,120.516,0.00000000
recursive-doubling-bandwidth,9,1024,4,h1024_l4,3684362,14737448,14.054726,300,16,512,1,27,42.760,142.535,0.00000000
swing-latency,9,1024,4,h1024_l4,3684362,14737448,14.054726,300,16,512,1,27,36.455,121.518,0.00000095
swing-bandwidth,9,1024,4,h1024_l4,3684362,14737448,14.054726,300,16,512,1,27,41.979,139.930,0.00000000
bruck-latency,9,1024,4,h1024_l4,3684362,14737448,14.054726,300,16,512,1,27,40.069,133.563,0.00000136
bruck-bandwidth,9,1024,4,h1024_l4,3684362,14737448,14.054726,300,16,512,1,27,37.620,125.399,0.00000000
trivance-latency,9,1024,4,h1024_l4,3684362,14737448,14.054726,300,16,512,1,27,38.532,128.439,0.00000103
trivance-bandwidth,9,1024,4,h1024_l4,3684362,14737448,14.054726,300,16,512,1,27,37.737,125.789,0.00000000
builtin,9,32,2,h32_l2,17802,71208,0.067909,300,16,512,1,28,1.191,3.971,0.00000000
ring,9,32,2,h32_l2,17802,71208,0.067909,300,16,512,1,28,1.219,4.063,0.00000000
recursive-doubling-latency,9,32,2,h32_l2,17802,71208,0.067909,300,16,512,1,28,0.790,2.635,0.00000000
recursive-doubling-bandwidth,9,32,2,h32_l2,17802,71208,0.067909,300,16,512,1,28,1.014,3.380,0.00000000
swing-latency,9,32,2,h32_l2,17802,71208,0.067909,300,16,512,1,28,0.799,2.663,0.00000006
swing-bandwidth,9,32,2,h32_l2,17802,71208,0.067909,300,16,512,1,28,1.028,3.426,0.00000000
bruck-latency,9,32,2,h32_l2,17802,71208,0.067909,300,16,512,1,28,0.817,2.723,0.00000033
bruck-bandwidth,9,32,2,h32_l2,17802,71208,0.067909,300,16,512,1,28,1.043,3.477,0.00000000
trivance-latency,9,32,2,h32_l2,17802,71208,0.067909,300,16,512,1,28,0.807,2.690,0.00000033
trivance-bandwidth,9,32,2,h32_l2,17802,71208,0.067909,300,16,512,1,28,0.999,3.331,0.00000000
builtin,9,64,2,h64_l2,37642,150568,0.143593,300,16,512,1,28,1.295,4.315,0.00000000
ring,9,64,2,h64_l2,37642,150568,0.143593,300,16,512,1,28,1.338,4.458,0.00000000
recursive-doubling-latency,9,64,2,h64_l2,37642,150568,0.143593,300,16,512,1,28,0.929,3.097,0.00000000
recursive-doubling-bandwidth,9,64,2,h64_l2,37642,150568,0.143593,300,16,512,1,28,1.204,4.015,0.00000000
swing-latency,9,64,2,h64_l2,37642,150568,0.143593,300,16,512,1,28,0.882,2.940,0.00000017
swing-bandwidth,9,64,2,h64_l2,37642,150568,0.143593,300,16,512,1,28,1.219,4.062,0.00000000
bruck-latency,9,64,2,h64_l2,37642,150568,0.143593,300,16,512,1,28,0.965,3.218,0.00000034
bruck-bandwidth,9,64,2,h64_l2,37642,150568,0.143593,300,16,512,1,28,1.215,4.051,0.00000000
trivance-latency,9,64,2,h64_l2,37642,150568,0.143593,300,16,512,1,28,0.984,3.278,0.00000022
trivance-bandwidth,9,64,2,h64_l2,37642,150568,0.143593,300,16,512,1,28,1.191,3.971,0.00000000
builtin,9,128,2,h128_l2,83466,333864,0.318398,300,16,512,1,28,1.550,5.167,0.00000000
ring,9,128,2,h128_l2,83466,333864,0.318398,300,16,512,1,28,1.688,5.627,0.00000000
recursive-doubling-latency,9,128,2,h128_l2,83466,333864,0.318398,300,16,512,1,28,1.432,4.775,0.00000000
recursive-doubling-bandwidth,9,128,2,h128_l2,83466,333864,0.318398,300,16,512,1,28,1.576,5.253,0.00000000
swing-latency,9,128,2,h128_l2,83466,333864,0.318398,300,16,512,1,28,1.391,4.637,0.00000006
swing-bandwidth,9,128,2,h128_l2,83466,333864,0.318398,300,16,512,1,28,1.670,5.567,0.00000000
bruck-latency,9,128,2,h128_l2,83466,333864,0.318398,300,16,512,1,28,1.497,4.991,0.00000135
bruck-bandwidth,9,128,2,h128_l2,83466,333864,0.318398,300,16,512,1,28,1.585,5.282,0.00000000
trivance-latency,9,128,2,h128_l2,83466,333864,0.318398,300,16,512,1,28,1.466,4.886,0.00000402
trivance-bandwidth,9,128,2,h128_l2,83466,333864,0.318398,300,16,512,1,28,1.572,5.239,0.00000000
builtin,9,256,2,h256_l2,199690,798760,0.761757,300,16,512,1,28,2.246,7.485,0.00000000
ring,9,256,2,h256_l2,199690,798760,0.761757,300,16,512,1,28,2.872,9.573,0.00000000
recursive-doubling-latency,9,256,2,h256_l2,199690,798760,0.761757,300,16,512,1,28,2.503,8.344,0.00000000
recursive-doubling-bandwidth,9,256,2,h256_l2,199690,798760,0.761757,300,16,512,1,28,2.827,9.423,0.00000000
swing-latency,9,256,2,h256_l2,199690,798760,0.761757,300,16,512,1,28,2.545,8.482,0.00000012
swing-bandwidth,9,256,2,h256_l2,199690,798760,0.761757,300,16,512,1,28,2.903,9.675,0.00000000
bruck-latency,9,256,2,h256_l2,199690,798760,0.761757,300,16,512,1,28,2.764,9.215,0.00000418
bruck-bandwidth,9,256,2,h256_l2,199690,798760,0.761757,300,16,512,1,28,2.760,9.199,0.00000000
trivance-latency,9,256,2,h256_l2,199690,798760,0.761757,300,16,512,1,28,2.711,9.035,0.00000208
trivance-bandwidth,9,256,2,h256_l2,199690,798760,0.761757,300,16,512,1,28,2.777,9.257,0.00000000
builtin,9,512,2,h512_l2,530442,2121768,2.023476,300,16,512,1,28,4.373,14.576,0.00000000
ring,9,512,2,h512_l2,530442,2121768,2.023476,300,16,512,1,28,5.098,16.995,0.00000000
recursive-doubling-latency,9,512,2,h512_l2,530442,2121768,2.023476,300,16,512,1,28,6.110,20.366,0.00000000
recursive-doubling-bandwidth,9,512,2,h512_l2,530442,2121768,2.023476,300,16,512,1,28,6.704,22.348,0.00000000
swing-latency,9,512,2,h512_l2,530442,2121768,2.023476,300,16,512,1,28,5.920,19.734,0.00000136
swing-bandwidth,9,512,2,h512_l2,530442,2121768,2.023476,300,16,512,1,28,6.926,23.087,0.00000000
bruck-latency,9,512,2,h512_l2,530442,2121768,2.023476,300,16,512,1,28,6.415,21.385,0.00000172
bruck-bandwidth,9,512,2,h512_l2,530442,2121768,2.023476,300,16,512,1,28,5.617,18.724,0.00000000
trivance-latency,9,512,2,h512_l2,530442,2121768,2.023476,300,16,512,1,28,6.479,21.596,0.00000241
trivance-bandwidth,9,512,2,h512_l2,530442,2121768,2.023476,300,16,512,1,28,5.761,19.203,0.00000000
builtin,9,1024,2,h1024_l2,1585162,6340648,6.046913,300,16,512,1,28,12.828,42.759,0.00000000
ring,9,1024,2,h1024_l2,1585162,6340648,6.046913,300,16,512,1,28,15.942,53.140,0.00000000
recursive-doubling-latency,9,1024,2,h1024_l2,1585162,6340648,6.046913,300,16,512,1,28,16.715,55.717,0.00000000
recursive-doubling-bandwidth,9,1024,2,h1024_l2,1585162,6340648,6.046913,300,16,512,1,28,19.776,65.919,0.00000000
swing-latency,9,1024,2,h1024_l2,1585162,6340648,6.046913,300,16,512,1,28,17.550,58.501,0.00000110
swing-bandwidth,9,1024,2,h1024_l2,1585162,6340648,6.046913,300,16,512,1,28,19.213,64.044,0.00000000
bruck-latency,9,1024,2,h1024_l2,1585162,6340648,6.046913,300,16,512,1,28,18.816,62.719,0.00000194
bruck-bandwidth,9,1024,2,h1024_l2,1585162,6340648,6.046913,300,16,512,1,28,19.099,63.665,0.00000000
trivance-latency,9,1024,2,h1024_l2,1585162,6340648,6.046913,300,16,512,1,28,18.614,62.045,0.00000279
trivance-bandwidth,9,1024,2,h1024_l2,1585162,6340648,6.046913,300,16,512,1,28,18.619,62.065,0.00000000
builtin,9,1024,4,h1024_l4,3684362,14737448,14.054726,300,16,512,1,28,26.204,87.347,0.00000000
ring,9,1024,4,h1024_l4,3684362,14737448,14.054726,300,16,512,1,28,33.195,110.652,0.00000000
recursive-doubling-latency,9,1024,4,h1024_l4,3684362,14737448,14.054726,300,16,512,1,28,36.523,121.745,0.00000000
recursive-doubling-bandwidth,9,1024,4,h1024_l4,3684362,14737448,14.054726,300,16,512,1,28,41.252,137.508,0.00000000
swing-latency,9,1024,4,h1024_l4,3684362,14737448,14.054726,300,16,512,1,28,36.127,120.422,0.00000095
swing-bandwidth,9,1024,4,h1024_l4,3684362,14737448,14.054726,300,16,512,1,28,41.760,139.199,0.00000000
bruck-latency,9,1024,4,h1024_l4,3684362,14737448,14.054726,300,16,512,1,28,39.793,132.643,0.00000136
bruck-bandwidth,9,1024,4,h1024_l4,3684362,14737448,14.054726,300,16,512,1,28,37.809,126.029,0.00000000
trivance-latency,9,1024,4,h1024_l4,3684362,14737448,14.054726,300,16,512,1,28,41.123,137.077,0.00000103
trivance-bandwidth,9,1024,4,h1024_l4,3684362,14737448,14.054726,300,16,512,1,28,37.480,124.933,0.00000000
builtin,9,32,2,h32_l2,17802,71208,0.067909,300,16,512,1,29,1.152,3.841,0.00000000
ring,9,32,2,h32_l2,17802,71208,0.067909,300,16,512,1,29,1.269,4.229,0.00000000
recursive-doubling-latency,9,32,2,h32_l2,17802,71208,0.067909,300,16,512,1,29,0.781,2.602,0.00000000
recursive-doubling-bandwidth,9,32,2,h32_l2,17802,71208,0.067909,300,16,512,1,29,1.037,3.457,0.00000000
swing-latency,9,32,2,h32_l2,17802,71208,0.067909,300,16,512,1,29,0.778,2.593,0.00000006
swing-bandwidth,9,32,2,h32_l2,17802,71208,0.067909,300,16,512,1,29,1.047,3.490,0.00000000
bruck-latency,9,32,2,h32_l2,17802,71208,0.067909,300,16,512,1,29,0.814,2.713,0.00000033
bruck-bandwidth,9,32,2,h32_l2,17802,71208,0.067909,300,16,512,1,29,1.029,3.430,0.00000000
trivance-latency,9,32,2,h32_l2,17802,71208,0.067909,300,16,512,1,29,0.789,2.629,0.00000033
trivance-bandwidth,9,32,2,h32_l2,17802,71208,0.067909,300,16,512,1,29,1.021,3.403,0.00000000
builtin,9,64,2,h64_l2,37642,150568,0.143593,300,16,512,1,29,1.299,4.329,0.00000000
ring,9,64,2,h64_l2,37642,150568,0.143593,300,16,512,1,29,1.418,4.727,0.00000000
recursive-doubling-latency,9,64,2,h64_l2,37642,150568,0.143593,300,16,512,1,29,0.942,3.141,0.00000000
recursive-doubling-bandwidth,9,64,2,h64_l2,37642,150568,0.143593,300,16,512,1,29,1.136,3.786,0.00000000
swing-latency,9,64,2,h64_l2,37642,150568,0.143593,300,16,512,1,29,0.914,3.048,0.00000017
swing-bandwidth,9,64,2,h64_l2,37642,150568,0.143593,300,16,512,1,29,1.227,4.089,0.00000000
bruck-latency,9,64,2,h64_l2,37642,150568,0.143593,300,16,512,1,29,1.012,3.374,0.00000034
bruck-bandwidth,9,64,2,h64_l2,37642,150568,0.143593,300,16,512,1,29,1.240,4.135,0.00000000
trivance-latency,9,64,2,h64_l2,37642,150568,0.143593,300,16,512,1,29,0.960,3.200,0.00000022
trivance-bandwidth,9,64,2,h64_l2,37642,150568,0.143593,300,16,512,1,29,1.213,4.045,0.00000000
builtin,9,128,2,h128_l2,83466,333864,0.318398,300,16,512,1,29,1.549,5.163,0.00000000
ring,9,128,2,h128_l2,83466,333864,0.318398,300,16,512,1,29,1.742,5.806,0.00000000
recursive-doubling-latency,9,128,2,h128_l2,83466,333864,0.318398,300,16,512,1,29,1.347,4.491,0.00000000
recursive-doubling-bandwidth,9,128,2,h128_l2,83466,333864,0.318398,300,16,512,1,29,1.593,5.309,0.00000000
swing-latency,9,128,2,h128_l2,83466,333864,0.318398,300,16,512,1,29,1.327,4.422,0.00000006
swing-bandwidth,9,128,2,h128_l2,83466,333864,0.318398,300,16,512,1,29,1.637,5.458,0.00000000
bruck-latency,9,128,2,h128_l2,83466,333864,0.318398,300,16,512,1,29,1.495,4.984,0.00000135
bruck-bandwidth,9,128,2,h128_l2,83466,333864,0.318398,300,16,512,1,29,1.578,5.260,0.00000000
trivance-latency,9,128,2,h128_l2,83466,333864,0.318398,300,16,512,1,29,1.466,4.888,0.00000402
trivance-bandwidth,9,128,2,h128_l2,83466,333864,0.318398,300,16,512,1,29,1.555,5.182,0.00000000
builtin,9,256,2,h256_l2,199690,798760,0.761757,300,16,512,1,29,2.254,7.515,0.00000000
ring,9,256,2,h256_l2,199690,798760,0.761757,300,16,512,1,29,2.764,9.213,0.00000000
recursive-doubling-latency,9,256,2,h256_l2,199690,798760,0.761757,300,16,512,1,29,2.498,8.326,0.00000000
recursive-doubling-bandwidth,9,256,2,h256_l2,199690,798760,0.761757,300,16,512,1,29,2.796,9.320,0.00000000
swing-latency,9,256,2,h256_l2,199690,798760,0.761757,300,16,512,1,29,2.550,8.499,0.00000012
swing-bandwidth,9,256,2,h256_l2,199690,798760,0.761757,300,16,512,1,29,2.949,9.831,0.00000000
bruck-latency,9,256,2,h256_l2,199690,798760,0.761757,300,16,512,1,29,2.810,9.366,0.00000418
bruck-bandwidth,9,256,2,h256_l2,199690,798760,0.761757,300,16,512,1,29,2.881,9.603,0.00000000
trivance-latency,9,256,2,h256_l2,199690,798760,0.761757,300,16,512,1,29,2.731,9.103,0.00000208
trivance-bandwidth,9,256,2,h256_l2,199690,798760,0.761757,300,16,512,1,29,2.855,9.517,0.00000000
builtin,9,512,2,h512_l2,530442,2121768,2.023476,300,16,512,1,29,4.388,14.626,0.00000000
ring,9,512,2,h512_l2,530442,2121768,2.023476,300,16,512,1,29,5.250,17.500,0.00000000
recursive-doubling-latency,9,512,2,h512_l2,530442,2121768,2.023476,300,16,512,1,29,6.026,20.085,0.00000000
recursive-doubling-bandwidth,9,512,2,h512_l2,530442,2121768,2.023476,300,16,512,1,29,6.980,23.267,0.00000000
swing-latency,9,512,2,h512_l2,530442,2121768,2.023476,300,16,512,1,29,5.723,19.077,0.00000136
swing-bandwidth,9,512,2,h512_l2,530442,2121768,2.023476,300,16,512,1,29,6.951,23.170,0.00000000
bruck-latency,9,512,2,h512_l2,530442,2121768,2.023476,300,16,512,1,29,6.517,21.722,0.00000172
bruck-bandwidth,9,512,2,h512_l2,530442,2121768,2.023476,300,16,512,1,29,5.708,19.028,0.00000000
trivance-latency,9,512,2,h512_l2,530442,2121768,2.023476,300,16,512,1,29,6.500,21.666,0.00000241
trivance-bandwidth,9,512,2,h512_l2,530442,2121768,2.023476,300,16,512,1,29,5.604,18.681,0.00000000
builtin,9,1024,2,h1024_l2,1585162,6340648,6.046913,300,16,512,1,29,12.636,42.119,0.00000000
ring,9,1024,2,h1024_l2,1585162,6340648,6.046913,300,16,512,1,29,15.661,52.204,0.00000000
recursive-doubling-latency,9,1024,2,h1024_l2,1585162,6340648,6.046913,300,16,512,1,29,17.200,57.333,0.00000000
recursive-doubling-bandwidth,9,1024,2,h1024_l2,1585162,6340648,6.046913,300,16,512,1,29,19.417,64.724,0.00000000
swing-latency,9,1024,2,h1024_l2,1585162,6340648,6.046913,300,16,512,1,29,17.362,57.875,0.00000110
swing-bandwidth,9,1024,2,h1024_l2,1585162,6340648,6.046913,300,16,512,1,29,19.699,65.663,0.00000000
bruck-latency,9,1024,2,h1024_l2,1585162,6340648,6.046913,300,16,512,1,29,19.201,64.005,0.00000194
bruck-bandwidth,9,1024,2,h1024_l2,1585162,6340648,6.046913,300,16,512,1,29,18.894,62.980,0.00000000
trivance-latency,9,1024,2,h1024_l2,1585162,6340648,6.046913,300,16,512,1,29,18.591,61.970,0.00000279
trivance-bandwidth,9,1024,2,h1024_l2,1585162,6340648,6.046913,300,16,512,1,29,18.217,60.723,0.00000000
builtin,9,1024,4,h1024_l4,3684362,14737448,14.054726,300,16,512,1,29,25.535,85.115,0.00000000
ring,9,1024,4,h1024_l4,3684362,14737448,14.054726,300,16,512,1,29,33.860,112.865,0.00000000
recursive-doubling-latency,9,1024,4,h1024_l4,3684362,14737448,14.054726,300,16,512,1,29,36.508,121.694,0.00000000
recursive-doubling-bandwidth,9,1024,4,h1024_l4,3684362,14737448,14.054726,300,16,512,1,29,41.214,137.381,0.00000000
swing-latency,9,1024,4,h1024_l4,3684362,14737448,14.054726,300,16,512,1,29,36.063,120.209,0.00000095
swing-bandwidth,9,1024,4,h1024_l4,3684362,14737448,14.054726,300,16,512,1,29,40.284,134.280,0.00000000
bruck-latency,9,1024,4,h1024_l4,3684362,14737448,14.054726,300,16,512,1,29,41.600,138.666,0.00000136
bruck-bandwidth,9,1024,4,h1024_l4,3684362,14737448,14.054726,300,16,512,1,29,37.907,126.357,0.00000000
trivance-latency,9,1024,4,h1024_l4,3684362,14737448,14.054726,300,16,512,1,29,39.392,131.307,0.00000103
trivance-bandwidth,9,1024,4,h1024_l4,3684362,14737448,14.054726,300,16,512,1,29,38.054,126.845,0.00000000
builtin,9,32,2,h32_l2,17802,71208,0.067909,300,16,512,1,30,1.195,3.982,0.00000000
ring,9,32,2,h32_l2,17802,71208,0.067909,300,16,512,1,30,1.241,4.135,0.00000000
recursive-doubling-latency,9,32,2,h32_l2,17802,71208,0.067909,300,16,512,1,30,0.803,2.677,0.00000000
recursive-doubling-bandwidth,9,32,2,h32_l2,17802,71208,0.067909,300,16,512,1,30,1.000,3.335,0.00000000
swing-latency,9,32,2,h32_l2,17802,71208,0.067909,300,16,512,1,30,0.770,2.565,0.00000006
swing-bandwidth,9,32,2,h32_l2,17802,71208,0.067909,300,16,512,1,30,1.047,3.491,0.00000000
bruck-latency,9,32,2,h32_l2,17802,71208,0.067909,300,16,512,1,30,0.810,2.699,0.00000033
bruck-bandwidth,9,32,2,h32_l2,17802,71208,0.067909,300,16,512,1,30,1.050,3.501,0.00000000
trivance-latency,9,32,2,h32_l2,17802,71208,0.067909,300,16,512,1,30,0.807,2.691,0.00000033
trivance-bandwidth,9,32,2,h32_l2,17802,71208,0.067909,300,16,512,1,30,1.019,3.395,0.00000000
builtin,9,64,2,h64_l2,37642,150568,0.143593,300,16,512,1,30,1.315,4.382,0.00000000
ring,9,64,2,h64_l2,37642,150568,0.143593,300,16,512,1,30,1.438,4.793,0.00000000
recursive-doubling-latency,9,64,2,h64_l2,37642,150568,0.143593,300,16,512,1,30,0.915,3.051,0.00000000
recursive-doubling-bandwidth,9,64,2,h64_l2,37642,150568,0.143593,300,16,512,1,30,1.199,3.998,0.00000000
swing-latency,9,64,2,h64_l2,37642,150568,0.143593,300,16,512,1,30,0.904,3.012,0.00000017
swing-bandwidth,9,64,2,h64_l2,37642,150568,0.143593,300,16,512,1,30,1.197,3.991,0.00000000
bruck-latency,9,64,2,h64_l2,37642,150568,0.143593,300,16,512,1,30,0.982,3.275,0.00000034
bruck-bandwidth,9,64,2,h64_l2,37642,150568,0.143593,300,16,512,1,30,1.203,4.011,0.00000000
trivance-latency,9,64,2,h64_l2,37642,150568,0.143593,300,16,512,1,30,0.988,3.294,0.00000022
trivance-bandwidth,9,64,2,h64_l2,37642,150568,0.143593,300,16,512,1,30,1.201,4.004,0.00000000
builtin,9,128,2,h128_l2,83466,333864,0.318398,300,16,512,1,30,1.538,5.128,0.00000000
ring,9,128,2,h128_l2,83466,333864,0.318398,300,16,512,1,30,1.702,5.672,0.00000000
recursive-doubling-latency,9,128,2,h128_l2,83466,333864,0.318398,300,16,512,1,30,1.373,4.577,0.00000000
recursive-doubling-bandwidth,9,128,2,h128_l2,83466,333864,0.318398,300,16,512,1,30,1.640,5.467,0.00000000
swing-latency,9,128,2,h128_l2,83466,333864,0.318398,300,16,512,1,30,1.343,4.478,0.00000006
swing-bandwidth,9,128,2,h128_l2,83466,333864,0.318398,300,16,512,1,30,1.705,5.683,0.00000000
bruck-latency,9,128,2,h128_l2,83466,333864,0.318398,300,16,512,1,30,1.468,4.894,0.00000135
bruck-bandwidth,9,128,2,h128_l2,83466,333864,0.318398,300,16,512,1,30,1.576,5.255,0.00000000
trivance-latency,9,128,2,h128_l2,83466,333864,0.318398,300,16,512,1,30,1.471,4.902,0.00000402
trivance-bandwidth,9,128,2,h128_l2,83466,333864,0.318398,300,16,512,1,30,1.552,5.172,0.00000000
builtin,9,256,2,h256_l2,199690,798760,0.761757,300,16,512,1,30,2.241,7.469,0.00000000
ring,9,256,2,h256_l2,199690,798760,0.761757,300,16,512,1,30,2.831,9.438,0.00000000
recursive-doubling-latency,9,256,2,h256_l2,199690,798760,0.761757,300,16,512,1,30,2.500,8.335,0.00000000
recursive-doubling-bandwidth,9,256,2,h256_l2,199690,798760,0.761757,300,16,512,1,30,2.887,9.622,0.00000000
swing-latency,9,256,2,h256_l2,199690,798760,0.761757,300,16,512,1,30,2.605,8.685,0.00000012
swing-bandwidth,9,256,2,h256_l2,199690,798760,0.761757,300,16,512,1,30,3.074,10.246,0.00000000
bruck-latency,9,256,2,h256_l2,199690,798760,0.761757,300,16,512,1,30,2.753,9.178,0.00000418
bruck-bandwidth,9,256,2,h256_l2,199690,798760,0.761757,300,16,512,1,30,2.899,9.664,0.00000000
trivance-latency,9,256,2,h256_l2,199690,798760,0.761757,300,16,512,1,30,2.763,9.210,0.00000208
trivance-bandwidth,9,256,2,h256_l2,199690,798760,0.761757,300,16,512,1,30,2.831,9.435,0.00000000
builtin,9,512,2,h512_l2,530442,2121768,2.023476,300,16,512,1,30,4.319,14.398,0.00000000
ring,9,512,2,h512_l2,530442,2121768,2.023476,300,16,512,1,30,5.370,17.898,0.00000000
recursive-doubling-latency,9,512,2,h512_l2,530442,2121768,2.023476,300,16,512,1,30,5.972,19.907,0.00000000
recursive-doubling-bandwidth,9,512,2,h512_l2,530442,2121768,2.023476,300,16,512,1,30,6.742,22.473,0.00000000
swing-latency,9,512,2,h512_l2,530442,2121768,2.023476,300,16,512,1,30,6.003,20.010,0.00000136
swing-bandwidth,9,512,2,h512_l2,530442,2121768,2.023476,300,16,512,1,30,7.062,23.540,0.00000000
bruck-latency,9,512,2,h512_l2,530442,2121768,2.023476,300,16,512,1,30,7.029,23.430,0.00000172
bruck-bandwidth,9,512,2,h512_l2,530442,2121768,2.023476,300,16,512,1,30,5.869,19.563,0.00000000
trivance-latency,9,512,2,h512_l2,530442,2121768,2.023476,300,16,512,1,30,6.402,21.339,0.00000241
trivance-bandwidth,9,512,2,h512_l2,530442,2121768,2.023476,300,16,512,1,30,5.716,19.052,0.00000000
builtin,9,1024,2,h1024_l2,1585162,6340648,6.046913,300,16,512,1,30,12.712,42.373,0.00000000
ring,9,1024,2,h1024_l2,1585162,6340648,6.046913,300,16,512,1,30,16.843,56.145,0.00000000
recursive-doubling-latency,9,1024,2,h1024_l2,1585162,6340648,6.046913,300,16,512,1,30,17.418,58.061,0.00000000
recursive-doubling-bandwidth,9,1024,2,h1024_l2,1585162,6340648,6.046913,300,16,512,1,30,19.158,63.861,0.00000000
swing-latency,9,1024,2,h1024_l2,1585162,6340648,6.046913,300,16,512,1,30,17.046,56.821,0.00000110
swing-bandwidth,9,1024,2,h1024_l2,1585162,6340648,6.046913,300,16,512,1,30,19.711,65.702,0.00000000
bruck-latency,9,1024,2,h1024_l2,1585162,6340648,6.046913,300,16,512,1,30,19.214,64.047,0.00000194
bruck-bandwidth,9,1024,2,h1024_l2,1585162,6340648,6.046913,300,16,512,1,30,18.145,60.483,0.00000000
trivance-latency,9,1024,2,h1024_l2,1585162,6340648,6.046913,300,16,512,1,30,19.122,63.739,0.00000279
trivance-bandwidth,9,1024,2,h1024_l2,1585162,6340648,6.046913,300,16,512,1,30,18.763,62.543,0.00000000
builtin,9,1024,4,h1024_l4,3684362,14737448,14.054726,300,16,512,1,30,26.135,87.117,0.00000000
ring,9,1024,4,h1024_l4,3684362,14737448,14.054726,300,16,512,1,30,35.529,118.429,0.00000000
recursive-doubling-latency,9,1024,4,h1024_l4,3684362,14737448,14.054726,300,16,512,1,30,37.445,124.818,0.00000000
recursive-doubling-bandwidth,9,1024,4,h1024_l4,3684362,14737448,14.054726,300,16,512,1,30,37.906,126.353,0.00000000
swing-latency,9,1024,4,h1024_l4,3684362,14737448,14.054726,300,16,512,1,30,37.311,124.370,0.00000095
swing-bandwidth,9,1024,4,h1024_l4,3684362,14737448,14.054726,300,16,512,1,30,43.875,146.249,0.00000000
bruck-latency,9,1024,4,h1024_l4,3684362,14737448,14.054726,300,16,512,1,30,39.218,130.727,0.00000136
bruck-bandwidth,9,1024,4,h1024_l4,3684362,14737448,14.054726,300,16,512,1,30,38.311,127.705,0.00000000
trivance-latency,9,1024,4,h1024_l4,3684362,14737448,14.054726,300,16,512,1,30,39.070,130.234,0.00000103
trivance-bandwidth,9,1024,4,h1024_l4,3684362,14737448,14.054726,300,16,512,1,30,38.305,127.682,0.00000000
builtin,9,32,2,h32_l2,17802,71208,0.067909,300,16,512,1,31,1.196,3.988,0.00000000
ring,9,32,2,h32_l2,17802,71208,0.067909,300,16,512,1,31,1.260,4.199,0.00000000
recursive-doubling-latency,9,32,2,h32_l2,17802,71208,0.067909,300,16,512,1,31,0.779,2.597,0.00000000
recursive-doubling-bandwidth,9,32,2,h32_l2,17802,71208,0.067909,300,16,512,1,31,1.062,3.540,0.00000000
swing-latency,9,32,2,h32_l2,17802,71208,0.067909,300,16,512,1,31,0.792,2.640,0.00000006
swing-bandwidth,9,32,2,h32_l2,17802,71208,0.067909,300,16,512,1,31,1.044,3.480,0.00000000
bruck-latency,9,32,2,h32_l2,17802,71208,0.067909,300,16,512,1,31,0.790,2.634,0.00000033
bruck-bandwidth,9,32,2,h32_l2,17802,71208,0.067909,300,16,512,1,31,1.025,3.416,0.00000000
trivance-latency,9,32,2,h32_l2,17802,71208,0.067909,300,16,512,1,31,0.806,2.686,0.00000033
trivance-bandwidth,9,32,2,h32_l2,17802,71208,0.067909,300,16,512,1,31,1.053,3.511,0.00000000
builtin,9,64,2,h64_l2,37642,150568,0.143593,300,16,512,1,31,1.346,4.487,0.00000000
ring,9,64,2,h64_l2,37642,150568,0.143593,300,16,512,1,31,1.369,4.563,0.00000000
recursive-doubling-latency,9,64,2,h64_l2,37642,150568,0.143593,300,16,512,1,31,0.925,3.083,0.00000000
recursive-doubling-bandwidth,9,64,2,h64_l2,37642,150568,0.143593,300,16,512,1,31,1.239,4.131,0.00000000
swing-latency,9,64,2,h64_l2,37642,150568,0.143593,300,16,512,1,31,0.913,3.043,0.00000017
swing-bandwidth,9,64,2,h64_l2,37642,150568,0.143593,300,16,512,1,31,1.211,4.037,0.00000000
bruck-latency,9,64,2,h64_l2,37642,150568,0.143593,300,16,512,1,31,0.995,3.318,0.00000034
bruck-bandwidth,9,64,2,h64_l2,37642,150568,0.143593,300,16,512,1,31,1.225,4.082,0.00000000
trivance-latency,9,64,2,h64_l2,37642,150568,0.143593,300,16,512,1,31,0.956,3.188,0.00000022
trivance-bandwidth,9,64,2,h64_l2,37642,150568,0.143593,300,16,512,1,31,1.212,4.041,0.00000000
builtin,9,128,2,h128_l2,83466,333864,0.318398,300,16,512,1,31,1.548,5.161,0.00000000
ring,9,128,2,h128_l2,83466,333864,0.318398,300,16,512,1,31,1.716,5.722,0.00000000
recursive-doubling-latency,9,128,2,h128_l2,83466,333864,0.318398,300,16,512,1,31,1.423,4.742,0.00000000
recursive-doubling-bandwidth,9,128,2,h128_l2,83466,333864,0.318398,300,16,512,1,31,1.656,5.520,0.00000000
swing-latency,9,128,2,h128_l2,83466,333864,0.318398,300,16,512,1,31,1.403,4.676,0.00000006
swing-bandwidth,9,128,2,h128_l2,83466,333864,0.318398,300,16,512,1,31,1.680,5.601,0.00000000
bruck-latency,9,128,2,h128_l2,83466,333864,0.318398,300,16,512,1,31,1.494,4.980,0.00000135
bruck-bandwidth,9,128,2,h128_l2,83466,333864,0.318398,300,16,512,1,31,1.512,5.039,0.00000000
trivance-latency,9,128,2,h128_l2,83466,333864,0.318398,300,16,512,1,31,1.443,4.811,0.00000402
trivance-bandwidth,9,128,2,h128_l2,83466,333864,0.318398,300,16,512,1,31,1.565,5.217,0.00000000
builtin,9,256,2,h256_l2,199690,798760,0.761757,300,16,512,1,31,2.323,7.742,0.00000000
ring,9,256,2,h256_l2,199690,798760,0.761757,300,16,512,1,31,2.872,9.574,0.00000000
recursive-doubling-latency,9,256,2,h256_l2,199690,798760,0.761757,300,16,512,1,31,2.516,8.388,0.00000000
recursive-doubling-bandwidth,9,256,2,h256_l2,199690,798760,0.761757,300,16,512,1,31,2.958,9.858,0.00000000
swing-latency,9,256,2,h256_l2,199690,798760,0.761757,300,16,512,1,31,2.590,8.634,0.00000012
swing-bandwidth,9,256,2,h256_l2,199690,798760,0.761757,300,16,512,1,31,2.985,9.950,0.00000000
bruck-latency,9,256,2,h256_l2,199690,798760,0.761757,300,16,512,1,31,2.846,9.486,0.00000418
bruck-bandwidth,9,256,2,h256_l2,199690,798760,0.761757,300,16,512,1,31,2.814,9.381,0.00000000
trivance-latency,9,256,2,h256_l2,199690,798760,0.761757,300,16,512,1,31,2.705,9.016,0.00000208
trivance-bandwidth,9,256,2,h256_l2,199690,798760,0.761757,300,16,512,1,31,2.897,9.656,0.00000000
builtin,9,512,2,h512_l2,530442,2121768,2.023476,300,16,512,1,31,4.677,15.589,0.00000000
ring,9,512,2,h512_l2,530442,2121768,2.023476,300,16,512,1,31,5.363,17.878,0.00000000
recursive-doubling-latency,9,512,2,h512_l2,530442,2121768,2.023476,300,16,512,1,31,6.162,20.539,0.00000000
recursive-doubling-bandwidth,9,512,2,h512_l2,530442,2121768,2.023476,300,16,512,1,31,7.034,23.445,0.00000000
swing-latency,9,512,2,h512_l2,530442,2121768,2.023476,300,16,512,1,31,6.082,20.274,0.00000136
swing-bandwidth,9,512,2,h512_l2,530442,2121768,2.023476,300,16,512,1,31,6.898,22.992,0.00000000
bruck-latency,9,512,2,h512_l2,530442,2121768,2.023476,300,16,512,1,31,6.638,22.126,0.00000172
bruck-bandwidth,9,512,2,h512_l2,530442,2121768,2.023476,300,16,512,1,31,5.962,19.873,0.00000000
trivance-latency,9,512,2,h512_l2,530442,2121768,2.023476,300,16,512,1,31,6.504,21.681,0.00000241
trivance-bandwidth,9,512,2,h512_l2,530442,2121768,2.023476,300,16,512,1,31,5.666,18.885,0.00000000
builtin,9,1024,2,h1024_l2,1585162,6340648,6.046913,300,16,512,1,31,12.771,42.571,0.00000000
ring,9,1024,2,h1024_l2,1585162,6340648,6.046913,300,16,512,1,31,16.373,54.577,0.00000000
recursive-doubling-latency,9,1024,2,h1024_l2,1585162,6340648,6.046913,300,16,512,1,31,17.475,58.250,0.00000000
recursive-doubling-bandwidth,9,1024,2,h1024_l2,1585162,6340648,6.046913,300,16,512,1,31,18.906,63.021,0.00000000
swing-latency,9,1024,2,h1024_l2,1585162,6340648,6.046913,300,16,512,1,31,17.295,57.649,0.00000110
swing-bandwidth,9,1024,2,h1024_l2,1585162,6340648,6.046913,300,16,512,1,31,19.508,65.025,0.00000000
bruck-latency,9,1024,2,h1024_l2,1585162,6340648,6.046913,300,16,512,1,31,18.796,62.655,0.00000194
bruck-bandwidth,9,1024,2,h1024_l2,1585162,6340648,6.046913,300,16,512,1,31,18.409,61.363,0.00000000
trivance-latency,9,1024,2,h1024_l2,1585162,6340648,6.046913,300,16,512,1,31,18.117,60.390,0.00000279
trivance-bandwidth,9,1024,2,h1024_l2,1585162,6340648,6.046913,300,16,512,1,31,18.381,61.270,0.00000000
builtin,9,1024,4,h1024_l4,3684362,14737448,14.054726,300,16,512,1,31,26.275,87.584,0.00000000
ring,9,1024,4,h1024_l4,3684362,14737448,14.054726,300,16,512,1,31,33.612,112.039,0.00000000
recursive-doubling-latency,9,1024,4,h1024_l4,3684362,14737448,14.054726,300,16,512,1,31,36.070,120.234,0.00000000
recursive-doubling-bandwidth,9,1024,4,h1024_l4,3684362,14737448,14.054726,300,16,512,1,31,40.803,136.009,0.00000000
swing-latency,9,1024,4,h1024_l4,3684362,14737448,14.054726,300,16,512,1,31,36.882,122.939,0.00000095
swing-bandwidth,9,1024,4,h1024_l4,3684362,14737448,14.054726,300,16,512,1,31,40.485,134.949,0.00000000
bruck-latency,9,1024,4,h1024_l4,3684362,14737448,14.054726,300,16,512,1,31,40.214,134.047,0.00000136
bruck-bandwidth,9,1024,4,h1024_l4,3684362,14737448,14.054726,300,16,512,1,31,37.783,125.943,0.00000000
trivance-latency,9,1024,4,h1024_l4,3684362,14737448,14.054726,300,16,512,1,31,40.344,134.479,0.00000103
trivance-bandwidth,9,1024,4,h1024_l4,3684362,14737448,14.054726,300,16,512,1,31,36.852,122.841,0.00000000
builtin,9,32,2,h32_l2,17802,71208,0.067909,300,16,512,1,32,1.134,3.779,0.00000000
ring,9,32,2,h32_l2,17802,71208,0.067909,300,16,512,1,32,1.246,4.152,0.00000000
recursive-doubling-latency,9,32,2,h32_l2,17802,71208,0.067909,300,16,512,1,32,0.776,2.585,0.00000000
recursive-doubling-bandwidth,9,32,2,h32_l2,17802,71208,0.067909,300,16,512,1,32,1.028,3.428,0.00000000
swing-latency,9,32,2,h32_l2,17802,71208,0.067909,300,16,512,1,32,0.794,2.646,0.00000006
swing-bandwidth,9,32,2,h32_l2,17802,71208,0.067909,300,16,512,1,32,1.041,3.470,0.00000000
bruck-latency,9,32,2,h32_l2,17802,71208,0.067909,300,16,512,1,32,0.815,2.718,0.00000033
bruck-bandwidth,9,32,2,h32_l2,17802,71208,0.067909,300,16,512,1,32,1.036,3.454,0.00000000
trivance-latency,9,32,2,h32_l2,17802,71208,0.067909,300,16,512,1,32,0.813,2.712,0.00000033
trivance-bandwidth,9,32,2,h32_l2,17802,71208,0.067909,300,16,512,1,32,1.052,3.506,0.00000000
builtin,9,64,2,h64_l2,37642,150568,0.143593,300,16,512,1,32,1.312,4.372,0.00000000
ring,9,64,2,h64_l2,37642,150568,0.143593,300,16,512,1,32,1.385,4.617,0.00000000
recursive-doubling-latency,9,64,2,h64_l2,37642,150568,0.143593,300,16,512,1,32,0.936,3.121,0.00000000
recursive-doubling-bandwidth,9,64,2,h64_l2,37642,150568,0.143593,300,16,512,1,32,1.166,3.887,0.00000000
swing-latency,9,64,2,h64_l2,37642,150568,0.143593,300,16,512,1,32,0.969,3.230,0.00000017
swing-bandwidth,9,64,2,h64_l2,37642,150568,0.143593,300,16,512,1,32,1.175,3.915,0.00000000
bruck-latency,9,64,2,h64_l2,37642,150568,0.143593,300,16,512,1,32,0.967,3.224,0.00000034
bruck-bandwidth,9,64,2,h64_l2,37642,150568,0.143593,300,16,512,1,32,1.203,4.011,0.00000000
trivance-latency,9,64,2,h64_l2,37642,150568,0.143593,300,16,512,1,32,0.969,3.231,0.00000022
trivance-bandwidth,9,64,2,h64_l2,37642,150568,0.143593,300,16,512,1,32,1.179,3.929,0.00000000
builtin,9,128,2,h128_l2,83466,333864,0.318398,300,16,512,1,32,1.569,5.230,0.00000000
ring,9,128,2,h128_l2,83466,333864,0.318398,300,16,512,1,32,1.696,5.654,0.00000000
recursive-doubling-latency,9,128,2,h128_l2,83466,333864,0.318398,300,16,512,1,32,1.432,4.772,0.00000000
recursive-doubling-bandwidth,9,128,2,h128_l2,83466,333864,0.318398,300,16,512,1,32,1.588,5.292,0.00000000
swing-latency,9,128,2,h128_l2,83466,333864,0.318398,300,16,512,1,32,1.356,4.520,0.00000006
swing-bandwidth,9,128,2,h128_l2,83466,333864,0.318398,300,16,512,1,32,1.664,5.545,0.00000000
bruck-latency,9,128,2,h128_l2,83466,333864,0.318398,300,16,512,1,32,1.501,5.002,0.00000135
bruck-bandwidth,9,128,2,h128_l2,83466,333864,0.318398,300,16,512,1,32,1.563,5.210,0.00000000
trivance-latency,9,128,2,h128_l2,83466,333864,0.318398,300,16,512,1,32,1.481,4.938,0.00000402
trivance-bandwidth,9,128,2,h128_l2,83466,333864,0.318398,300,16,512,1,32,1.542,5.139,0.00000000
builtin,9,256,2,h256_l2,199690,798760,0.761757,300,16,512,1,32,2.343,7.811,0.00000000
ring,9,256,2,h256_l2,199690,798760,0.761757,300,16,512,1,32,2.708,9.026,0.00000000
recursive-doubling-latency,9,256,2,h256_l2,199690,798760,0.761757,300,16,512,1,32,2.472,8.241,0.00000000
recursive-doubling-bandwidth,9,256,2,h256_l2,199690,798760,0.761757,300,16,512,1,32,2.933,9.778,0.00000000
swing-latency,9,256,2,h256_l2,199690,798760,0.761757,300,16,512,1,32,2.456,8.187,0.00000012
swing-bandwidth,9,256,2,h256_l2,199690,798760,0.761757,300,16,512,1,32,2.804,9.346,0.00000000
bruck-latency,9,256,2,h256_l2,199690,798760,0.761757,300,16,512,1,32,2.787,9.290,0.00000418
bruck-bandwidth,9,256,2,h256_l2,199690,798760,0.761757,300,16,512,1,32,2.775,9.249,0.00000000
trivance-latency,9,256,2,h256_l2,199690,798760,0.761757,300,16,512,1,32,2.653,8.845,0.00000208
trivance-bandwidth,9,256,2,h256_l2,199690,798760,0.761757,300,16,512,1,32,2.827,9.423,0.00000000
builtin,9,512,2,h512_l2,530442,2121768,2.023476,300,16,512,1,32,4.573,15.243,0.00000000
ring,9,512,2,h512_l2,530442,2121768,2.023476,300,16,512,1,32,5.427,18.091,0.00000000
recursive-doubling-latency,9,512,2,h512_l2,530442,2121768,2.023476,300,16,512,1,32,5.947,19.825,0.00000000
recursive-doubling-bandwidth,9,512,2,h512_l2,530442,2121768,2.023476,300,16,512,1,32,6.633,22.109,0.00000000
swing-latency,9,512,2,h512_l2,530442,2121768,2.023476,300,16,512,1,32,6.190,20.632,0.00000136
swing-bandwidth,9,512,2,h512_l2,530442,2121768,2.023476,300,16,512,1,32,6.574,21.915,0.00000000
bruck-latency,9,512,2,h512_l2,530442,2121768,2.023476,300,16,512,1,32,6.564,21.880,0.00000172
bruck-bandwidth,9,512,2,h512_l2,530442,2121768,2.023476,300,16,512,1,32,5.846,19.486,0.00000000
trivance-latency,9,512,2,h512_l2,530442,2121768,2.023476,300,16,512,1,32,6.534,21.781,0.00000241
trivance-bandwidth,9,512,2,h512_l2,530442,2121768,2.023476,300,16,512,1,32,5.708,19.026,0.00000000
builtin,9,1024,2,h1024_l2,1585162,6340648,6.046913,300,16,512,1,32,12.588,41.961,0.00000000
ring,9,1024,2,h1024_l2,1585162,6340648,6.046913,300,16,512,1,32,16.081,53.604,0.00000000
recursive-doubling-latency,9,1024,2,h1024_l2,1585162,6340648,6.046913,300,16,512,1,32,17.112,57.039,0.00000000
recursive-doubling-bandwidth,9,1024,2,h1024_l2,1585162,6340648,6.046913,300,16,512,1,32,19.756,65.854,0.00000000
swing-latency,9,1024,2,h1024_l2,1585162,6340648,6.046913,300,16,512,1,32,17.238,57.460,0.00000110
swing-bandwidth,9,1024,2,h1024_l2,1585162,6340648,6.046913,300,16,512,1,32,18.953,63.177,0.00000000
bruck-latency,9,1024,2,h1024_l2,1585162,6340648,6.046913,300,16,512,1,32,18.179,60.598,0.00000194
bruck-bandwidth,9,1024,2,h1024_l2,1585162,6340648,6.046913,300,16,512,1,32,18.585,61.950,0.00000000
trivance-latency,9,1024,2,h1024_l2,1585162,6340648,6.046913,300,16,512,1,32,18.326,61.087,0.00000279
trivance-bandwidth,9,1024,2,h1024_l2,1585162,6340648,6.046913,300,16,512,1,32,18.632,62.108,0.00000000
builtin,9,1024,4,h1024_l4,3684362,14737448,14.054726,300,16,512,1,32,26.831,89.436,0.00000000
ring,9,1024,4,h1024_l4,3684362,14737448,14.054726,300,16,512,1,32,36.954,123.180,0.00000000
recursive-doubling-latency,9,1024,4,h1024_l4,3684362,14737448,14.054726,300,16,512,1,32,37.372,124.575,0.00000000
recursive-doubling-bandwidth,9,1024,4,h1024_l4,3684362,14737448,14.054726,300,16,512,1,32,41.802,139.341,0.00000000
swing-latency,9,1024,4,h1024_l4,3684362,14737448,14.054726,300,16,512,1,32,37.084,123.614,0.00000095
swing-bandwidth,9,1024,4,h1024_l4,3684362,14737448,14.054726,300,16,512,1,32,41.282,137.608,0.00000000
bruck-latency,9,1024,4,h1024_l4,3684362,14737448,14.054726,300,16,512,1,32,40.229,134.097,0.00000136
bruck-bandwidth,9,1024,4,h1024_l4,3684362,14737448,14.054726,300,16,512,1,32,38.084,126.945,0.00000000
trivance-latency,9,1024,4,h1024_l4,3684362,14737448,14.054726,300,16,512,1,32,39.085,130.284,0.00000103
trivance-bandwidth,9,1024,4,h1024_l4,3684362,14737448,14.054726,300,16,512,1,32,37.462,124.873,0.00000000
builtin,9,32,2,h32_l2,17802,71208,0.067909,300,16,512,1,33,1.186,3.954,0.00000000
ring,9,32,2,h32_l2,17802,71208,0.067909,300,16,512,1,33,1.269,4.230,0.00000000
recursive-doubling-latency,9,32,2,h32_l2,17802,71208,0.067909,300,16,512,1,33,0.762,2.540,0.00000000
recursive-doubling-bandwidth,9,32,2,h32_l2,17802,71208,0.067909,300,16,512,1,33,0.998,3.326,0.00000000
swing-latency,9,32,2,h32_l2,17802,71208,0.067909,300,16,512,1,33,0.783,2.609,0.00000006
swing-bandwidth,9,32,2,h32_l2,17802,71208,0.067909,300,16,512,1,33,1.039,3.462,0.00000000
bruck-latency,9,32,2,h32_l2,17802,71208,0.067909,300,16,512,1,33,0.795,2.650,0.00000033
bruck-bandwidth,9,32,2,h32_l2,17802,71208,0.067909,300,16,512,1,33,1.072,3.573,0.00000000
trivance-latency,9,32,2,h32_l2,17802,71208,0.067909,300,16,512,1,33,0.811,2.704,0.00000033
trivance-bandwidth,9,32,2,h32_l2,17802,71208,0.067909,300,16,512,1,33,1.021,3.402,0.00000000
builtin,9,64,2,h64_l2,37642,150568,0.143593,300,16,512,1,33,1.279,4.264,0.00000000
ring,9,64,2,h64_l2,37642,150568,0.143593,300,16,512,1,33,1.378,4.592,0.00000000
recursive-doubling-latency,9,64,2,h64_l2,37642,150568,0.143593,300,16,512,1,33,0.895,2.984,0.00000000
recursive-doubling-bandwidth,9,64,2,h64_l2,37642,150568,0.143593,300,16,512,1,33,1.185,3.951,0.00000000
swing-latency,9,64,2,h64_l2,37642,150568,0.143593,300,16,512,1,33,0.916,3.053,0.00000017
swing-bandwidth,9,64,2,h64_l2,37642,150568,0.143593,300,16,512,1,33,1.188,3.959,0.00000000
bruck-latency,9,64,2,h64_l2,37642,150568,0.143593,300,16,512,1,33,0.979,3.265,0.00000034
bruck-bandwidth,9,64,2,h64_l2,37642,150568,0.143593,300,16,512,1,33,1.234,4.114,0.00000000
trivance-latency,9,64,2,h64_l2,37642,150568,0.143593,300,16,512,1,33,0.976,3.254,0.00000022
trivance-bandwidth,9,64,2,h64_l2,37642,150568,0.143593,300,16,512,1,33,1.212,4.040,0.00000000
builtin,9,128,2,h128_l2,83466,333864,0.318398,300,16,512,1,33,1.565,5.217,0.00000000
ring,9,128,2,h128_l2,83466,333864,0.318398,300,16,512,1,33,1.696,5.653,0.00000000
recursive-doubling-latency,9,128,2,h128_l2,83466,333864,0.318398,300,16,512,1,33,1.402,4.672,0.00000000
recursive-doubling-bandwidth,9,128,2,h128_l2,83466,333864,0.318398,300,16,512,1,33,1.600,5.333,0.00000000
swing-latency,9,128,2,h128_l2,83466,333864,0.318398,300,16,512,1,33,1.381,4.602,0.00000006
swing-bandwidth,9,128,2,h128_l2,83466,333864,0.318398,300,16,512,1,33,1.632,5.439,0.00000000
bruck-latency,9,128,2,h128_l2,83466,333864,0.318398,300,16,512,1,33,1.530,5.102,0.00000135
bruck-bandwidth,9,128,2,h128_l2,83466,333864,0.318398,300,16,512,1,33,1.619,5.396,0.00000000
trivance-latency,9,128,2,h128_l2,83466,333864,0.318398,300,16,512,1,33,1.471,4.903,0.00000402
trivance-bandwidth,9,128,2,h128_l2,83466,333864,0.318398,300,16,512,1,33,1.576,5.253,0.00000000
builtin,9,256,2,h256_l2,199690,798760,0.761757,300,16,512,1,33,2.262,7.540,0.00000000
ring,9,256,2,h256_l2,199690,798760,0.761757,300,16,512,1,33,2.874,9.579,0.00000000
recursive-doubling-latency,9,256,2,h256_l2,199690,798760,0.761757,300,16,512,1,33,2.574,8.581,0.00000000
recursive-doubling-bandwidth,9,256,2,h256_l2,199690,798760,0.761757,300,16,512,1,33,2.878,9.592,0.00000000
swing-latency,9,256,2,h256_l2,199690,798760,0.761757,300,16,512,1,33,2.633,8.776,0.00000012
swing-bandwidth,9,256,2,h256_l2,199690,798760,0.761757,300,16,512,1,33,2.932,9.773,0.00000000
bruck-latency,9,256,2,h256_l2,199690,798760,0.761757,300,16,512,1,33,2.743,9.143,0.00000418
bruck-bandwidth,9,256,2,h256_l2,199690,798760,0.761757,300,16,512,1,33,2.832,9.438,0.00000000
trivance-latency,9,256,2,h256_l2,199690,798760,0.761757,300,16,512,1,33,2.663,8.875,0.00000208
trivance-bandwidth,9,256,2,h256_l2,199690,798760,0.761757,300,16,512,1,33,2.812,9.374,0.00000000
builtin,9,512,2,h512_l2,530442,2121768,2.023476,300,16,512,1,33,4.493,14.975,0.00000000
ring,9,512,2,h512_l2,530442,2121768,2.023476,300,16,512,1,33,5.105,17.018,0.00000000
recursive-doubling-latency,9,512,2,h512_l2,530442,2121768,2.023476,300,16,512,1,33,5.941,19.804,0.00000000
recursive-doubling-bandwidth,9,512,2,h512_l2,530442,2121768,2.023476,300,16,512,1,33,6.814,22.712,0.00000000
swing-latency,9,512,2,h512_l2,530442,2121768,2.023476,300,16,512,1,33,5.920,19.732,0.00000136
swing-bandwidth,9,512,2,h512_l2,530442,2121768,2.023476,300,16,512,1,33,7.096,23.654,0.00000000
bruck-latency,9,512,2,h512_l2,530442,2121768,2.023476,300,16,512,1,33,7.193,23.975,0.00000172
bruck-bandwidth,9,512,2,h512_l2,530442,2121768,2.023476,300,16,512,1,33,5.713,19.044,0.00000000
trivance-latency,9,512,2,h512_l2,530442,2121768,2.023476,300,16,512,1,33,6.636,22.119,0.00000241
trivance-bandwidth,9,512,2,h512_l2,530442,2121768,2.023476,300,16,512,1,33,5.777,19.257,0.00000000
builtin,9,1024,2,h1024_l2,1585162,6340648,6.046913,300,16,512,1,33,12.784,42.615,0.00000000
ring,9,1024,2,h1024_l2,1585162,6340648,6.046913,300,16,512,1,33,16.333,54.444,0.00000000
recursive-doubling-latency,9,1024,2,h1024_l2,1585162,6340648,6.046913,300,16,512,1,33,17.525,58.416,0.00000000
recursive-doubling-bandwidth,9,1024,2,h1024_l2,1585162,6340648,6.046913,300,16,512,1,33,19.513,65.044,0.00000000
swing-latency,9,1024,2,h1024_l2,1585162,6340648,6.046913,300,16,512,1,33,17.030,56.767,0.00000110
swing-bandwidth,9,1024,2,h1024_l2,1585162,6340648,6.046913,300,16,512,1,33,19.826,66.087,0.00000000
bruck-latency,9,1024,2,h1024_l2,1585162,6340648,6.046913,300,16,512,1,33,19.360,64.535,0.00000194
bruck-bandwidth,9,1024,2,h1024_l2,1585162,6340648,6.046913,300,16,512,1,33,18.555,61.851,0.00000000
trivance-latency,9,1024,2,h1024_l2,1585162,6340648,6.046913,300,16,512,1,33,19.150,63.832,0.00000279
trivance-bandwidth,9,1024,2,h1024_l2,1585162,6340648,6.046913,300,16,512,1,33,18.015,60.050,0.00000000
builtin,9,1024,4,h1024_l4,3684362,14737448,14.054726,300,16,512,1,33,25.937,86.455,0.00000000
ring,9,1024,4,h1024_l4,3684362,14737448,14.054726,300,16,512,1,33,33.575,111.917,0.00000000
recursive-doubling-latency,9,1024,4,h1024_l4,3684362,14737448,14.054726,300,16,512,1,33,35.015,116.718,0.00000000
recursive-doubling-bandwidth,9,1024,4,h1024_l4,3684362,14737448,14.054726,300,16,512,1,33,39.499,131.664,0.00000000
swing-latency,9,1024,4,h1024_l4,3684362,14737448,14.054726,300,16,512,1,33,37.752,125.839,0.00000095
swing-bandwidth,9,1024,4,h1024_l4,3684362,14737448,14.054726,300,16,512,1,33,40.599,135.329,0.00000000
bruck-latency,9,1024,4,h1024_l4,3684362,14737448,14.054726,300,16,512,1,33,41.038,136.794,0.00000136
bruck-bandwidth,9,1024,4,h1024_l4,3684362,14737448,14.054726,300,16,512,1,33,37.674,125.580,0.00000000
trivance-latency,9,1024,4,h1024_l4,3684362,14737448,14.054726,300,16,512,1,33,38.191,127.304,0.00000103
trivance-bandwidth,9,1024,4,h1024_l4,3684362,14737448,14.054726,300,16,512,1,33,37.496,124.987,0.00000000
builtin,9,32,2,h32_l2,17802,71208,0.067909,300,16,512,1,34,1.226,4.088,0.00000000
ring,9,32,2,h32_l2,17802,71208,0.067909,300,16,512,1,34,1.258,4.193,0.00000000
recursive-doubling-latency,9,32,2,h32_l2,17802,71208,0.067909,300,16,512,1,34,0.778,2.593,0.00000000
recursive-doubling-bandwidth,9,32,2,h32_l2,17802,71208,0.067909,300,16,512,1,34,1.093,3.645,0.00000000
swing-latency,9,32,2,h32_l2,17802,71208,0.067909,300,16,512,1,34,0.745,2.485,0.00000006
swing-bandwidth,9,32,2,h32_l2,17802,71208,0.067909,300,16,512,1,34,1.031,3.437,0.00000000
bruck-latency,9,32,2,h32_l2,17802,71208,0.067909,300,16,512,1,34,0.802,2.675,0.00000033
bruck-bandwidth,9,32,2,h32_l2,17802,71208,0.067909,300,16,512,1,34,1.025,3.417,0.00000000
trivance-latency,9,32,2,h32_l2,17802,71208,0.067909,300,16,512,1,34,0.790,2.635,0.00000033
trivance-bandwidth,9,32,2,h32_l2,17802,71208,0.067909,300,16,512,1,34,1.025,3.417,0.00000000
builtin,9,64,2,h64_l2,37642,150568,0.143593,300,16,512,1,34,1.264,4.214,0.00000000
ring,9,64,2,h64_l2,37642,150568,0.143593,300,16,512,1,34,1.365,4.549,0.00000000
recursive-doubling-latency,9,64,2,h64_l2,37642,150568,0.143593,300,16,512,1,34,0.904,3.014,0.00000000
recursive-doubling-bandwidth,9,64,2,h64_l2,37642,150568,0.143593,300,16,512,1,34,1.163,3.877,0.00000000
swing-latency,9,64,2,h64_l2,37642,150568,0.143593,300,16,512,1,34,0.947,3.156,0.00000017
swing-bandwidth,9,64,2,h64_l2,37642,150568,0.143593,300,16,512,1,34,1.164,3.880,0.00000000
bruck-latency,9,64,2,h64_l2,37642,150568,0.143593,300,16,512,1,34,1.033,3.442,0.00000034
bruck-bandwidth,9,64,2,h64_l2,37642,150568,0.143593,300,16,512,1,34,1.211,4.037,0.00000000
trivance-latency,9,64,2,h64_l2,37642,150568,0.143593,300,16,512,1,34,0.959,3.197,0.00000022
trivance-bandwidth,9,64,2,h64_l2,37642,150568,0.143593,300,16,512,1,34,1.198,3.994,0.00000000
builtin,9,128,2,h128_l2,83466,333864,0.318398,300,16,512,1,34,1.586,5.288,0.00000000
ring,9,128,2,h128_l2,83466,333864,0.318398,300,16,512,1,34,1.721,5.737,0.00000000
recursive-doubling-latency,9,128,2,h128_l2,83466,333864,0.318398,300,16,512,1,34,1.423,4.742,0.00000000
recursive-doubling-bandwidth,9,128,2,h128_l2,83466,333864,0.318398,300,16,512,1,34,1.561,5.204,0.00000000
swing-latency,9,128,2,h128_l2,83466,333864,0.318398,300,16,512,1,34,1.257,4.190,0.00000006
swing-bandwidth,9,128,2,h128_l2,83466,333864,0.318398,300,16,512,1,34,1.739,5.796,0.00000000
bruck-latency,9,128,2,h128_l2,83466,333864,0.318398,300,16,512,1,34,1.465,4.882,0.00000135
bruck-bandwidth,9,128,2,h128_l2,83466,333864,0.318398,300,16,512,1,34,1.576,5.254,0.00000000
trivance-latency,9,128,2,h128_l2,83466,333864,0.318398,300,16,512,1,34,1.442,4.805,0.00000402
trivance-bandwidth,9,128,2,h128_l2,83466,333864,0.318398,300,16,512,1,34,1.548,5.161,0.00000000
builtin,9,256,2,h256_l2,199690,798760,0.761757,300,16,512,1,34,2.316,7.719,0.00000000
ring,9,256,2,h256_l2,199690,798760,0.761757,300,16,512,1,34,2.822,9.406,0.00000000
recursive-doubling-latency,9,256,2,h256_l2,199690,798760,0.761757,300,16,512,1,34,2.512,8.374,0.00000000
recursive-doubling-bandwidth,9,256,2,h256_l2,199690,798760,0.761757,300,16,512,1,34,2.901,9.671,0.00000000
swing-latency,9,256,2,h256_l2,199690,798760,0.761757,300,16,512,1,34,2.580,8.601,0.00000012
swing-bandwidth,9,256,2,h256_l2,199690,798760,0.761757,300,16,512,1,34,2.878,9.594,0.00000000
bruck-latency,9,256,2,h256_l2,199690,798760,0.761757,300,16,512,1,34,2.766,9.219,0.00000418
bruck-bandwidth,9,256,2,h256_l2,199690,798760,0.761757,300,16,512,1,34,2.719,9.063,0.00000000
trivance-latency,9,256,2,h256_l2,199690,798760,0.761757,300,16,512,1,34,2.737,9.123,0.00000208
trivance-bandwidth,9,256,2,h256_l2,199690,798760,0.761757,300,16,512,1,34,2.717,9.056,0.00000000
builtin,9,512,2,h512_l2,530442,2121768,2.023476,300,16,512,1,34,4.283,14.276,0.00000000
ring,9,512,2,h512_l2,530442,2121768,2.023476,300,16,512,1,34,5.047,16.823,0.00000000
recursive-doubling-latency,9,512,2,h512_l2,530442,2121768,2.023476,300,16,512,1,34,6.219,20.731,0.00000000
recursive-doubling-bandwidth,9,512,2,h512_l2,530442,2121768,2.023476,300,16,512,1,34,6.902,23.008,0.00000000
swing-latency,9,512,2,h512_l2,530442,2121768,2.023476,300,16,512,1,34,5.897,19.656,0.00000136
swing-bandwidth,9,512,2,h512_l2,530442,2121768,2.023476,300,16,512,1,34,6.717,22.391,0.00000000
bruck-latency,9,512,2,h512_l2,530442,2121768,2.023476,300,16,512,1,34,6.481,21.605,0.00000172
bruck-bandwidth,9,512,2,h512_l2,530442,2121768,2.023476,300,16,512,1,34,5.808,19.358,0.00000000
trivance-latency,9,512,2,h512_l2,530442,2121768,2.023476,300,16,512,1,34,6.591,21.972,0.00000241
trivance-bandwidth,9,512,2,h512_l2,530442,2121768,2.023476,300,16,512,1,34,5.681,18.936,0.00000000
builtin,9,1024,2,h1024_l2,1585162,6340648,6.046913,300,16,512,1,34,12.996,43.320,0.00000000
ring,9,1024,2,h1024_l2,1585162,6340648,6.046913,300,16,512,1,34,16.196,53.988,0.00000000
recursive-doubling-latency,9,1024,2,h1024_l2,1585162,6340648,6.046913,300,16,512,1,34,17.523,58.410,0.00000000
recursive-doubling-bandwidth,9,1024,2,h1024_l2,1585162,6340648,6.046913,300,16,512,1,34,19.802,66.006,0.00000000
swing-latency,9,1024,2,h1024_l2,1585162,6340648,6.046913,300,16,512,1,34,17.716,59.054,0.00000110
swing-bandwidth,9,1024,2,h1024_l2,1585162,6340648,6.046913,300,16,512,1,34,20.217,67.389,0.00000000
bruck-latency,9,1024,2,h1024_l2,1585162,6340648,6.046913,300,16,512,1,34,18.887,62.958,0.00000194
bruck-bandwidth,9,1024,2,h1024_l2,1585162,6340648,6.046913,300,16,512,1,34,18.425,61.417,0.00000000
trivance-latency,9,1024,2,h1024_l2,1585162,6340648,6.046913,300,16,512,1,34,18.814,62.714,0.00000279
trivance-bandwidth,9,1024,2,h1024_l2,1585162,6340648,6.046913,300,16,512,1,34,19.221,64.071,0.00000000
builtin,9,1024,4,h1024_l4,3684362,14737448,14.054726,300,16,512,1,34,26.743,89.144,0.00000000
ring,9,1024,4,h1024_l4,3684362,14737448,14.054726,300,16,512,1,34,34.414,114.712,0.00000000
recursive-doubling-latency,9,1024,4,h1024_l4,3684362,14737448,14.054726,300,16,512,1,34,36.326,121.087,0.00000000
recursive-doubling-bandwidth,9,1024,4,h1024_l4,3684362,14737448,14.054726,300,16,512,1,34,40.938,136.458,0.00000000
swing-latency,9,1024,4,h1024_l4,3684362,14737448,14.054726,300,16,512,1,34,37.114,123.712,0.00000095
swing-bandwidth,9,1024,4,h1024_l4,3684362,14737448,14.054726,300,16,512,1,34,42.572,141.906,0.00000000
bruck-latency,9,1024,4,h1024_l4,3684362,14737448,14.054726,300,16,512,1,34,41.647,138.822,0.00000136
bruck-bandwidth,9,1024,4,h1024_l4,3684362,14737448,14.054726,300,16,512,1,34,39.621,132.070,0.00000000
trivance-latency,9,1024,4,h1024_l4,3684362,14737448,14.054726,300,16,512,1,34,40.401,134.672,0.00000103
trivance-bandwidth,9,1024,4,h1024_l4,3684362,14737448,14.054726,300,16,512,1,34,36.644,122.148,0.00000000
builtin,9,32,2,h32_l2,17802,71208,0.067909,300,16,512,1,35,1.191,3.970,0.00000000
ring,9,32,2,h32_l2,17802,71208,0.067909,300,16,512,1,35,1.223,4.077,0.00000000
recursive-doubling-latency,9,32,2,h32_l2,17802,71208,0.067909,300,16,512,1,35,0.797,2.658,0.00000000
recursive-doubling-bandwidth,9,32,2,h32_l2,17802,71208,0.067909,300,16,512,1,35,1.011,3.371,0.00000000
swing-latency,9,32,2,h32_l2,17802,71208,0.067909,300,16,512,1,35,0.779,2.595,0.00000006
swing-bandwidth,9,32,2,h32_l2,17802,71208,0.067909,300,16,512,1,35,1.047,3.491,0.00000000
bruck-latency,9,32,2,h32_l2,17802,71208,0.067909,300,16,512,1,35,0.843,2.809,0.00000033
bruck-bandwidth,9,32,2,h32_l2,17802,71208,0.067909,300,16,512,1,35,1.050,3.501,0.00000000
trivance-latency,9,32,2,h32_l2,17802,71208,0.067909,300,16,512,1,35,0.785,2.615,0.00000033
trivance-bandwidth,9,32,2,h32_l2,17802,71208,0.067909,300,16,512,1,35,0.996,3.319,0.00000000
builtin,9,64,2,h64_l2,37642,150568,0.143593,300,16,512,1,35,1.253,4.178,0.00000000
ring,9,64,2,h64_l2,37642,150568,0.143593,300,16,512,1,35,1.423,4.745,0.00000000
recursive-doubling-latency,9,64,2,h64_l2,37642,150568,0.143593,300,16,512,1,35,0.919,3.064,0.00000000
recursive-doubling-bandwidth,9,64,2,h64_l2,37642,150568,0.143593,300,16,512,1,35,1.189,3.962,0.00000000
swing-latency,9,64,2,h64_l2,37642,150568,0.143593,300,16,512,1,35,0.956,3.187,0.00000017
swing-bandwidth,9,64,2,h64_l2,37642,150568,0.143593,300,16,512,1,35,1.229,4.097,0.00000000
bruck-latency,9,64,2,h64_l2,37642,150568,0.143593,300,16,512,1,35,0.953,3.178,0.00000034
bruck-bandwidth,9,64,2,h64_l2,37642,150568,0.143593,300,16,512,1,35,1.197,3.991,0.00000000
trivance-latency,9,64,2,h64_l2,37642,150568,0.143593,300,16,512,1,35,0.966,3.218,0.00000022
trivance-bandwidth,9,64,2,h64_l2,37642,150568,0.143593,300,16,512,1,35,1.180,3.934,0.00000000
builtin,9,128,2,h128_l2,83466,333864,0.318398,300,16,512,1,35,1.592,5.306,0.00000000
ring,9,128,2,h128_l2,83466,333864,0.318398,300,16,512,1,35,1.727,5.757,0.00000000
recursive-doubling-latency,9,128,2,h128_l2,83466,333864,0.318398,300,16,512,1,35,1.387,4.624,0.00000000
recursive-doubling-bandwidth,9,128,2,h128_l2,83466,333864,0.318398,300,16,512,1,35,1.686,5.620,0.00000000
swing-latency,9,128,2,h128_l2,83466,333864,0.318398,300,16,512,1,35,1.372,4.572,0.00000006
swing-bandwidth,9,128,2,h128_l2,83466,333864,0.318398,300,16,512,1,35,1.611,5.370,0.00000000
bruck-latency,9,128,2,h128_l2,83466,333864,0.318398,300,16,512,1,35,1.507,5.025,0.00000135
bruck-bandwidth,9,128,2,h128_l2,83466,333864,0.318398,300,16,512,1,35,1.600,5.335,0.00000000
trivance-latency,9,128,2,h128_l2,83466,333864,0.318398,300,16,512,1,35,1.470,4.900,0.00000402
trivance-bandwidth,9,128,2,h128_l2,83466,333864,0.318398,300,16,512,1,35,1.531,5.102,0.00000000
builtin,9,256,2,h256_l2,199690,798760,0.761757,300,16,512,1,35,2.330,7.767,0.00000000
ring,9,256,2,h256_l2,199690,798760,0.761757,300,16,512,1,35,2.797,9.322,0.00000000
recursive-doubling-latency,9,256,2,h256_l2,199690,798760,0.761757,300,16,512,1,35,2.555,8.518,0.00000000
recursive-doubling-bandwidth,9,256,2,h256_l2,199690,798760,0.761757,300,16,512,1,35,2.882,9.608,0.00000000
swing-latency,9,256,2,h256_l2,199690,798760,0.761757,300,16,512,1,35,2.458,8.195,0.00000012
swing-bandwidth,9,256,2,h256_l2,199690,798760,0.761757,300,16,512,1,35,3.055,10.184,0.00000000
bruck-latency,9,256,2,h256_l2,199690,798760,0.761757,300,16,512,1,35,2.807,9.358,0.00000418
bruck-bandwidth,9,256,2,h256_l2,199690,798760,0.761757,300,16,512,1,35,2.858,9.526,0.00000000
trivance-latency,9,256,2,h256_l2,199690,798760,0.761757,300,16,512,1,35,2.718,9.061,0.00000208
trivance-bandwidth,9,256,2,h256_l2,199690,798760,0.761757,300,16,512,1,35,2.758,9.193,0.00000000
builtin,9,512,2,h512_l2,530442,2121768,2.023476,300,16,512,1,35,4.426,14.752,0.00000000
ring,9,512,2,h512_l2,530442,2121768,2.023476,300,16,512,1,35,5.096,16.988,0.00000000
recursive-doubling-latency,9,512,2,h512_l2,530442,2121768,2.023476,300,16,512,1,35,6.072,20.239,0.00000000
recursive-doubling-bandwidth,9,512,2,h512_l2,530442,2121768,2.023476,300,16,512,1,35,7.099,23.662,0.00000000
swing-latency,9,512,2,h512_l2,530442,2121768,2.023476,300,16,512,1,35,6.244,20.812,0.00000136
swing-bandwidth,9,512,2,h512_l2,530442,2121768,2.023476,300,16,512,1,35,7.101,23.670,0.00000000
bruck-latency,9,512,2,h512_l2,530442,2121768,2.023476,300,16,512,1,35,6.936,23.121,0.00000172
bruck-bandwidth,9,512,2,h512_l2,530442,2121768,2.023476,300,16,512,1,35,6.047,20.156,0.00000000
trivance-latency,9,512,2,h512_l2,530442,2121768,2.023476,300,16,512,1,35,6.593,21.977,0.00000241
trivance-bandwidth,9,512,2,h512_l2,530442,2121768,2.023476,300,16,512,1,35,5.690,18.968,0.00000000
builtin,9,1024,2,h1024_l2,1585162,6340648,6.046913,300,16,512,1,35,12.580,41.934,0.00000000
ring,9,1024,2,h1024_l2,1585162,6340648,6.046913,300,16,512,1,35,16.681,55.603,0.00000000
recursive-doubling-latency,9,1024,2,h1024_l2,1585162,6340648,6.046913,300,16,512,1,35,17.627,58.758,0.00000000
recursive-doubling-bandwidth,9,1024,2,h1024_l2,1585162,6340648,6.046913,300,16,512,1,35,19.468,64.894,0.00000000
swing-latency,9,1024,2,h1024_l2,1585162,6340648,6.046913,300,16,512,1,35,17.960,59.866,0.00000110
swing-bandwidth,9,1024,2,h1024_l2,1585162,6340648,6.046913,300,16,512,1,35,20.669,68.896,0.00000000
bruck-latency,9,1024,2,h1024_l2,1585162,6340648,6.046913,300,16,512,1,35,18.556,61.852,0.00000194
bruck-bandwidth,9,1024,2,h1024_l2,1585162,6340648,6.046913,300,16,512,1,35,18.793,62.642,0.00000000
trivance-latency,9,1024,2,h1024_l2,1585162,6340648,6.046913,300,16,512,1,35,17.985,59.951,0.00000279
trivance-bandwidth,9,1024,2,h1024_l2,1585162,6340648,6.046913,300,16,512,1,35,18.119,60.397,0.00000000
builtin,9,1024,4,h1024_l4,3684362,14737448,14.054726,300,16,512,1,35,26.166,87.220,0.00000000
ring,9,1024,4,h1024_l4,3684362,14737448,14.054726,300,16,512,1,35,33.532,111.774,0.00000000
recursive-doubling-latency,9,1024,4,h1024_l4,3684362,14737448,14.054726,300,16,512,1,35,37.421,124.738,0.00000000
recursive-doubling-bandwidth,9,1024,4,h1024_l4,3684362,14737448,14.054726,300,16,512,1,35,41.563,138.542,0.00000000
swing-latency,9,1024,4,h1024_l4,3684362,14737448,14.054726,300,16,512,1,35,36.633,122.111,0.00000095
swing-bandwidth,9,1024,4,h1024_l4,3684362,14737448,14.054726,300,16,512,1,35,40.646,135.486,0.00000000
bruck-latency,9,1024,4,h1024_l4,3684362,14737448,14.054726,300,16,512,1,35,39.633,132.109,0.00000136
bruck-bandwidth,9,1024,4,h1024_l4,3684362,14737448,14.054726,300,16,512,1,35,39.356,131.187,0.00000000
trivance-latency,9,1024,4,h1024_l4,3684362,14737448,14.054726,300,16,512,1,35,39.874,132.912,0.00000103
trivance-bandwidth,9,1024,4,h1024_l4,3684362,14737448,14.054726,300,16,512,1,35,37.639,125.464,0.00000000
builtin,9,32,2,h32_l2,17802,71208,0.067909,300,16,512,1,36,1.213,4.043,0.00000000
ring,9,32,2,h32_l2,17802,71208,0.067909,300,16,512,1,36,1.218,4.060,0.00000000
recursive-doubling-latency,9,32,2,h32_l2,17802,71208,0.067909,300,16,512,1,36,0.762,2.541,0.00000000
recursive-doubling-bandwidth,9,32,2,h32_l2,17802,71208,0.067909,300,16,512,1,36,1.035,3.451,0.00000000
swing-latency,9,32,2,h32_l2,17802,71208,0.067909,300,16,512,1,36,0.764,2.546,0.00000006
swing-bandwidth,9,32,2,h32_l2,17802,71208,0.067909,300,16,512,1,36,1.049,3.497,0.00000000
bruck-latency,9,32,2,h32_l2,17802,71208,0.067909,300,16,512,1,36,0.815,2.715,0.00000033
bruck-bandwidth,9,32,2,h32_l2,17802,71208,0.067909,300,16,512,1,36,1.040,3.466,0.00000000
trivance-latency,9,32,2,h32_l2,17802,71208,0.067909,300,16,512,1,36,0.787,2.623,0.00000033
trivance-bandwidth,9,32,2,h32_l2,17802,71208,0.067909,300,16,512,1,36,1.019,3.396,0.00000000
builtin,9,64,2,h64_l2,37642,150568,0.143593,300,16,512,1,36,1.253,4.178,0.00000000
ring,9,64,2,h64_l2,37642,150568,0.143593,300,16,512,1,36,1.387,4.625,0.00000000
recursive-doubling-latency,9,64,2,h64_l2,37642,150568,0.143593,300,16,512,1,36,0.937,3.122,0.00000000
recursive-doubling-bandwidth,9,64,2,h64_l2,37642,150568,0.143593,300,16,512,1,36,1.183,3.943,0.00000000
swing-latency,9,64,2,h64_l2,37642,150568,0.143593,300,16,512,1,36,0.963,3.209,0.00000017
swing-bandwidth,9,64,2,h64_l2,37642,150568,0.143593,300,16,512,1,36,1.162,3.873,0.00000000
bruck-latency,9,64,2,h64_l2,37642,150568,0.143593,300,16,512,1,36,1.015,3.382,0.00000034
bruck-bandwidth,9,64,2,h64_l2,37642,150568,0.143593,300,16,512,1,36,1.208,4.025,0.00000000
trivance-latency,9,64,2,h64_l2,37642,150568,0.143593,300,16,512,1,36,0.925,3.083,0.00000022
trivance-bandwidth,9,64,2,h64_l2,37642,150568,0.143593,300,16,512,1,36,1.174,3.915,0.00000000
builtin,9,128,2,h128_l2,83466,333864,0.318398,300,16,512,1,36,1.599,5.329,0.00000000
ring,9,128,2,h128_l2,83466,333864,0.318398,300,16,512,1,36,1.661,5.537,0.00000000
recursive-doubling-latency,9,128,2,h128_l2,83466,333864,0.318398,300,16,512,1,36,1.390,4.632,0.00000000
recursive-doubling-bandwidth,9,128,2,h128_l2,83466,333864,0.318398,300,16,512,1,36,1.583,5.277,0.00000000
swing-latency,9,128,2,h128_l2,83466,333864,0.318398,300,16,512,1,36,1.386,4.619,0.00000006
swing-bandwidth,9,128,2,h128_l2,83466,333864,0.318398,300,16,512,1,36,1.639,5.463,0.00000000
bruck-latency,9,128,2,h128_l2,83466,333864,0.318398,300,16,512,1,36,1.489,4.962,0.00000135
bruck-bandwidth,9,128,2,h128_l2,83466,333864,0.318398,300,16,512,1,36,1.566,5.219,0.00000000
trivance-latency,9,128,2,h128_l2,83466,333864,0.318398,300,16,512,1,36,1.485,4.951,0.00000402
trivance-bandwidth,9,128,2,h128_l2,83466,333864,0.318398,300,16,512,1,36,1.577,5.258,0.00000000
builtin,9,256,2,h256_l2,199690,798760,0.761757,300,16,512,1,36,2.320,7.735,0.00000000
ring,9,256,2,h256_l2,199690,798760,0.761757,300,16,512,1,36,2.711,9.037,0.00000000
recursive-doubling-latency,9,256,2,h256_l2,199690,798760,0.761757,300,16,512,1,36,2.540,8.467,0.00000000
recursive-doubling-bandwidth,9,256,2,h256_l2,199690,798760,0.761757,300,16,512,1,36,2.849,9.497,0.00000000
swing-latency,9,256,2,h256_l2,199690,798760,0.761757,300,16,512,1,36,2.521,8.402,0.00000012
swing-bandwidth,9,256,2,h256_l2,199690,798760,0.761757,300,16,512,1,36,2.895,9.651,0.00000000
bruck-latency,9,256,2,h256_l2,199690,798760,0.761757,300,16,512,1,36,2.777,9.258,0.00000418
bruck-bandwidth,9,256,2,h256_l2,199690,798760,0.761757,300,16,512,1,36,2.822,9.405,0.00000000
trivance-latency,9,256,2,h256_l2,199690,798760,0.761757,300,16,512,1,36,2.679,8.931,0.00000208
trivance-bandwidth,9,256,2,h256_l2,199690,798760,0.761757,300,16,512,1,36,2.750,9.167,0.00000000
builtin,9,512,2,h512_l2,530442,2121768,2.023476,300,16,512,1,36,4.451,14.837,0.00000000
ring,9,512,2,h512_l2,530442,2121768,2.023476,300,16,512,1,36,5.297,17.656,0.00000000
recursive-doubling-latency,9,512,2,h512_l2,530442,2121768,2.023476,300,16,512,1,36,5.849,19.496,0.00000000
recursive-doubling-bandwidth,9,512,2,h512_l2,530442,2121768,2.023476,300,16,512,1,36,6.846,22.818,0.00000000
swing-latency,9,512,2,h512_l2,530442,2121768,2.023476,300,16,512,1,36,5.801,19.338,0.00000136
swing-bandwidth,9,512,2,h512_l2,530442,2121768,2.023476,300,16,512,1,36,7.018,23.394,0.00000000
bruck-latency,9,512,2,h512_l2,530442,2121768,2.023476,300,16,512,1,36,6.672,22.239,0.00000172
bruck-bandwidth,9,512,2,h512_l2,530442,2121768,2.023476,300,16,512,1,36,5.827,19.425,0.00000000
trivance-latency,9,512,2,h512_l2,530442,2121768,2.023476,300,16,512,1,36,6.448,21.494,0.00000241
trivance-bandwidth,9,512,2,h512_l2,530442,2121768,2.023476,300,16,512,1,36,5.753,19.175,0.00000000
builtin,9,1024,2,h1024_l2,1585162,6340648,6.046913,300,16,512,1,36,12.253,40.842,0.00000000
ring,9,1024,2,h1024_l2,1585162,6340648,6.046913,300,16,512,1,36,16.743,55.811,0.00000000
recursive-doubling-latency,9,1024,2,h1024_l2,1585162,6340648,6.046913,300,16,512,1,36,17.378,57.927,0.00000000
recursive-doubling-bandwidth,9,1024,2,h1024_l2,1585162,6340648,6.046913,300,16,512,1,36,19.326,64.419,0.00000000
swing-latency,9,1024,2,h1024_l2,1585162,6340648,6.046913,300,16,512,1,36,17.382,57.940,0.00000110
swing-bandwidth,9,1024,2,h1024_l2,1585162,6340648,6.046913,300,16,512,1,36,19.951,66.503,0.00000000
bruck-latency,9,1024,2,h1024_l2,1585162,6340648,6.046913,300,16,512,1,36,19.798,65.993,0.00000194
bruck-bandwidth,9,1024,2,h1024_l2,1585162,6340648,6.046913,300,16,512,1,36,18.470,61.566,0.00000000
trivance-latency,9,1024,2,h1024_l2,1585162,6340648,6.046913,300,16,512,1,36,18.503,61.678,0.00000279
trivance-bandwidth,9,1024,2,h1024_l2,1585162,6340648,6.046913,300,16,512,1,36,18.389,61.297,0.00000000
builtin,9,1024,4,h1024_l4,3684362,14737448,14.054726,300,16,512,1,36,26.076,86.919,0.00000000
ring,9,1024,4,h1024_l4,3684362,14737448,14.054726,300,16,512,1,36,32.472,108.239,0.00000000
recursive-doubling-latency,9,1024,4,h1024_l4,3684362,14737448,14.054726,300,16,512,1,36,36.276,120.919,0.00000000
recursive-doubling-bandwidth,9,1024,4,h1024_l4,3684362,14737448,14.054726,300,16,512,1,36,41.443,138.144,0.00000000
swing-latency,9,1024,4,h1024_l4,3684362,14737448,14.054726,300,16,512,1,36,35.208,117.359,0.00000095
swing-bandwidth,9,1024,4,h1024_l4,3684362,14737448,14.054726,300,16,512,1,36,42.926,143.086,0.00000000
bruck-latency,9,1024,4,h1024_l4,3684362,14737448,14.054726,300,16,512,1,36,41.518,138.393,0.00000136
bruck-bandwidth,9,1024,4,h1024_l4,3684362,14737448,14.054726,300,16,512,1,36,37.754,125.846,0.00000000
trivance-latency,9,1024,4,h1024_l4,3684362,14737448,14.054726,300,16,512,1,36,40.415,134.718,0.00000103
trivance-bandwidth,9,1024,4,h1024_l4,3684362,14737448,14.054726,300,16,512,1,36,37.226,124.086,0.00000000
builtin,9,32,2,h32_l2,17802,71208,0.067909,300,16,512,1,37,1.170,3.901,0.00000000
ring,9,32,2,h32_l2,17802,71208,0.067909,300,16,512,1,37,1.273,4.245,0.00000000
recursive-doubling-latency,9,32,2,h32_l2,17802,71208,0.067909,300,16,512,1,37,0.804,2.679,0.00000000
recursive-doubling-bandwidth,9,32,2,h32_l2,17802,71208,0.067909,300,16,512,1,37,1.015,3.384,0.00000000
swing-latency,9,32,2,h32_l2,17802,71208,0.067909,300,16,512,1,37,0.757,2.523,0.00000006
swing-bandwidth,9,32,2,h32_l2,17802,71208,0.067909,300,16,512,1,37,1.038,3.461,0.00000000
bruck-latency,9,32,2,h32_l2,17802,71208,0.067909,300,16,512,1,37,0.828,2.761,0.00000033
bruck-bandwidth,9,32,2,h32_l2,17802,71208,0.067909,300,16,512,1,37,1.049,3.496,0.00000000
trivance-latency,9,32,2,h32_l2,17802,71208,0.067909,300,16,512,1,37,0.814,2.712,0.00000033
trivance-bandwidth,9,32,2,h32_l2,17802,71208,0.067909,300,16,512,1,37,1.036,3.454,0.00000000
builtin,9,64,2,h64_l2,37642,150568,0.143593,300,16,512,1,37,1.293,4.310,0.00000000
ring,9,64,2,h64_l2,37642,150568,0.143593,300,16,512,1,37,1.367,4.557,0.00000000
recursive-doubling-latency,9,64,2,h64_l2,37642,150568,0.143593,300,16,512,1,37,0.918,3.060,0.00000000
recursive-doubling-bandwidth,9,64,2,h64_l2,37642,150568,0.143593,300,16,512,1,37,1.210,4.033,0.00000000
swing-latency,9,64,2,h64_l2,37642,150568,0.143593,300,16,512,1,37,0.921,3.069,0.00000017
swing-bandwidth,9,64,2,h64_l2,37642,150568,0.143593,300,16,512,1,37,1.191,3.969,0.00000000
bruck-latency,9,64,2,h64_l2,37642,150568,0.143593,300,16,512,1,37,1.004,3.346,0.00000034
bruck-bandwidth,9,64,2,h64_l2,37642,150568,0.143593,300,16,512,1,37,1.207,4.024,0.00000000
trivance-latency,9,64,2,h64_l2,37642,150568,0.143593,300,16,512,1,37,0.942,3.140,0.00000022
trivance-bandwidth,9,64,2,h64_l2,37642,150568,0.143593,300,16,512,1,37,1.178,3.928,0.00000000
builtin,9,128,2,h128_l2,83466,333864,0.318398,300,16,512,1,37,1.513,5.042,0.00000000
ring,9,128,2,h128_l2,83466,333864,0.318398,300,16,512,1,37,1.770,5.900,0.00000000
recursive-doubling-latency,9,128,2,h128_l2,83466,333864,0.318398,300,16,512,1,37,1.354,4.513,0.00000000
recursive-doubling-bandwidth,9,128,2,h128_l2,83466,333864,0.318398,300,16,512,1,37,1.626,5.419,0.00000000
swing-latency,9,128,2,h128_l2,83466,333864,0.318398,300,16,512,1,37,1.365,4.550,0.00000006
swing-bandwidth,9,128,2,h128_l2,83466,333864,0.318398,300,16,512,1,37,1.639,5.462,0.00000000
bruck-latency,9,128,2,h128_l2,83466,333864,0.318398,300,16,512,1,37,1.518,5.060,0.00000135
bruck-bandwidth,9,128,2,h128_l2,83466,333864,0.318398,300,16,512,1,37,1.593,5.309,0.00000000
trivance-latency,9,128,2,h128_l2,83466,333864,0.318398,300,16,512,1,37,1.454,4.846,0.00000402
trivance-bandwidth,9,128,2,h128_l2,83466,333864,0.318398,300,16,512,1,37,1.586,5.286,0.00000000
builtin,9,256,2,h256_l2,199690,798760,0.761757,300,16,512,1,37,2.303,7.676,0.00000000
ring,9,256,2,h256_l2,199690,798760,0.761757,300,16,512,1,37,2.879,9.596,0.00000000
recursive-doubling-latency,9,256,2,h256_l2,199690,798760,0.761757,300,16,512,1,37,2.576,8.586,0.00000000
recursive-doubling-bandwidth,9,256,2,h256_l2,199690,798760,0.761757,300,16,512,1,37,2.874,9.580,0.00000000
swing-latency,9,256,2,h256_l2,199690,798760,0.761757,300,16,512,1,37,2.565,8.549,0.00000012
swing-bandwidth,9,256,2,h256_l2,199690,798760,0.761757,300,16,512,1,37,3.050,10.168,0.00000000
bruck-latency,9,256,2,h256_l2,199690,798760,0.761757,300,16,512,1,37,2.776,9.253,0.00000418
bruck-bandwidth,9,256,2,h256_l2,199690,798760,0.761757,300,16,512,1,37,2.818,9.393,0.00000000
trivance-latency,9,256,2,h256_l2,199690,798760,0.761757,300,16,512,1,37,2.704,9.013,0.00000208
trivance-bandwidth,9,256,2,h256_l2,199690,798760,0.761757,300,16,512,1,37,2.773,9.243,0.00000000
builtin,9,512,2,h512_l2,530442,2121768,2.023476,300,16,512,1,37,4.550,15.165,0.00000000
ring,9,512,2,h512_l2,530442,2121768,2.023476,300,16,512,1,37,4.852,16.173,0.00000000
recursive-doubling-latency,9,512,2,h512_l2,530442,2121768,2.023476,300,16,512,1,37,6.078,20.260,0.00000000
recursive-doubling-bandwidth,9,512,2,h512_l2,530442,2121768,2.023476,300,16,512,1,37,7.286,24.287,0.00000000
swing-latency,9,512,2,h512_l2,530442,2121768,2.023476,300,16,512,1,37,5.817,19.392,0.00000136
swing-bandwidth,9,512,2,h512_l2,530442,2121768,2.023476,300,16,512,1,37,7.054,23.513,0.00000000
bruck-latency,9,512,2,h512_l2,530442,2121768,2.023476,300,16,512,1,37,6.575,21.916,0.00000172
bruck-bandwidth,9,512,2,h512_l2,530442,2121768,2.023476,300,16,512,1,37,5.731,19.104,0.00000000
trivance-latency,9,512,2,h512_l2,530442,2121768,2.023476,300,16,512,1,37,6.694,22.312,0.00000241
trivance-bandwidth,9,512,2,h512_l2,530442,2121768,2.023476,300,16,512,1,37,5.782,19.275,0.00000000
builtin,9,1024,2,h1024_l2,1585162,6340648,6.046913,300,16,512,1,37,12.627,42.089,0.00000000
ring,9,1024,2,h1024_l2,1585162,6340648,6.046913,300,16,512,1,37,15.850,52.835,0.00000000
recursive-doubling-latency,9,1024,2,h1024_l2,1585162,6340648,6.046913,300,16,512,1,37,17.592,58.641,0.00000000
recursive-doubling-bandwidth,9,1024,2,h1024_l2,1585162,6340648,6.046913,300,16,512,1,37,19.606,65.355,0.00000000
swing-latency,9,1024,2,h1024_l2,1585162,6340648,6.046913,300,16,512,1,37,17.162,57.208,0.00000110
swing-bandwidth,9,1024,2,h1024_l2,1585162,6340648,6.046913,300,16,512,1,37,20.016,66.720,0.00000000
bruck-latency,9,1024,2,h1024_l2,1585162,6340648,6.046913,300,16,512,1,37,18.592,61.975,0.00000194
bruck-bandwidth,9,1024,2,h1024_l2,1585162,6340648,6.046913,300,16,512,1,37,18.009,60.029,0.00000000
trivance-latency,9,1024,2,h1024_l2,1585162,6340648,6.046913,300,16,512,1,37,18.800,62.667,0.00000279
trivance-bandwidth,9,1024,2,h1024_l2,1585162,6340648,6.046913,300,16,512,1,37,18.777,62.591,0.00000000
builtin,9,1024,4,h1024_l4,3684362,14737448,14.054726,300,16,512,1,37,26.320,87.734,0.00000000
ring,9,1024,4,h1024_l4,3684362,14737448,14.054726,300,16,512,1,37,32.697,108.989,0.00000000
recursive-doubling-latency,9,1024,4,h1024_l4,3684362,14737448,14.054726,300,16,512,1,37,36.954,123.180,0.00000000
recursive-doubling-bandwidth,9,1024,4,h1024_l4,3684362,14737448,14.054726,300,16,512,1,37,40.816,136.053,0.00000000
swing-latency,9,1024,4,h1024_l4,3684362,14737448,14.054726,300,16,512,1,37,35.994,119.979,0.00000095
swing-bandwidth,9,1024,4,h1024_l4,3684362,14737448,14.054726,300,16,512,1,37,38.270,127.566,0.00000000
bruck-latency,9,1024,4,h1024_l4,3684362,14737448,14.054726,300,16,512,1,37,40.478,134.927,0.00000136
bruck-bandwidth,9,1024,4,h1024_l4,3684362,14737448,14.054726,300,16,512,1,37,39.661,132.204,0.00000000
trivance-latency,9,1024,4,h1024_l4,3684362,14737448,14.054726,300,16,512,1,37,38.779,129.264,0.00000103
trivance-bandwidth,9,1024,4,h1024_l4,3684362,14737448,14.054726,300,16,512,1,37,36.747,122.491,0.00000000
builtin,9,32,2,h32_l2,17802,71208,0.067909,300,16,512,1,38,1.175,3.916,0.00000000
ring,9,32,2,h32_l2,17802,71208,0.067909,300,16,512,1,38,1.228,4.095,0.00000000
recursive-doubling-latency,9,32,2,h32_l2,17802,71208,0.067909,300,16,512,1,38,0.773,2.578,0.00000000
recursive-doubling-bandwidth,9,32,2,h32_l2,17802,71208,0.067909,300,16,512,1,38,1.036,3.454,0.00000000
swing-latency,9,32,2,h32_l2,17802,71208,0.067909,300,16,512,1,38,0.769,2.565,0.00000006
swing-bandwidth,9,32,2,h32_l2,17802,71208,0.067909,300,16,512,1,38,1.031,3.438,0.00000000
bruck-latency,9,32,2,h32_l2,17802,71208,0.067909,300,16,512,1,38,0.821,2.736,0.00000033
bruck-bandwidth,9,32,2,h32_l2,17802,71208,0.067909,300,16,512,1,38,1.033,3.443,0.00000000
trivance-latency,9,32,2,h32_l2,17802,71208,0.067909,300,16,512,1,38,0.792,2.641,0.00000033
trivance-bandwidth,9,32,2,h32_l2,17802,71208,0.067909,300,16,512,1,38,1.009,3.363,0.00000000
builtin,9,64,2,h64_l2,37642,150568,0.143593,300,16,512,1,38,1.364,4.546,0.00000000
ring,9,64,2,h64_l2,37642,150568,0.143593,300,16,512,1,38,1.345,4.483,0.00000000
recursive-doubling-latency,9,64,2,h64_l2,37642,150568,0.143593,300,16,512,1,38,0.948,3.160,0.00000000
recursive-doubling-bandwidth,9,64,2,h64_l2,37642,150568,0.143593,300,16,512,1,38,1.189,3.962,0.00000000
swing-latency,9,64,2,h64_l2,37642,150568,0.143593,300,16,512,1,38,0.914,3.048,0.00000017
swing-bandwidth,9,64,2,h64_l2,37642,150568,0.143593,300,16,512,1,38,1.230,4.099,0.00000000
bruck-latency,9,64,2,h64_l2,37642,150568,0.143593,300,16,512,1,38,0.953,3.178,0.00000034
bruck-bandwidth,9,64,2,h64_l2,37642,150568,0.143593,300,16,512,1,38,1.185,3.950,0.00000000
trivance-latency,9,64,2,h64_l2,37642,150568,0.143593,300,16,512,1,38,0.953,3.178,0.00000022
trivance-bandwidth,9,64,2,h64_l2,37642,150568,0.143593,300,16,512,1,38,1.155,3.850,0.00000000
builtin,9,128,2,h128_l2,83466,333864,0.318398,300,16,512,1,38,1.556,5.186,0.00000000
ring,9,128,2,h128_l2,83466,333864,0.318398,300,16,512,1,38,1.715,5.716,0.00000000
recursive-doubling-latency,9,128,2,h128_l2,83466,333864,0.318398,300,16,512,1,38,1.402,4.675,0.00000000
recursive-doubling-bandwidth,9,128,2,h128_l2,83466,333864,0.318398,300,16,512,1,38,1.570,5.235,0.00000000
swing-latency,9,128,2,h128_l2,83466,333864,0.318398,300,16,512,1,38,1.356,4.519,0.00000006
swing-bandwidth,9,128,2,h128_l2,83466,333864,0.318398,300,16,512,1,38,1.668,5.561,0.00000000
bruck-latency,9,128,2,h128_l2,83466,333864,0.318398,300,16,512,1,38,1.524,5.082,0.00000135
bruck-bandwidth,9,128,2,h128_l2,83466,333864,0.318398,300,16,512,1,38,1.518,5.061,0.00000000
trivance-latency,9,128,2,h128_l2,83466,333864,0.318398,300,16,512,1,38,1.510,5.033,0.00000402
trivance-bandwidth,9,128,2,h128_l2,83466,333864,0.318398,300,16,512,1,38,1.534,5.113,0.00000000
builtin,9,256,2,h256_l2,199690,798760,0.761757,300,16,512,1,38,2.323,7.744,0.00000000
ring,9,256,2,h256_l2,199690,798760,0.761757,300,16,512,1,38,2.833,9.443,0.00000000
recursive-doubling-latency,9,256,2,h256_l2,199690,798760,0.761757,300,16,512,1,38,2.571,8.569,0.00000000
recursive-doubling-bandwidth,9,256,2,h256_l2,199690,798760,0.761757,300,16,512,1,38,2.953,9.844,0.00000000
swing-latency,9,256,2,h256_l2,199690,798760,0.761757,300,16,512,1,38,2.615,8.718,0.00000012
swing-bandwidth,9,256,2,h256_l2,199690,798760,0.761757,300,16,512,1,38,3.128,10.428,0.00000000
bruck-latency,9,256,2,h256_l2,199690,798760,0.761757,300,16,512,1,38,2.761,9.203,0.00000418
bruck-bandwidth,9,256,2,h256_l2,199690,798760,0.761757,300,16,512,1,38,2.806,9.354,0.00000000
trivance-latency,9,256,2,h256_l2,199690,798760,0.761757,300,16,512,1,38,2.693,8.977,0.00000208
trivance-bandwidth,9,256,2,h256_l2,199690,798760,0.761757,300,16,512,1,38,2.767,9.222,0.00000000
builtin,9,512,2,h512_l2,530442,2121768,2.023476,300,16,512,1,38,4.301,14.338,0.00000000
ring,9,512,2,h512_l2,530442,2121768,2.023476,300,16,512,1,38,5.159,17.197,0.00000000
recursive-doubling-latency,9,512,2,h512_l2,530442,2121768,2.023476,300,16,512,1,38,5.830,19.435,0.00000000
recursive-doubling-bandwidth,9,512,2,h512_l2,530442,2121768,2.023476,300,16,512,1,38,6.726,22.419,0.00000000
swing-latency,9,512,2,h512_l2,530442,2121768,2.023476,300,16,512,1,38,5.822,19.407,0.00000136
swing-bandwidth,9,512,2,h512_l2,530442,2121768,2.023476,300,16,512,1,38,6.601,22.005,0.00000000
bruck-latency,9,512,2,h512_l2,530442,2121768,2.023476,300,16,512,1,38,6.521,21.736,0.00000172
bruck-bandwidth,9,512,2,h512_l2,530442,2121768,2.023476,300,16,512,1,38,5.921,19.736,0.00000000
trivance-latency,9,512,2,h512_l2,530442,2121768,2.023476,300,16,512,1,38,6.501,21.671,0.00000241
trivance-bandwidth,9,512,2,h512_l2,530442,2121768,2.023476,300,16,512,1,38,5.797,19.324,0.00000000
builtin,9,1024,2,h1024_l2,1585162,6340648,6.046913,300,16,512,1,38,13.017,43.390,0.00000000
ring,9,1024,2,h1024_l2,1585162,6340648,6.046913,300,16,512,1,38,16.443,54.809,0.00000000
recursive-doubling-latency,9,1024,2,h1024_l2,1585162,6340648,6.046913,300,16,512,1,38,17.056,56.854,0.00000000
recursive-doubling-bandwidth,9,1024,2,h1024_l2,1585162,6340648,6.046913,300,16,512,1,38,20.137,67.122,0.00000000
swing-latency,9,1024,2,h1024_l2,1585162,6340648,6.046913,300,16,512,1,38,17.480,58.268,0.00000110
swing-bandwidth,9,1024,2,h1024_l2,1585162,6340648,6.046913,300,16,512,1,38,20.452,68.173,0.00000000
bruck-latency,9,1024,2,h1024_l2,1585162,6340648,6.046913,300,16,512,1,38,18.723,62.410,0.00000194
bruck-bandwidth,9,1024,2,h1024_l2,1585162,6340648,6.046913,300,16,512,1,38,18.701,62.336,0.00000000
trivance-latency,9,1024,2,h1024_l2,1585162,6340648,6.046913,300,16,512,1,38,18.274,60.912,0.00000279
trivance-bandwidth,9,1024,2,h1024_l2,1585162,6340648,6.046913,300,16,512,1,38,18.321,61.072,0.00000000
builtin,9,1024,4,h1024_l4,3684362,14737448,14.054726,300,16,512,1,38,27.061,90.203,0.00000000
ring,9,1024,4,h1024_l4,3684362,14737448,14.054726,300,16,512,1,38,35.571,118.571,0.00000000
recursive-doubling-latency,9,1024,4,h1024_l4,3684362,14737448,14.054726,300,16,512,1,38,35.205,117.350,0.00000000
recursive-doubling-bandwidth,9,1024,4,h1024_l4,3684362,14737448,14.054726,300,16,512,1,38,41.439,138.129,0.00000000
swing-latency,9,1024,4,h1024_l4,3684362,14737448,14.054726,300,16,512,1,38,36.334,121.112,0.00000095
swing-bandwidth,9,1024,4,h1024_l4,3684362,14737448,14.054726,300,16,512,1,38,41.597,138.655,0.00000000
bruck-latency,9,1024,4,h1024_l4,3684362,14737448,14.054726,300,16,512,1,38,41.721,139.069,0.00000136
bruck-bandwidth,9,1024,4,h1024_l4,3684362,14737448,14.054726,300,16,512,1,38,37.417,124.722,0.00000000
trivance-latency,9,1024,4,h1024_l4,3684362,14737448,14.054726,300,16,512,1,38,39.262,130.875,0.00000103
trivance-bandwidth,9,1024,4,h1024_l4,3684362,14737448,14.054726,300,16,512,1,38,36.722,122.408,0.00000000
builtin,9,32,2,h32_l2,17802,71208,0.067909,300,16,512,1,39,1.199,3.996,0.00000000
ring,9,32,2,h32_l2,17802,71208,0.067909,300,16,512,1,39,1.250,4.166,0.00000000
recursive-doubling-latency,9,32,2,h32_l2,17802,71208,0.067909,300,16,512,1,39,0.801,2.670,0.00000000
recursive-doubling-bandwidth,9,32,2,h32_l2,17802,71208,0.067909,300,16,512,1,39,1.031,3.436,0.00000000
swing-latency,9,32,2,h32_l2,17802,71208,0.067909,300,16,512,1,39,0.780,2.601,0.00000006
swing-bandwidth,9,32,2,h32_l2,17802,71208,0.067909,300,16,512,1,39,0.995,3.316,0.00000000
bruck-latency,9,32,2,h32_l2,17802,71208,0.067909,300,16,512,1,39,0.782,2.606,0.00000033
bruck-bandwidth,9,32,2,h32_l2,17802,71208,0.067909,300,16,512,1,39,1.080,3.600,0.00000000
trivance-latency,9,32,2,h32_l2,17802,71208,0.067909,300,16,512,1,39,0.792,2.638,0.00000033
trivance-bandwidth,9,32,2,h32_l2,17802,71208,0.067909,300,16,512,1,39,1.032,3.439,0.00000000
builtin,9,64,2,h64_l2,37642,150568,0.143593,300,16,512,1,39,1.282,4.275,0.00000000
ring,9,64,2,h64_l2,37642,150568,0.143593,300,16,512,1,39,1.417,4.724,0.00000000
recursive-doubling-latency,9,64,2,h64_l2,37642,150568,0.143593,300,16,512,1,39,0.922,3.073,0.00000000
recursive-doubling-bandwidth,9,64,2,h64_l2,37642,150568,0.143593,300,16,512,1,39,1.185,3.949,0.00000000
swing-latency,9,64,2,h64_l2,37642,150568,0.143593,300,16,512,1,39,0.919,3.063,0.00000017
swing-bandwidth,9,64,2,h64_l2,37642,150568,0.143593,300,16,512,1,39,1.221,4.070,0.00000000
bruck-latency,9,64,2,h64_l2,37642,150568,0.143593,300,16,512,1,39,0.993,3.312,0.00000034
bruck-bandwidth,9,64,2,h64_l2,37642,150568,0.143593,300,16,512,1,39,1.200,3.999,0.00000000
trivance-latency,9,64,2,h64_l2,37642,150568,0.143593,300,16,512,1,39,0.975,3.250,0.00000022
trivance-bandwidth,9,64,2,h64_l2,37642,150568,0.143593,300,16,512,1,39,1.189,3.964,0.00000000
builtin,9,128,2,h128_l2,83466,333864,0.318398,300,16,512,1,39,1.542,5.140,0.00000000
ring,9,128,2,h128_l2,83466,333864,0.318398,300,16,512,1,39,1.630,5.432,0.00000000
recursive-doubling-latency,9,128,2,h128_l2,83466,333864,0.318398,300,16,512,1,39,1.438,4.793,0.00000000
recursive-doubling-bandwidth,9,128,2,h128_l2,83466,333864,0.318398,300,16,512,1,39,1.666,5.552,0.00000000
swing-latency,9,128,2,h128_l2,83466,333864,0.318398,300,16,512,1,39,1.320,4.400,0.00000006
swing-bandwidth,9,128,2,h128_l2,83466,333864,0.318398,300,16,512,1,39,1.720,5.735,0.00000000
bruck-latency,9,128,2,h128_l2,83466,333864,0.318398,300,16,512,1,39,1.495,4.983,0.00000135
bruck-bandwidth,9,128,2,h128_l2,83466,333864,0.318398,300,16,512,1,39,1.575,5.250,0.00000000
trivance-latency,9,128,2,h128_l2,83466,333864,0.318398,300,16,512,1,39,1.525,5.083,0.00000402
trivance-bandwidth,9,128,2,h128_l2,83466,333864,0.318398,300,16,512,1,39,1.521,5.069,0.00000000
builtin,9,256,2,h256_l2,199690,798760,0.761757,300,16,512,1,39,2.339,7.798,0.00000000
ring,9,256,2,h256_l2,199690,798760,0.761757,300,16,512,1,39,2.714,9.047,0.00000000
recursive-doubling-latency,9,256,2,h256_l2,199690,798760,0.761757,300,16,512,1,39,2.583,8.610,0.00000000
recursive-doubling-bandwidth,9,256,2,h256_l2,199690,798760,0.761757,300,16,512,1,39,2.860,9.535,0.00000000
swing-latency,9,256,2,h256_l2,199690,798760,0.761757,300,16,512,1,39,2.511,8.369,0.00000012
swing-bandwidth,9,256,2,h256_l2,199690,798760,0.761757,300,16,512,1,39,2.744,9.147,0.00000000
bruck-latency,9,256,2,h256_l2,199690,798760,0.761757,300,16,512,1,39,2.788,9.293,0.00000418
bruck-bandwidth,9,256,2,h256_l2,199690,798760,0.761757,300,16,512,1,39,2.822,9.408,0.00000000
trivance-latency,9,256,2,h256_l2,199690,798760,0.761757,300,16,512,1,39,2.741,9.135,0.00000208
trivance-bandwidth,9,256,2,h256_l2,199690,798760,0.761757,300,16,512,1,39,2.755,9.183,0.00000000
builtin,9,512,2,h512_l2,530442,2121768,2.023476,300,16,512,1,39,4.350,14.501,0.00000000
ring,9,512,2,h512_l2,530442,2121768,2.023476,300,16,512,1,39,5.301,17.671,0.00000000
recursive-doubling-latency,9,512,2,h512_l2,530442,2121768,2.023476,300,16,512,1,39,6.119,20.396,0.00000000
recursive-doubling-bandwidth,9,512,2,h512_l2,530442,2121768,2.023476,300,16,512,1,39,6.751,22.502,0.00000000
swing-latency,9,512,2,h512_l2,530442,2121768,2.023476,300,16,512,1,39,6.099,20.328,0.00000136
swing-bandwidth,9,512,2,h512_l2,530442,2121768,2.023476,300,16,512,1,39,7.024,23.415,0.00000000
bruck-latency,9,512,2,h512_l2,530442,2121768,2.023476,300,16,512,1,39,6.546,21.820,0.00000172
bruck-bandwidth,9,512,2,h512_l2,530442,2121768,2.023476,300,16,512,1,39,5.877,19.589,0.00000000
trivance-latency,9,512,2,h512_l2,530442,2121768,2.023476,300,16,512,1,39,6.622,22.073,0.00000241
trivance-bandwidth,9,512,2,h512_l2,530442,2121768,2.023476,300,16,512,1,39,5.678,18.926,0.00000000
builtin,9,1024,2,h1024_l2,1585162,6340648,6.046913,300,16,512,1,39,12.363,41.209,0.00000000
ring,9,1024,2,h1024_l2,1585162,6340648,6.046913,300,16,512,1,39,16.311,54.368,0.00000000
recursive-doubling-latency,9,1024,2,h1024_l2,1585162,6340648,6.046913,300,16,512,1,39,17.450,58.166,0.00000000
recursive-doubling-bandwidth,9,1024,2,h1024_l2,1585162,6340648,6.046913,300,16,512,1,39,20.478,68.260,0.00000000
swing-latency,9,1024,2,h1024_l2,1585162,6340648,6.046913,300,16,512,1,39,17.503,58.343,0.00000110
swing-bandwidth,9,1024,2,h1024_l2,1585162,6340648,6.046913,300,16,512,1,39,19.677,65.589,0.00000000
bruck-latency,9,1024,2,h1024_l2,1585162,6340648,6.046913,300,16,512,1,39,19.113,63.709,0.00000194
bruck-bandwidth,9,1024,2,h1024_l2,1585162,6340648,6.046913,300,16,512,1,39,18.709,62.364,0.00000000
trivance-latency,9,1024,2,h1024_l2,1585162,6340648,6.046913,300,16,512,1,39,19.091,63.636,0.00000279
trivance-bandwidth,9,1024,2,h1024_l2,1585162,6340648,6.046913,300,16,512,1,39,18.677,62.258,0.00000000
builtin,9,1024,4,h1024_l4,3684362,14737448,14.054726,300,16,512,1,39,26.445,88.150,0.00000000
ring,9,1024,4,h1024_l4,3684362,14737448,14.054726,300,16,512,1,39,37.436,124.787,0.00000000
recursive-doubling-latency,9,1024,4,h1024_l4,3684362,14737448,14.054726,300,16,512,1,39,35.358,117.859,0.00000000
recursive-doubling-bandwidth,9,1024,4,h1024_l4,3684362,14737448,14.054726,300,16,512,1,39,41.313,137.709,0.00000000
swing-latency,9,1024,4,h1024_l4,3684362,14737448,14.054726,300,16,512,1,39,37.629,125.430,0.00000095
swing-bandwidth,9,1024,4,h1024_l4,3684362,14737448,14.054726,300,16,512,1,39,42.268,140.895,0.00000000
bruck-latency,9,1024,4,h1024_l4,3684362,14737448,14.054726,300,16,512,1,39,40.205,134.015,0.00000136
bruck-bandwidth,9,1024,4,h1024_l4,3684362,14737448,14.054726,300,16,512,1,39,37.984,126.614,0.00000000
trivance-latency,9,1024,4,h1024_l4,3684362,14737448,14.054726,300,16,512,1,39,38.801,129.338,0.00000103
trivance-bandwidth,9,1024,4,h1024_l4,3684362,14737448,14.054726,300,16,512,1,39,37.190,123.968,0.00000000
builtin,9,32,2,h32_l2,17802,71208,0.067909,300,16,512,1,40,1.162,3.874,0.00000000
ring,9,32,2,h32_l2,17802,71208,0.067909,300,16,512,1,40,1.230,4.100,0.00000000
recursive-doubling-latency,9,32,2,h32_l2,17802,71208,0.067909,300,16,512,1,40,0.791,2.638,0.00000000
recursive-doubling-bandwidth,9,32,2,h32_l2,17802,71208,0.067909,300,16,512,1,40,1.023,3.410,0.00000000
swing-latency,9,32,2,h32_l2,17802,71208,0.067909,300,16,512,1,40,0.778,2.594,0.00000006
swing-bandwidth,9,32,2,h32_l2,17802,71208,0.067909,300,16,512,1,40,1.051,3.505,0.00000000
bruck-latency,9,32,2,h32_l2,17802,71208,0.067909,300,16,512,1,40,0.826,2.754,0.00000033
bruck-bandwidth,9,32,2,h32_l2,17802,71208,0.067909,300,16,512,1,40,1.039,3.465,0.00000000
trivance-latency,9,32,2,h32_l2,17802,71208,0.067909,300,16,512,1,40,0.814,2.713,0.00000033
trivance-bandwidth,9,32,2,h32_l2,17802,71208,0.067909,300,16,512,1,40,1.036,3.454,0.00000000
builtin,9,64,2,h64_l2,37642,150568,0.143593,300,16,512,1,40,1.275,4.248,0.00000000
ring,9,64,2,h64_l2,37642,150568,0.143593,300,16,512,1,40,1.450,4.833,0.00000000
recursive-doubling-latency,9,64,2,h64_l2,37642,150568,0.143593,300,16,512,1,40,0.919,3.064,0.00000000
recursive-doubling-bandwidth,9,64,2,h64_l2,37642,150568,0.143593,300,16,512,1,40,1.199,3.995,0.00000000
swing-latency,9,64,2,h64_l2,37642,150568,0.143593,300,16,512,1,40,0.936,3.121,0.00000017
swing-bandwidth,9,64,2,h64_l2,37642,150568,0.143593,300,16,512,1,40,1.205,4.018,0.00000000
bruck-latency,9,64,2,h64_l2,37642,150568,0.143593,300,16,512,1,40,1.002,3.338,0.00000034
bruck-bandwidth,9,64,2,h64_l2,37642,150568,0.143593,300,16,512,1,40,1.219,4.062,0.00000000
trivance-latency,9,64,2,h64_l2,37642,150568,0.143593,300,16,512,1,40,0.949,3.163,0.00000022
trivance-bandwidth,9,64,2,h64_l2,37642,150568,0.143593,300,16,512,1,40,1.174,3.913,0.00000000
builtin,9,128,2,h128_l2,83466,333864,0.318398,300,16,512,1,40,1.529,5.098,0.00000000
ring,9,128,2,h128_l2,83466,333864,0.318398,300,16,512,1,40,1.714,5.714,0.00000000
recursive-doubling-latency,9,128,2,h128_l2,83466,333864,0.318398,300,16,512,1,40,1.383,4.612,0.00000000
recursive-doubling-bandwidth,9,128,2,h128_l2,83466,333864,0.318398,300,16,512,1,40,1.647,5.489,0.00000000
swing-latency,9,128,2,h128_l2,83466,333864,0.318398,300,16,512,1,40,1.328,4.425,0.00000006
swing-bandwidth,9,128,2,h128_l2,83466,333864,0.318398,300,16,512,1,40,1.710,5.699,0.00000000
bruck-latency,9,128,2,h128_l2,83466,333864,0.318398,300,16,512,1,40,1.495,4.984,0.00000135
bruck-bandwidth,9,128,2,h128_l2,83466,333864,0.318398,300,16,512,1,40,1.571,5.236,0.00000000
trivance-latency,9,128,2,h128_l2,83466,333864,0.318398,300,16,512,1,40,1.478,4.926,0.00000402
trivance-bandwidth,9,128,2,h128_l2,83466,333864,0.318398,300,16,512,1,40,1.566,5.220,0.00000000
builtin,9,256,2,h256_l2,199690,798760,0.761757,300,16,512,1,40,2.402,8.008,0.00000000
ring,9,256,2,h256_l2,199690,798760,0.761757,300,16,512,1,40,2.831,9.436,0.00000000
recursive-doubling-latency,9,256,2,h256_l2,199690,798760,0.761757,300,16,512,1,40,2.599,8.665,0.00000000
recursive-doubling-bandwidth,9,256,2,h256_l2,199690,798760,0.761757,300,16,512,1,40,2.961,9.870,0.00000000
swing-latency,9,256,2,h256_l2,199690,798760,0.761757,300,16,512,1,40,2.519,8.396,0.00000012
swing-bandwidth,9,256,2,h256_l2,199690,798760,0.761757,300,16,512,1,40,2.850,9.501,0.00000000
bruck-latency,9,256,2,h256_l2,199690,798760,0.761757,300,16,512,1,40,2.773,9.244,0.00000418
bruck-bandwidth,9,256,2,h256_l2,199690,798760,0.761757,300,16,512,1,40,2.728,9.094,0.00000000
trivance-latency,9,256,2,h256_l2,199690,798760,0.761757,300,16,512,1,40,2.769,9.230,0.00000208
trivance-bandwidth,9,256,2,h256_l2,199690,798760,0.761757,300,16,512,1,40,2.849,9.496,0.00000000
builtin,9,512,2,h512_l2,530442,2121768,2.023476,300,16,512,1,40,4.313,14.375,0.00000000
ring,9,512,2,h512_l2,530442,2121768,2.023476,300,16,512,1,40,4.933,16.445,0.00000000
recursive-doubling-latency,9,512,2,h512_l2,530442,2121768,2.023476,300,16,512,1,40,6.155,20.517,0.00000000
recursive-doubling-bandwidth,9,512,2,h512_l2,530442,2121768,2.023476,300,16,512,1,40,7.115,23.715,0.00000000
swing-latency,9,512,2,h512_l2,530442,2121768,2.023476,300,16,512,1,40,6.044,20.146,0.00000136
swing-bandwidth,9,512,2,h512_l2,530442,2121768,2.023476,300,16,512,1,40,6.820,22.734,0.00000000
bruck-latency,9,512,2,h512_l2,530442,2121768,2.023476,300,16,512,1,40,6.578,21.926,0.00000172
bruck-bandwidth,9,512,2,h512_l2,530442,2121768,2.023476,300,16,512,1,40,5.752,19.173,0.00000000
trivance-latency,9,512,2,h512_l2,530442,2121768,2.023476,300,16,512,1,40,6.573,21.909,0.00000241
trivance-bandwidth,9,512,2,h512_l2,530442,2121768,2.023476,300,16,512,1,40,5.758,19.192,0.00000000
builtin,9,1024,2,h1024_l2,1585162,6340648,6.046913,300,16,512,1,40,12.242,40.808,0.00000000
ring,9,1024,2,h1024_l2,1585162,6340648,6.046913,300,16,512,1,40,17.231,57.436,0.00000000
recursive-doubling-latency,9,1024,2,h1024_l2,1585162,6340648,6.046913,300,16,512,1,40,17.370,57.899,0.00000000
recursive-doubling-bandwidth,9,1024,2,h1024_l2,1585162,6340648,6.046913,300,16,512,1,40,19.864,66.212,0.00000000
swing-latency,9,1024,2,h1024_l2,1585162,6340648,6.046913,300,16,512,1,40,17.621,58.736,0.00000110
swing-bandwidth,9,1024,2,h1024_l2,1585162,6340648,6.046913,300,16,512,1,40,20.446,68.155,0.00000000
bruck-latency,9,1024,2,h1024_l2,1585162,6340648,6.046913,300,16,512,1,40,19.111,63.703,0.00000194
bruck-bandwidth,9,1024,2,h1024_l2,1585162,6340648,6.046913,300,16,512,1,40,18.255,60.850,0.00000000
trivance-latency,9,1024,2,h1024_l2,1585162,6340648,6.046913,300,16,512,1,40,17.714,59.047,0.00000279
trivance-bandwidth,9,1024,2,h1024_l2,1585162,6340648,6.046913,300,16,512,1,40,18.418,61.392,0.00000000
builtin,9,1024,4,h1024_l4,3684362,14737448,14.054726,300,16,512,1,40,25.896,86.321,0.00000000
ring,9,1024,4,h1024_l4,3684362,14737448,14.054726,300,16,512,1,40,34.208,114.028,0.00000000
recursive-doubling-latency,9,1024,4,h1024_l4,3684362,14737448,14.054726,300,16,512,1,40,37.282,124.273,0.00000000
recursive-doubling-bandwidth,9,1024,4,h1024_l4,3684362,14737448,14.054726,300,16,512,1,40,43.009,143.364,0.00000000
swing-latency,9,1024,4,h1024_l4,3684362,14737448,14.054726,300,16,512,1,40,36.043,120.143,0.00000095
swing-bandwidth,9,1024,4,h1024_l4,3684362,14737448,14.054726,300,16,512,1,40,41.856,139.520,0.00000000
bruck-latency,9,1024,4,h1024_l4,3684362,14737448,14.054726,300,16,512,1,40,40.724,135.745,0.00000136
bruck-bandwidth,9,1024,4,h1024_l4,3684362,14737448,14.054726,300,16,512,1,40,37.207,124.022,0.00000000
trivance-latency,9,1024,4,h1024_l4,3684362,14737448,14.054726,300,16,512,1,40,38.755,129.184,0.00000103
trivance-bandwidth,9,1024,4,h1024_l4,3684362,14737448,14.054726,300,16,512,1,40,38.536,128.452,0.00000000
builtin,9,32,2,h32_l2,17802,71208,0.067909,300,16,512,1,41,1.233,4.111,0.00000000
ring,9,32,2,h32_l2,17802,71208,0.067909,300,16,512,1,41,1.255,4.184,0.00000000
recursive-doubling-latency,9,32,2,h32_l2,17802,71208,0.067909,300,16,512,1,41,0.786,2.619,0.00000000
recursive-doubling-bandwidth,9,32,2,h32_l2,17802,71208,0.067909,300,16,512,1,41,1.010,3.367,0.00000000
swing-latency,9,32,2,h32_l2,17802,71208,0.067909,300,16,512,1,41,0.790,2.632,0.00000006
swing-bandwidth,9,32,2,h32_l2,17802,71208,0.067909,300,16,512,1,41,1.035,3.449,0.00000000
bruck-latency,9,32,2,h32_l2,17802,71208,0.067909,300,16,512,1,41,0.807,2.691,0.00000033
bruck-bandwidth,9,32,2,h32_l2,17802,71208,0.067909,300,16,512,1,41,1.053,3.511,0.00000000
trivance-latency,9,32,2,h32_l2,17802,71208,0.067909,300,16,512,1,41,0.802,2.673,0.00000033
trivance-bandwidth,9,32,2,h32_l2,17802,71208,0.067909,300,16,512,1,41,0.994,3.312,0.00000000
builtin,9,64,2,h64_l2,37642,150568,0.143593,300,16,512,1,41,1.370,4.567,0.00000000
ring,9,64,2,h64_l2,37642,150568,0.143593,300,16,512,1,41,1.450,4.835,0.00000000
recursive-doubling-latency,9,64,2,h64_l2,37642,150568,0.143593,300,16,512,1,41,0.974,3.248,0.00000000
recursive-doubling-bandwidth,9,64,2,h64_l2,37642,150568,0.143593,300,16,512,1,41,1.177,3.925,0.00000000
swing-latency,9,64,2,h64_l2,37642,150568,0.143593,300,16,512,1,41,0.891,2.970,0.00000017
swing-bandwidth,9,64,2,h64_l2,37642,150568,0.143593,300,16,512,1,41,1.231,4.103,0.00000000
bruck-latency,9,64,2,h64_l2,37642,150568,0.143593,300,16,512,1,41,0.964,3.213,0.00000034
bruck-bandwidth,9,64,2,h64_l2,37642,150568,0.143593,300,16,512,1,41,1.213,4.044,0.00000000
trivance-latency,9,64,2,h64_l2,37642,150568,0.143593,300,16,512,1,41,0.927,3.090,0.00000022
trivance-bandwidth,9,64,2,h64_l2,37642,150568,0.143593,300,16,512,1,41,1.181,3.935,0.00000000
builtin,9,128,2,h128_l2,83466,333864,0.318398,300,16,512,1,41,1.486,4.953,0.00000000
ring,9,128,2,h128_l2,83466,333864,0.318398,300,16,512,1,41,1.657,5.523,0.00000000
recursive-doubling-latency,9,128,2,h128_l2,83466,333864,0.318398,300,16,512,1,41,1.402,4.672,0.00000000
recursive-doubling-bandwidth,9,128,2,h128_l2,83466,333864,0.318398,300,16,512,1,41,1.606,5.353,0.00000000
swing-latency,9,128,2,h128_l2,83466,333864,0.318398,300,16,512,1,41,1.406,4.688,0.00000006
swing-bandwidth,9,128,2,h128_l2,83466,333864,0.318398,300,16,512,1,41,1.550,5.165,0.00000000
bruck-latency,9,128,2,h128_l2,83466,333864,0.318398,300,16,512,1,41,1.527,5.091,0.00000135
bruck-bandwidth,9,128,2,h128_l2,83466,333864,0.318398,300,16,512,1,41,1.510,5.032,0.00000000
trivance-latency,9,128,2,h128_l2,83466,333864,0.318398,300,16,512,1,41,1.434,4.782,0.00000402
trivance-bandwidth,9,128,2,h128_l2,83466,333864,0.318398,300,16,512,1,41,1.579,5.262,0.00000000
builtin,9,256,2,h256_l2,199690,798760,0.761757,300,16,512,1,41,2.319,7.728,0.00000000
ring,9,256,2,h256_l2,199690,798760,0.761757,300,16,512,1,41,2.862,9.539,0.00000000
recursive-doubling-latency,9,256,2,h256_l2,199690,798760,0.761757,300,16,512,1,41,2.665,8.884,0.00000000
recursive-doubling-bandwidth,9,256,2,h256_l2,199690,798760,0.761757,300,16,512,1,41,2.972,9.907,0.00000000
swing-latency,9,256,2,h256_l2,199690,798760,0.761757,300,16,512,1,41,2.532,8.440,0.00000012
swing-bandwidth,9,256,2,h256_l2,199690,798760,0.761757,300,16,512,1,41,2.818,9.392,0.00000000
bruck-latency,9,256,2,h256_l2,199690,798760,0.761757,300,16,512,1,41,2.774,9.245,0.00000418
bruck-bandwidth,9,256,2,h256_l2,199690,798760,0.761757,300,16,512,1,41,2.778,9.259,0.00000000
trivance-latency,9,256,2,h256_l2,199690,798760,0.761757,300,16,512,1,41,2.728,9.095,0.00000208
trivance-bandwidth,9,256,2,h256_l2,199690,798760,0.761757,300,16,512,1,41,2.713,9.042,0.00000000
builtin,9,512,2,h512_l2,530442,2121768,2.023476,300,16,512,1,41,4.427,14.757,0.00000000
ring,9,512,2,h512_l2,530442,2121768,2.023476,300,16,512,1,41,5.313,17.711,0.00000000
recursive-doubling-latency,9,512,2,h512_l2,530442,2121768,2.023476,300,16,512,1,41,5.998,19.992,0.00000000
recursive-doubling-bandwidth,9,512,2,h512_l2,530442,2121768,2.023476,300,16,512,1,41,6.771,22.569,0.00000000
swing-latency,9,512,2,h512_l2,530442,2121768,2.023476,300,16,512,1,41,6.116,20.387,0.00000136
swing-bandwidth,9,512,2,h512_l2,530442,2121768,2.023476,300,16,512,1,41,6.914,23.046,0.00000000
bruck-latency,9,512,2,h512_l2,530442,2121768,2.023476,300,16,512,1,41,6.645,22.150,0.00000172
bruck-bandwidth,9,512,2,h512_l2,530442,2121768,2.023476,300,16,512,1,41,5.855,19.516,0.00000000
trivance-latency,9,512,2,h512_l2,530442,2121768,2.023476,300,16,512,1,41,6.500,21.668,0.00000241
trivance-bandwidth,9,512,2,h512_l2,530442,2121768,2.023476,300,16,512,1,41,5.619,18.729,0.00000000
builtin,9,1024,2,h1024_l2,1585162,6340648,6.046913,300,16,512,1,41,12.570,41.902,0.00000000
ring,9,1024,2,h1024_l2,1585162,6340648,6.046913,300,16,512,1,41,16.551,55.169,0.00000000
recursive-doubling-latency,9,1024,2,h1024_l2,1585162,6340648,6.046913,300,16,512,1,41,17.057,56.856,0.00000000
recursive-doubling-bandwidth,9,1024,2,h1024_l2,1585162,6340648,6.046913,300,16,512,1,41,19.411,64.705,0.00000000
swing-latency,9,1024,2,h1024_l2,1585162,6340648,6.046913,300,16,512,1,41,17.057,56.855,0.00000110
swing-bandwidth,9,1024,2,h1024_l2,1585162,6340648,6.046913,300,16,512,1,41,18.846,62.821,0.00000000
bruck-latency,9,1024,2,h1024_l2,1585162,6340648,6.046913,300,16,512,1,41,19.023,63.411,0.00000194
bruck-bandwidth,9,1024,2,h1024_l2,1585162,6340648,6.046913,300,16,512,1,41,18.273,60.910,0.00000000
trivance-latency,9,1024,2,h1024_l2,1585162,6340648,6.046913,300,16,512,1,41,18.193,60.644,0.00000279
trivance-bandwidth,9,1024,2,h1024_l2,1585162,6340648,6.046913,300,16,512,1,41,18.661,62.205,0.00000000
builtin,9,1024,4,h1024_l4,3684362,14737448,14.054726,300,16,512,1,41,27.451,91.504,0.00000000
ring,9,1024,4,h1024_l4,3684362,14737448,14.054726,300,16,512,1,41,35.046,116.819,0.00000000
recursive-doubling-latency,9,1024,4,h1024_l4,3684362,14737448,14.054726,300,16,512,1,41,37.583,125.277,0.00000000
recursive-doubling-bandwidth,9,1024,4,h1024_l4,3684362,14737448,14.054726,300,16,512,1,41,40.224,134.080,0.00000000
swing-latency,9,1024,4,h1024_l4,3684362,14737448,14.054726,300,16,512,1,41,37.833,126.108,0.00000095
swing-bandwidth,9,1024,4,h1024_l4,3684362,14737448,14.054726,300,16,512,1,41,40.430,134.766,0.00000000
bruck-latency,9,1024,4,h1024_l4,3684362,14737448,14.054726,300,16,512,1,41,40.117,133.725,0.00000136
bruck-bandwidth,9,1024,4,h1024_l4,3684362,14737448,14.054726,300,16,512,1,41,38.514,128.380,0.00000000
trivance-latency,9,1024,4,h1024_l4,3684362,14737448,14.054726,300,16,512,1,41,40.885,136.282,0.00000103
trivance-bandwidth,9,1024,4,h1024_l4,3684362,14737448,14.054726,300,16,512,1,41,36.242,120.805,0.00000000
builtin,9,32,2,h32_l2,17802,71208,0.067909,300,16,512,1,42,1.168,3.895,0.00000000
ring,9,32,2,h32_l2,17802,71208,0.067909,300,16,512,1,42,1.241,4.136,0.00000000
recursive-doubling-latency,9,32,2,h32_l2,17802,71208,0.067909,300,16,512,1,42,0.756,2.521,0.00000000
recursive-doubling-bandwidth,9,32,2,h32_l2,17802,71208,0.067909,300,16,512,1,42,0.978,3.261,0.00000000
swing-latency,9,32,2,h32_l2,17802,71208,0.067909,300,16,512,1,42,0.758,2.528,0.00000006
swing-bandwidth,9,32,2,h32_l2,17802,71208,0.067909,300,16,512,1,42,1.046,3.488,0.00000000
bruck-latency,9,32,2,h32_l2,17802,71208,0.067909,300,16,512,1,42,0.803,2.678,0.00000033
bruck-bandwidth,9,32,2,h32_l2,17802,71208,0.067909,300,16,512,1,42,1.038,3.459,0.00000000
trivance-latency,9,32,2,h32_l2,17802,71208,0.067909,300,16,512,1,42,0.805,2.685,0.00000033
trivance-bandwidth,9,32,2,h32_l2,17802,71208,0.067909,300,16,512,1,42,1.021,3.402,0.00000000
builtin,9,64,2,h64_l2,37642,150568,0.143593,300,16,512,1,42,1.281,4.271,0.00000000
ring,9,64,2,h64_l2,37642,150568,0.143593,300,16,512,1,42,1.426,4.753,0.00000000
recursive-doubling-latency,9,64,2,h64_l2,37642,150568,0.143593,300,16,512,1,42,0.929,3.095,0.00000000
recursive-doubling-bandwidth,9,64,2,h64_l2,37642,150568,0.143593,300,16,512,1,42,1.216,4.053,0.00000000
swing-latency,9,64,2,h64_l2,37642,150568,0.143593,300,16,512,1,42,0.950,3.165,0.00000017
swing-bandwidth,9,64,2,h64_l2,37642,150568,0.143593,300,16,512,1,42,1.183,3.942,0.00000000
bruck-latency,9,64,2,h64_l2,37642,150568,0.143593,300,16,512,1,42,1.003,3.343,0.00000034
bruck-bandwidth,9,64,2,h64_l2,37642,150568,0.143593,300,16,512,1,42,1.201,4.004,0.00000000
trivance-latency,9,64,2,h64_l2,37642,150568,0.143593,300,16,512,1,42,0.966,3.219,0.00000022
trivance-bandwidth,9,64,2,h64_l2,37642,150568,0.143593,300,16,512,1,42,1.192,3.973,0.00000000
builtin,9,128,2,h128_l2,83466,333864,0.318398,300,16,512,1,42,1.573,5.243,0.00000000
ring,9,128,2,h128_l2,83466,333864,0.318398,300,16,512,1,42,1.675,5.583,0.00000000
recursive-doubling-latency,9,128,2,h128_l2,83466,333864,0.318398,300,16,512,1,42,1.404,4.680,0.00000000
recursive-doubling-bandwidth,9,128,2,h128_l2,83466,333864,0.318398,300,16,512,1,42,1.633,5.443,0.00000000
swing-latency,9,128,2,h128_l2,83466,333864,0.318398,300,16,512,1,42,1.374,4.579,0.00000006
swing-bandwidth,9,128,2,h128_l2,83466,333864,0.318398,300,16,512,1,42,1.603,5.343,0.00000000
bruck-latency,9,128,2,h128_l2,83466,333864,0.318398,300,16,512,1,42,1.468,4.893,0.00000135
bruck-bandwidth,9,128,2,h128_l2,83466,333864,0.318398,300,16,512,1,42,1.562,5.207,0.00000000
trivance-latency,9,128,2,h128_l2,83466,333864,0.318398,300,16,512,1,42,1.420,4.735,0.00000402
trivance-bandwidth,9,128,2,h128_l2,83466,333864,0.318398,300,16,512,1,42,1.528,5.094,0.00000000
builtin,9,256,2,h256_l2,199690,798760,0.761757,300,16,512,1,42,2.300,7.667,0.00000000
ring,9,256,2,h256_l2,199690,798760,0.761757,300,16,512,1,42,2.744,9.147,0.00000000
recursive-doubling-latency,9,256,2,h256_l2,199690,798760,0.761757,300,16,512,1,42,2.541,8.470,0.00000000
recursive-doubling-bandwidth,9,256,2,h256_l2,199690,798760,0.761757,300,16,512,1,42,2.860,9.532,0.00000000
swing-latency,9,256,2,h256_l2,199690,798760,0.761757,300,16,512,1,42,2.619,8.728,0.00000012
swing-bandwidth,9,256,2,h256_l2,199690,798760,0.761757,300,16,512,1,42,2.914,9.715,0.00000000
bruck-latency,9,256,2,h256_l2,199690,798760,0.761757,300,16,512,1,42,2.800,9.332,0.00000418
bruck-bandwidth,9,256,2,h256_l2,199690,798760,0.761757,300,16,512,1,42,2.787,9.291,0.00000000
trivance-latency,9,256,2,h256_l2,199690,798760,0.761757,300,16,512,1,42,2.726,9.088,0.00000208
trivance-bandwidth,9,256,2,h256_l2,199690,798760,0.761757,300,16,512,1,42,2.883,9.610,0.00000000
builtin,9,512,2,h512_l2,530442,2121768,2.023476,300,16,512,1,42,4.504,15.013,0.00000000
ring,9,512,2,h512_l2,530442,2121768,2.023476,300,16,512,1,42,5.085,16.951,0.00000000
recursive-doubling-latency,9,512,2,h512_l2,530442,2121768,2.023476,300,16,512,1,42,6.311,21.037,0.00000000
recursive-doubling-bandwidth,9,512,2,h512_l2,530442,2121768,2.023476,300,16,512,1,42,6.862,22.873,0.00000000
swing-latency,9,512,2,h512_l2,530442,2121768,2.023476,300,16,512,1,42,6.124,20.413,0.00000136
swing-bandwidth,9,512,2,h512_l2,530442,2121768,2.023476,300,16,512,1,42,7.294,24.314,0.00000000
bruck-latency,9,512,2,h512_l2,530442,2121768,2.023476,300,16,512,1,42,6.627,22.089,0.00000172
bruck-bandwidth,9,512,2,h512_l2,530442,2121768,2.023476,300,16,512,1,42,5.946,19.820,0.00000000
trivance-latency,9,512,2,h512_l2,530442,2121768,2.023476,300,16,512,1,42,6.521,21.737,0.00000241
trivance-bandwidth,9,512,2,h512_l2,530442,2121768,2.023476,300,16,512,1,42,5.848,19.493,0.00000000
builtin,9,1024,2,h1024_l2,1585162,6340648,6.046913,300,16,512,1,42,12.448,41.492,0.00000000
ring,9,1024,2,h1024_l2,1585162,6340648,6.046913,300,16,512,1,42,16.672,55.573,0.00000000
recursive-doubling-latency,9,1024,2,h1024_l2,1585162,6340648,6.046913,300,16,512,1,42,16.941,56.471,0.00000000
recursive-doubling-bandwidth,9,1024,2,h1024_l2,1585162,6340648,6.046913,300,16,512,1,42,19.509,65.031,0.00000000
swing-latency,9,1024,2,h1024_l2,1585162,6340648,6.046913,300,16,512,1,42,17.682,58.941,0.00000110
swing-bandwidth,9,1024,2,h1024_l2,1585162,6340648,6.046913,300,16,512,1,42,20.227,67.424,0.00000000
bruck-latency,9,1024,2,h1024_l2,1585162,6340648,6.046913,300,16,512,1,42,20.322,67.739,0.00000194
bruck-bandwidth,9,1024,2,h1024_l2,1585162,6340648,6.046913,300,16,512,1,42,18.042,60.141,0.00000000
trivance-latency,9,1024,2,h1024_l2,1585162,6340648,6.046913,300,16,512,1,42,18.629,62.096,0.00000279
trivance-bandwidth,9,1024,2,h1024_l2,1585162,6340648,6.046913,300,16,512,1,42,18.516,61.721,0.00000000
builtin,9,1024,4,h1024_l4,3684362,14737448,14.054726,300,16,512,1,42,26.498,88.327,0.00000000
ring,9,1024,4,h1024_l4,3684362,14737448,14.054726,300,16,512,1,42,34.816,116.054,0.00000000
recursive-doubling-latency,9,1024,4,h1024_l4,3684362,14737448,14.054726,300,16,512,1,42,37.556,125.186,0.00000000
recursive-doubling-bandwidth,9,1024,4,h1024_l4,3684362,14737448,14.054726,300,16,512,1,42,38.788,129.294,0.00000000
swing-latency,9,1024,4,h1024_l4,3684362,14737448,14.054726,300,16,512,1,42,37.279,124.264,0.00000095
swing-bandwidth,9,1024,4,h1024_l4,3684362,14737448,14.054726,300,16,512,1,42,40.934,136.447,0.00000000
bruck-latency,9,1024,4,h1024_l4,3684362,14737448,14.054726,300,16,512,1,42,39.504,131.680,0.00000136
bruck-bandwidth,9,1024,4,h1024_l4,3684362,14737448,14.054726,300,16,512,1,42,37.787,125.956,0.00000000
trivance-latency,9,1024,4,h1024_l4,3684362,14737448,14.054726,300,16,512,1,42,39.574,131.912,0.00000103
trivance-bandwidth,9,1024,4,h1024_l4,3684362,14737448,14.054726,300,16,512,1,42,37.779,125.930,0.00000000
builtin,9,32,2,h32_l2,17802,71208,0.067909,300,16,512,1,43,1.159,3.863,0.00000000
ring,9,32,2,h32_l2,17802,71208,0.067909,300,16,512,1,43,1.203,4.009,0.00000000
recursive-doubling-latency,9,32,2,h32_l2,17802,71208,0.067909,300,16,512,1,43,0.797,2.655,0.00000000
recursive-doubling-bandwidth,9,32,2,h32_l2,17802,71208,0.067909,300,16,512,1,43,1.027,3.422,0.00000000
swing-latency,9,32,2,h32_l2,17802,71208,0.067909,300,16,512,1,43,0.775,2.584,0.00000006
swing-bandwidth,9,32,2,h32_l2,17802,71208,0.067909,300,16,512,1,43,1.035,3.449,0.00000000
bruck-latency,9,32,2,h32_l2,17802,71208,0.067909,300,16,512,1,43,0.818,2.727,0.00000033
bruck-bandwidth,9,32,2,h32_l2,17802,71208,0.067909,300,16,512,1,43,1.042,3.472,0.00000000
trivance-latency,9,32,2,h32_l2,17802,71208,0.067909,300,16,512,1,43,0.813,2.709,0.00000033
trivance-bandwidth,9,32,2,h32_l2,17802,71208,0.067909,300,16,512,1,43,1.003,3.344,0.00000000
builtin,9,64,2,h64_l2,37642,150568,0.143593,300,16,512,1,43,1.261,4.204,0.00000000
ring,9,64,2,h64_l2,37642,150568,0.143593,300,16,512,1,43,1.376,4.588,0.00000000
recursive-doubling-latency,9,64,2,h64_l2,37642,150568,0.143593,300,16,512,1,43,0.946,3.153,0.00000000
recursive-doubling-bandwidth,9,64,2,h64_l2,37642,150568,0.143593,300,16,512,1,43,1.163,3.875,0.00000000
swing-latency,9,64,2,h64_l2,37642,150568,0.143593,300,16,512,1,43,0.939,3.131,0.00000017
swing-bandwidth,9,64,2,h64_l2,37642,150568,0.143593,300,16,512,1,43,1.136,3.786,0.00000000
bruck-latency,9,64,2,h64_l2,37642,150568,0.143593,300,16,512,1,43,0.948,3.160,0.00000034
bruck-bandwidth,9,64,2,h64_l2,37642,150568,0.143593,300,16,512,1,43,1.191,3.968,0.00000000
trivance-latency,9,64,2,h64_l2,37642,150568,0.143593,300,16,512,1,43,0.964,3.212,0.00000022
trivance-bandwidth,9,64,2,h64_l2,37642,150568,0.143593,300,16,512,1,43,1.234,4.112,0.00000000
builtin,9,128,2,h128_l2,83466,333864,0.318398,300,16,512,1,43,1.577,5.256,0.00000000
ring,9,128,2,h128_l2,83466,333864,0.318398,300,16,512,1,43,1.693,5.643,0.00000000
recursive-doubling-latency,9,128,2,h128_l2,83466,333864,0.318398,300,16,512,1,43,1.316,4.386,0.00000000
recursive-doubling-bandwidth,9,128,2,h128_l2,83466,333864,0.318398,300,16,512,1,43,1.595,5.315,0.00000000
swing-latency,9,128,2,h128_l2,83466,333864,0.318398,300,16,512,1,43,1.406,4.687,0.00000006
swing-bandwidth,9,128,2,h128_l2,83466,333864,0.318398,300,16,512,1,43,1.658,5.527,0.00000000
bruck-latency,9,128,2,h128_l2,83466,333864,0.318398,300,16,512,1,43,1.490,4.967,0.00000135
bruck-bandwidth,9,128,2,h128_l2,83466,333864,0.318398,300,16,512,1,43,1.599,5.331,0.00000000
trivance-latency,9,128,2,h128_l2,83466,333864,0.318398,300,16,512,1,43,1.509,5.030,0.00000402
trivance-bandwidth,9,128,2,h128_l2,83466,333864,0.318398,300,16,512,1,43,1.546,5.153,0.00000000
builtin,9,256,2,h256_l2,199690,798760,0.761757,300,16,512,1,43,2.304,7.682,0.00000000
ring,9,256,2,h256_l2,199690,798760,0.761757,300,16,512,1,43,2.711,9.037,0.00000000
recursive-doubling-latency,9,256,2,h256_l2,199690,798760,0.761757,300,16,512,1,43,2.474,8.245,0.00000000
recursive-doubling-bandwidth,9,256,2,h256_l2,199690,798760,0.761757,300,16,512,1,43,2.897,9.657,0.00000000
swing-latency,9,256,2,h256_l2,199690,798760,0.761757,300,16,512,1,43,2.634,8.780,0.00000012
swing-bandwidth,9,256,2,h256_l2,199690,798760,0.761757,300,16,512,1,43,2.889,9.630,0.00000000
bruck-latency,9,256,2,h256_l2,199690,798760,0.761757,300,16,512,1,43,2.778,9.260,0.00000418
bruck-bandwidth,9,256,2,h256_l2,199690,798760,0.761757,300,16,512,1,43,2.860,9.534,0.00000000
trivance-latency,9,256,2,h256_l2,199690,798760,0.761757,300,16,512,1,43,2.705,9.016,0.00000208
trivance-bandwidth,9,256,2,h256_l2,199690,798760,0.761757,300,16,512,1,43,2.805,9.349,0.00000000
builtin,9,512,2,h512_l2,530442,2121768,2.023476,300,16,512,1,43,4.672,15.574,0.00000000
ring,9,512,2,h512_l2,530442,2121768,2.023476,300,16,512,1,43,5.239,17.463,0.00000000
recursive-doubling-latency,9,512,2,h512_l2,530442,2121768,2.023476,300,16,512,1,43,6.147,20.490,0.00000000
recursive-doubling-bandwidth,9,512,2,h512_l2,530442,2121768,2.023476,300,16,512,1,43,7.153,23.844,0.00000000
swing-latency,9,512,2,h512_l2,530442,2121768,2.023476,300,16,512,1,43,6.053,20.178,0.00000136
swing-bandwidth,9,512,2,h512_l2,530442,2121768,2.023476,300,16,512,1,43,7.088,23.626,0.00000000
bruck-latency,9,512,2,h512_l2,530442,2121768,2.023476,300,16,512,1,43,6.741,22.472,0.00000172
bruck-bandwidth,9,512,2,h512_l2,530442,2121768,2.023476,300,16,512,1,43,5.959,19.863,0.00000000
trivance-latency,9,512,2,h512_l2,530442,2121768,2.023476,300,16,512,1,43,6.724,22.412,0.00000241
trivance-bandwidth,9,512,2,h512_l2,530442,2121768,2.023476,300,16,512,1,43,5.736,19.119,0.00000000
builtin,9,1024,2,h1024_l2,1585162,6340648,6.046913,300,16,512,1,43,12.238,40.793,0.00000000
ring,9,1024,2,h1024_l2,1585162,6340648,6.046913,300,16,512,1,43,15.647,52.158,0.00000000
recursive-doubling-latency,9,1024,2,h1024_l2,1585162,6340648,6.046913,300,16,512,1,43,17.248,57.492,0.00000000
recursive-doubling-bandwidth,9,1024,2,h1024_l2,1585162,6340648,6.046913,300,16,512,1,43,18.660,62.199,0.00000000
swing-latency,9,1024,2,h1024_l2,1585162,6340648,6.046913,300,16,512,1,43,18.140,60.467,0.00000110
swing-bandwidth,9,1024,2,h1024_l2,1585162,6340648,6.046913,300,16,512,1,43,20.395,67.984,0.00000000
bruck-latency,9,1024,2,h1024_l2,1585162,6340648,6.046913,300,16,512,1,43,18.641,62.137,0.00000194
bruck-bandwidth,9,1024,2,h1024_l2,1585162,6340648,6.046913,300,16,512,1,43,17.998,59.994,0.00000000
trivance-latency,9,1024,2,h1024_l2,1585162,6340648,6.046913,300,16,512,1,43,18.968,63.226,0.00000279
trivance-bandwidth,9,1024,2,h1024_l2,1585162,6340648,6.046913,300,16,512,1,43,18.076,60.253,0.00000000
builtin,9,1024,4,h1024_l4,3684362,14737448,14.054726,300,16,512,1,43,25.939,86.465,0.00000000
ring,9,1024,4,h1024_l4,3684362,14737448,14.054726,300,16,512,1,43,31.587,105.292,0.00000000
recursive-doubling-latency,9,1024,4,h1024_l4,3684362,14737448,14.054726,300,16,512,1,43,35.523,118.410,0.00000000
recursive-doubling-bandwidth,9,1024,4,h1024_l4,3684362,14737448,14.054726,300,16,512,1,43,39.328,131.094,0.00000000
swing-latency,9,1024,4,h1024_l4,3684362,14737448,14.054726,300,16,512,1,43,36.697,122.325,0.00000095
swing-bandwidth,9,1024,4,h1024_l4,3684362,14737448,14.054726,300,16,512,1,43,43.385,144.618,0.00000000
bruck-latency,9,1024,4,h1024_l4,3684362,14737448,14.054726,300,16,512,1,43,41.332,137.772,0.00000136
bruck-bandwidth,9,1024,4,h1024_l4,3684362,14737448,14.054726,300,16,512,1,43,37.960,126.535,0.00000000
trivance-latency,9,1024,4,h1024_l4,3684362,14737448,14.054726,300,16,512,1,43,41.425,138.083,0.00000103
trivance-bandwidth,9,1024,4,h1024_l4,3684362,14737448,14.054726,300,16,512,1,43,37.301,124.335,0.00000000
builtin,9,32,2,h32_l2,17802,71208,0.067909,300,16,512,1,44,1.231,4.104,0.00000000
ring,9,32,2,h32_l2,17802,71208,0.067909,300,16,512,1,44,1.286,4.287,0.00000000
recursive-doubling-latency,9,32,2,h32_l2,17802,71208,0.067909,300,16,512,1,44,0.781,2.604,0.00000000
recursive-doubling-bandwidth,9,32,2,h32_l2,17802,71208,0.067909,300,16,512,1,44,1.031,3.436,0.00000000
swing-latency,9,32,2,h32_l2,17802,71208,0.067909,300,16,512,1,44,0.776,2.587,0.00000006
swing-bandwidth,9,32,2,h32_l2,17802,71208,0.067909,300,16,512,1,44,1.016,3.385,0.00000000
bruck-latency,9,32,2,h32_l2,17802,71208,0.067909,300,16,512,1,44,0.816,2.721,0.00000033
bruck-bandwidth,9,32,2,h32_l2,17802,71208,0.067909,300,16,512,1,44,1.021,3.402,0.00000000
trivance-latency,9,32,2,h32_l2,17802,71208,0.067909,300,16,512,1,44,0.803,2.677,0.00000033
trivance-bandwidth,9,32,2,h32_l2,17802,71208,0.067909,300,16,512,1,44,1.024,3.413,0.00000000
builtin,9,64,2,h64_l2,37642,150568,0.143593,300,16,512,1,44,1.271,4.237,0.00000000
ring,9,64,2,h64_l2,37642,150568,0.143593,300,16,512,1,44,1.441,4.804,0.00000000
recursive-doubling-latency,9,64,2,h64_l2,37642,150568,0.143593,300,16,512,1,44,0.919,3.062,0.00000000
recursive-doubling-bandwidth,9,64,2,h64_l2,37642,150568,0.143593,300,16,512,1,44,1.154,3.848,0.00000000
swing-latency,9,64,2,h64_l2,37642,150568,0.143593,300,16,512,1,44,0.891,2.969,0.00000017
swing-bandwidth,9,64,2,h64_l2,37642,150568,0.143593,300,16,512,1,44,1.202,4.007,0.00000000
bruck-latency,9,64,2,h64_l2,37642,150568,0.143593,300,16,512,1,44,0.973,3.242,0.00000034
bruck-bandwidth,9,64,2,h64_l2,37642,150568,0.143593,300,16,512,1,44,1.232,4.107,0.00000000
trivance-latency,9,64,2,h64_l2,37642,150568,0.143593,300,16,512,1,44,0.952,3.174,0.00000022
trivance-bandwidth,9,64,2,h64_l2,37642,150568,0.143593,300,16,512,1,44,1.166,3.888,0.00000000
builtin,9,128,2,h128_l2,83466,333864,0.318398,300,16,512,1,44,1.526,5.087,0.00000000
ring,9,128,2,h128_l2,83466,333864,0.318398,300,16,512,1,44,1.737,5.792,0.00000000
recursive-doubling-latency,9,128,2,h128_l2,83466,333864,0.318398,300,16,512,1,44,1.372,4.572,0.00000000
recursive-doubling-bandwidth,9,128,2,h128_l2,83466,333864,0.318398,300,16,512,1,44,1.648,5.494,0.00000000
swing-latency,9,128,2,h128_l2,83466,333864,0.318398,300,16,512,1,44,1.321,4.405,0.00000006
swing-bandwidth,9,128,2,h128_l2,83466,333864,0.318398,300,16,512,1,44,1.574,5.247,0.00000000
bruck-latency,9,128,2,h128_l2,83466,333864,0.318398,300,16,512,1,44,1.526,5.088,0.00000135
bruck-bandwidth,9,128,2,h128_l2,83466,333864,0.318398,300,16,512,1,44,1.564,5.214,0.00000000
trivance-latency,9,128,2,h128_l2,83466,333864,0.318398,300,16,512,1,44,1.446,4.819,0.00000402
trivance-bandwidth,9,128,2,h128_l2,83466,333864,0.318398,300,16,512,1,44,1.525,5.082,0.00000000
builtin,9,256,2,h256_l2,199690,798760,0.761757,300,16,512,1,44,2.286,7.620,0.00000000
ring,9,256,2,h256_l2,199690,798760,0.761757,300,16,512,1,44,2.725,9.082,0.00000000
recursive-doubling-latency,9,256,2,h256_l2,199690,798760,0.761757,300,16,512,1,44,2.541,8.470,0.00000000
recursive-doubling-bandwidth,9,256,2,h256_l2,199690,798760,0.761757,300,16,512,1,44,2.838,9.460,0.00000000
swing-latency,9,256,2,h256_l2,199690,798760,0.761757,300,16,512,1,44,2.510,8.368,0.00000012
swing-bandwidth,9,256,2,h256_l2,199690,798760,0.761757,300,16,512,1,44,2.947,9.823,0.00000000
bruck-latency,9,256,2,h256_l2,199690,798760,0.761757,300,16,512,1,44,2.764,9.214,0.00000418
bruck-bandwidth,9,256,2,h256_l2,199690,798760,0.761757,300,16,512,1,44,2.824,9.413,0.00000000
trivance-latency,9,256,2,h256_l2,199690,798760,0.761757,300,16,512,1,44,2.712,9.039,0.00000208
trivance-bandwidth,9,256,2,h256_l2,199690,798760,0.761757,300,16,512,1,44,2.816,9.388,0.00000000
builtin,9,512,2,h512_l2,530442,2121768,2.023476,300,16,512,1,44,4.343,14.477,0.00000000
ring,9,512,2,h512_l2,530442,2121768,2.023476,300,16,512,1,44,5.146,17.152,0.00000000
recursive-doubling-latency,9,512,2,h512_l2,530442,2121768,2.023476,300,16,512,1,44,6.184,20.614,0.00000000
recursive-doubling-bandwidth,9,512,2,h512_l2,530442,2121768,2.023476,300,16,512,1,44,6.849,22.830,0.00000000
swing-latency,9,512,2,h512_l2,530442,2121768,2.023476,300,16,512,1,44,5.637,18.791,0.00000136
swing-bandwidth,9,512,2,h512_l2,530442,2121768,2.023476,300,16,512,1,44,6.984,23.279,0.00000000
bruck-latency,9,512,2,h512_l2,530442,2121768,2.023476,300,16,512,1,44,6.624,22.078,0.00000172
bruck-bandwidth,9,512,2,h512_l2,530442,2121768,2.023476,300,16,512,1,44,5.829,19.431,0.00000000
trivance-latency,9,512,2,h512_l2,530442,2121768,2.023476,300,16,512,1,44,6.532,21.772,0.00000241
trivance-bandwidth,9,512,2,h512_l2,530442,2121768,2.023476,300,16,512,1,44,5.646,18.818,0.00000000
builtin,9,1024,2,h1024_l2,1585162,6340648,6.046913,300,16,512,1,44,13.059,43.530,0.00000000
ring,9,1024,2,h1024_l2,1585162,6340648,6.046913,300,16,512,1,44,16.882,56.275,0.00000000
recursive-doubling-latency,9,1024,2,h1024_l2,1585162,6340648,6.046913,300,16,512,1,44,17.076,56.919,0.00000000
recursive-doubling-bandwidth,9,1024,2,h1024_l2,1585162,6340648,6.046913,300,16,512,1,44,20.979,69.929,0.00000000
swing-latency,9,1024,2,h1024_l2,1585162,6340648,6.046913,300,16,512,1,44,17.678,58.927,0.00000110
swing-bandwidth,9,1024,2,h1024_l2,1585162,6340648,6.046913,300,16,512,1,44,20.718,69.060,0.00000000
bruck-latency,9,1024,2,h1024_l2,1585162,6340648,6.046913,300,16,512,1,44,18.423,61.409,0.00000194
bruck-bandwidth,9,1024,2,h1024_l2,1585162,6340648,6.046913,300,16,512,1,44,18.008,60.025,0.00000000
trivance-latency,9,1024,2,h1024_l2,1585162,6340648,6.046913,300,16,512,1,44,18.848,62.827,0.00000279
trivance-bandwidth,9,1024,2,h1024_l2,1585162,6340648,6.046913,300,16,512,1,44,18.155,60.517,0.00000000
builtin,9,1024,4,h1024_l4,3684362,14737448,14.054726,300,16,512,1,44,26.248,87.495,0.00000000
ring,9,1024,4,h1024_l4,3684362,14737448,14.054726,300,16,512,1,44,32.910,109.699,0.00000000
recursive-doubling-latency,9,1024,4,h1024_l4,3684362,14737448,14.054726,300,16,512,1,44,37.835,126.118,0.00000000
recursive-doubling-bandwidth,9,1024,4,h1024_l4,3684362,14737448,14.054726,300,16,512,1,44,38.816,129.386,0.00000000
swing-latency,9,1024,4,h1024_l4,3684362,14737448,14.054726,300,16,512,1,44,37.680,125.600,0.00000095
swing-bandwidth,9,1024,4,h1024_l4,3684362,14737448,14.054726,300,16,512,1,44,41.020,136.734,0.00000000
bruck-latency,9,1024,4,h1024_l4,3684362,14737448,14.054726,300,16,512,1,44,41.558,138.526,0.00000136
bruck-bandwidth,9,1024,4,h1024_l4,3684362,14737448,14.054726,300,16,512,1,44,38.827,129.422,0.00000000
trivance-latency,9,1024,4,h1024_l4,3684362,14737448,14.054726,300,16,512,1,44,39.273,130.909,0.00000103
trivance-bandwidth,9,1024,4,h1024_l4,3684362,14737448,14.054726,300,16,512,1,44,37.641,125.470,0.00000000
builtin,9,32,2,h32_l2,17802,71208,0.067909,300,16,512,1,45,1.225,4.083,0.00000000
ring,9,32,2,h32_l2,17802,71208,0.067909,300,16,512,1,45,1.223,4.077,0.00000000
recursive-doubling-latency,9,32,2,h32_l2,17802,71208,0.067909,300,16,512,1,45,0.794,2.647,0.00000000
recursive-doubling-bandwidth,9,32,2,h32_l2,17802,71208,0.067909,300,16,512,1,45,1.025,3.417,0.00000000
swing-latency,9,32,2,h32_l2,17802,71208,0.067909,300,16,512,1,45,0.760,2.535,0.00000006
swing-bandwidth,9,32,2,h32_l2,17802,71208,0.067909,300,16,512,1,45,1.049,3.496,0.00000000
bruck-latency,9,32,2,h32_l2,17802,71208,0.067909,300,16,512,1,45,0.820,2.733,0.00000033
bruck-bandwidth,9,32,2,h32_l2,17802,71208,0.067909,300,16,512,1,45,1.072,3.574,0.00000000
trivance-latency,9,32,2,h32_l2,17802,71208,0.067909,300,16,512,1,45,0.814,2.713,0.00000033
trivance-bandwidth,9,32,2,h32_l2,17802,71208,0.067909,300,16,512,1,45,0.990,3.301,0.00000000
builtin,9,64,2,h64_l2,37642,150568,0.143593,300,16,512,1,45,1.272,4.239,0.00000000
ring,9,64,2,h64_l2,37642,150568,0.143593,300,16,512,1,45,1.384,4.615,0.00000000
recursive-doubling-latency,9,64,2,h64_l2,37642,150568,0.143593,300,16,512,1,45,0.942,3.139,0.00000000
recursive-doubling-bandwidth,9,64,2,h64_l2,37642,150568,0.143593,300,16,512,1,45,1.214,4.046,0.00000000
swing-latency,9,64,2,h64_l2,37642,150568,0.143593,300,16,512,1,45,0.903,3.009,0.00000017
swing-bandwidth,9,64,2,h64_l2,37642,150568,0.143593,300,16,512,1,45,1.181,3.938,0.00000000
bruck-latency,9,64,2,h64_l2,37642,150568,0.143593,300,16,512,1,45,0.968,3.227,0.00000034
bruck-bandwidth,9,64,2,h64_l2,37642,150568,0.143593,300,16,512,1,45,1.211,4.036,0.00000000
trivance-latency,9,64,2,h64_l2,37642,150568,0.143593,300,16,512,1,45,0.980,3.267,0.00000022
trivance-bandwidth,9,64,2,h64_l2,37642,150568,0.143593,300,16,512,1,45,1.200,4.000,0.00000000
builtin,9,128,2,h128_l2,83466,333864,0.318398,300,16,512,1,45,1.474,4.913,0.00000000
ring,9,128,2,h128_l2,83466,333864,0.318398,300,16,512,1,45,1.696,5.655,0.00000000
recursive-doubling-latency,9,128,2,h128_l2,83466,333864,0.318398,300,16,512,1,45,1.436,4.788,0.00000000
recursive-doubling-bandwidth,9,128,2,h128_l2,83466,333864,0.318398,300,16,512,1,45,1.596,5.319,0.00000000
swing-latency,9,128,2,h128_l2,83466,333864,0.318398,300,16,512,1,45,1.360,4.533,0.00000006
swing-bandwidth,9,128,2,h128_l2,83466,333864,0.318398,300,16,512,1,45,1.688,5.627,0.00000000
bruck-latency,9,128,2,h128_l2,83466,333864,0.318398,300,16,512,1,45,1.502,5.008,0.00000135
bruck-bandwidth,9,128,2,h128_l2,83466,333864,0.318398,300,16,512,1,45,1.554,5.181,0.00000000
trivance-latency,9,128,2,h128_l2,83466,333864,0.318398,300,16,512,1,45,1.466,4.888,0.00000402
trivance-bandwidth,9,128,2,h128_l2,83466,333864,0.318398,300,16,512,1,45,1.543,5.142,0.00000000
builtin,9,256,2,h256_l2,199690,798760,0.761757,300,16,512,1,45,2.265,7.549,0.00000000
ring,9,256,2,h256_l2,199690,798760,0.761757,300,16,512,1,45,2.719,9.063,0.00000000
recursive-doubling-latency,9,256,2,h256_l2,199690,798760,0.761757,300,16,512,1,45,2.489,8.298,0.00000000
recursive-doubling-bandwidth,9,256,2,h256_l2,199690,798760,0.761757,300,16,512,1,45,2.894,9.645,0.00000000
swing-latency,9,256,2,h256_l2,199690,798760,0.761757,300,16,512,1,45,2.543,8.478,0.00000012
swing-bandwidth,9,256,2,h256_l2,199690,798760,0.761757,300,16,512,1,45,2.729,9.097,0.00000000
bruck-latency,9,256,2,h256_l2,199690,798760,0.761757,300,16,512,1,45,2.775,9.252,0.00000418
bruck-bandwidth,9,256,2,h256_l2,199690,798760,0.761757,300,16,512,1,45,2.936,9.787,0.00000000
trivance-latency,9,256,2,h256_l2,199690,798760,0.761757,300,16,512,1,45,2.735,9.118,0.00000208
trivance-bandwidth,9,256,2,h256_l2,199690,798760,0.761757,300,16,512,1,45,2.804,9.346,0.00000000
builtin,9,512,2,h512_l2,530442,2121768,2.023476,300,16,512,1,45,4.558,15.193,0.00000000
ring,9,512,2,h512_l2,530442,2121768,2.023476,300,16,512,1,45,5.256,17.521,0.00000000
recursive-doubling-latency,9,512,2,h512_l2,530442,2121768,2.023476,300,16,512,1,45,6.168,20.560,0.00000000
recursive-doubling-bandwidth,9,512,2,h512_l2,530442,2121768,2.023476,300,16,512,1,45,6.955,23.184,0.00000000
swing-latency,9,512,2,h512_l2,530442,2121768,2.023476,300,16,512,1,45,6.024,20.081,0.00000136
swing-bandwidth,9,512,2,h512_l2,530442,2121768,2.023476,300,16,512,1,45,7.148,23.827,0.00000000
bruck-latency,9,512,2,h512_l2,530442,2121768,2.023476,300,16,512,1,45,6.709,22.363,0.00000172
bruck-bandwidth,9,512,2,h512_l2,530442,2121768,2.023476,300,16,512,1,45,5.986,19.954,0.00000000
trivance-latency,9,512,2,h512_l2,530442,2121768,2.023476,300,16,512,1,45,6.681,22.269,0.00000241
trivance-bandwidth,9,512,2,h512_l2,530442,2121768,2.023476,300,16,512,1,45,5.893,19.644,0.00000000
builtin,9,1024,2,h1024_l2,1585162,6340648,6.046913,300,16,512,1,45,12.524,41.747,0.00000000
ring,9,1024,2,h1024_l2,1585162,6340648,6.046913,300,16,512,1,45,15.821,52.738,0.00000000
recursive-doubling-latency,9,1024,2,h1024_l2,1585162,6340648,6.046913,300,16,512,1,45,17.597,58.657,0.00000000
recursive-doubling-bandwidth,9,1024,2,h1024_l2,1585162,6340648,6.046913,300,16,512,1,45,19.797,65.989,0.00000000
swing-latency,9,1024,2,h1024_l2,1585162,6340648,6.046913,300,16,512,1,45,17.495,58.318,0.00000110
swing-bandwidth,9,1024,2,h1024_l2,1585162,6340648,6.046913,300,16,512,1,45,20.772,69.239,0.00000000
bruck-latency,9,1024,2,h1024_l2,1585162,6340648,6.046913,300,16,512,1,45,18.311,61.035,0.00000194
bruck-bandwidth,9,1024,2,h1024_l2,1585162,6340648,6.046913,300,16,512,1,45,18.502,61.675,0.00000000
trivance-latency,9,1024,2,h1024_l2,1585162,6340648,6.046913,300,16,512,1,45,17.850,59.500,0.00000279
trivance-bandwidth,9,1024,2,h1024_l2,1585162,6340648,6.046913,300,16,512,1,45,18.788,62.626,0.00000000
builtin,9,1024,4,h1024_l4,3684362,14737448,14.054726,300,16,512,1,45,25.612,85.373,0.00000000
ring,9,1024,4,h1024_l4,3684362,14737448,14.054726,300,16,512,1,45,36.293,120.975,0.00000000
recursive-doubling-latency,9,1024,4,h1024_l4,3684362,14737448,14.054726,300,16,512,1,45,34.540,115.135,0.00000000
recursive-doubling-bandwidth,9,1024,4,h1024_l4,3684362,14737448,14.054726,300,16,512,1,45,39.133,130.442,0.00000000
swing-latency,9,1024,4,h1024_l4,3684362,14737448,14.054726,300,16,512,1,45,38.157,127.189,0.00000095
swing-bandwidth,9,1024,4,h1024_l4,3684362,14737448,14.054726,300,16,512,1,45,41.335,137.782,0.00000000
bruck-latency,9,1024,4,h1024_l4,3684362,14737448,14.054726,300,16,512,1,45,41.099,136.996,0.00000136
bruck-bandwidth,9,1024,4,h1024_l4,3684362,14737448,14.054726,300,16,512,1,45,37.914,126.382,0.00000000
trivance-latency,9,1024,4,h1024_l4,3684362,14737448,14.054726,300,16,512,1,45,39.644,132.148,0.00000103
trivance-bandwidth,9,1024,4,h1024_l4,3684362,14737448,14.054726,300,16,512,1,45,38.847,129.490,0.00000000
builtin,9,32,2,h32_l2,17802,71208,0.067909,300,16,512,1,46,1.136,3.787,0.00000000
ring,9,32,2,h32_l2,17802,71208,0.067909,300,16,512,1,46,1.225,4.083,0.00000000
recursive-doubling-latency,9,32,2,h32_l2,17802,71208,0.067909,300,16,512,1,46,0.770,2.566,0.00000000
recursive-doubling-bandwidth,9,32,2,h32_l2,17802,71208,0.067909,300,16,512,1,46,1.002,3.341,0.00000000
swing-latency,9,32,2,h32_l2,17802,71208,0.067909,300,16,512,1,46,0.777,2.590,0.00000006
swing-bandwidth,9,32,2,h32_l2,17802,71208,0.067909,300,16,512,1,46,1.073,3.575,0.00000000
bruck-latency,9,32,2,h32_l2,17802,71208,0.067909,300,16,512,1,46,0.830,2.766,0.00000033
bruck-bandwidth,9,32,2,h32_l2,17802,71208,0.067909,300,16,512,1,46,1.036,3.454,0.00000000
trivance-latency,9,32,2,h32_l2,17802,71208,0.067909,300,16,512,1,46,0.792,2.641,0.00000033
trivance-bandwidth,9,32,2,h32_l2,17802,71208,0.067909,300,16,512,1,46,1.008,3.361,0.00000000
builtin,9,64,2,h64_l2,37642,150568,0.143593,300,16,512,1,46,1.325,4.418,0.00000000
ring,9,64,2,h64_l2,37642,150568,0.143593,300,16,512,1,46,1.410,4.700,0.00000000
recursive-doubling-latency,9,64,2,h64_l2,37642,150568,0.143593,300,16,512,1,46,0.940,3.133,0.00000000
recursive-doubling-bandwidth,9,64,2,h64_l2,37642,150568,0.143593,300,16,512,1,46,1.152,3.838,0.00000000
swing-latency,9,64,2,h64_l2,37642,150568,0.143593,300,16,512,1,46,0.951,3.168,0.00000017
swing-bandwidth,9,64,2,h64_l2,37642,150568,0.143593,300,16,512,1,46,1.172,3.906,0.00000000
bruck-latency,9,64,2,h64_l2,37642,150568,0.143593,300,16,512,1,46,0.973,3.242,0.00000034
bruck-bandwidth,9,64,2,h64_l2,37642,150568,0.143593,300,16,512,1,46,1.221,4.069,0.00000000
trivance-latency,9,64,2,h64_l2,37642,150568,0.143593,300,16,512,1,46,0.981,3.270,0.00000022
trivance-bandwidth,9,64,2,h64_l2,37642,150568,0.143593,300,16,512,1,46,1.239,4.130,0.00000000
builtin,9,128,2,h128_l2,83466,333864,0.318398,300,16,512,1,46,1.517,5.056,0.00000000
ring,9,128,2,h128_l2,83466,333864,0.318398,300,16,512,1,46,1.665,5.549,0.00000000
recursive-doubling-latency,9,128,2,h128_l2,83466,333864,0.318398,300,16,512,1,46,1.363,4.542,0.00000000
recursive-doubling-bandwidth,9,128,2,h128_l2,83466,333864,0.318398,300,16,512,1,46,1.689,5.629,0.00000000
swing-latency,9,128,2,h128_l2,83466,333864,0.318398,300,16,512,1,46,1.352,4.507,0.00000006
swing-bandwidth,9,128,2,h128_l2,83466,333864,0.318398,300,16,512,1,46,1.671,5.569,0.00000000
bruck-latency,9,128,2,h128_l2,83466,333864,0.318398,300,16,512,1,46,1.432,4.772,0.00000135
bruck-bandwidth,9,128,2,h128_l2,83466,333864,0.318398,300,16,512,1,46,1.569,5.231,0.00000000
trivance-latency,9,128,2,h128_l2,83466,333864,0.318398,300,16,512,1,46,1.529,5.096,0.00000402
trivance-bandwidth,9,128,2,h128_l2,83466,333864,0.318398,300,16,512,1,46,1.532,5.106,0.00000000
builtin,9,256,2,h256_l2,199690,798760,0.761757,300,16,512,1,46,2.222,7.405,0.00000000
ring,9,256,2,h256_l2,199690,798760,0.761757,300,16,512,1,46,2.877,9.591,0.00000000
recursive-doubling-latency,9,256,2,h256_l2,199690,798760,0.761757,300,16,512,1,46,2.520,8.398,0.00000000
recursive-doubling-bandwidth,9,256,2,h256_l2,199690,798760,0.761757,300,16,512,1,46,2.857,9.523,0.00000000
swing-latency,9,256,2,h256_l2,199690,798760,0.761757,300,16,512,1,46,2.604,8.682,0.00000012
swing-bandwidth,9,256,2,h256_l2,199690,798760,0.761757,300,16,512,1,46,2.902,9.675,0.00000000
bruck-latency,9,256,2,h256_l2,199690,798760,0.761757,300,16,512,1,46,2.777,9.258,0.00000418
bruck-bandwidth,9,256,2,h256_l2,199690,798760,0.761757,300,16,512,1,46,2.742,9.138,0.00000000
trivance-latency,9,256,2,h256_l2,199690,798760,0.761757,300,16,512,1,46,2.691,8.970,0.00000208
trivance-bandwidth,9,256,2,h256_l2,199690,798760,0.761757,300,16,512,1,46,2.840,9.468,0.00000000
builtin,9,512,2,h512_l2,530442,2121768,2.023476,300,16,512,1,46,4.417,14.725,0.00000000
ring,9,512,2,h512_l2,530442,2121768,2.023476,300,16,512,1,46,5.269,17.565,0.00000000
recursive-doubling-latency,9,512,2,h512_l2,530442,2121768,2.023476,300,16,512,1,46,5.927,19.758,0.00000000
recursive-doubling-bandwidth,9,512,2,h512_l2,530442,2121768,2.023476,300,16,512,1,46,6.988,23.292,0.00000000
swing-latency,9,512,2,h512_l2,530442,2121768,2.023476,300,16,512,1,46,5.787,19.290,0.00000136
swing-bandwidth,9,512,2,h512_l2,530442,2121768,2.023476,300,16,512,1,46,6.784,22.613,0.00000000
bruck-latency,9,512,2,h512_l2,530442,2121768,2.023476,300,16,512,1,46,6.822,22.740,0.00000172
bruck-bandwidth,9,512,2,h512_l2,530442,2121768,2.023476,300,16,512,1,46,6.005,20.015,0.00000000
trivance-latency,9,512,2,h512_l2,530442,2121768,2.023476,300,16,512,1,46,6.443,21.478,0.00000241
trivance-bandwidth,9,512,2,h512_l2,530442,2121768,2.023476,300,16,512,1,46,5.804,19.347,0.00000000
builtin,9,1024,2,h1024_l2,1585162,6340648,6.046913,300,16,512,1,46,12.661,42.203,0.00000000
ring,9,1024,2,h1024_l2,1585162,6340648,6.046913,300,16,512,1,46,16.969,56.564,0.00000000
recursive-doubling-latency,9,1024,2,h1024_l2,1585162,6340648,6.046913,300,16,512,1,46,16.931,56.437,0.00000000
recursive-doubling-bandwidth,9,1024,2,h1024_l2,1585162,6340648,6.046913,300,16,512,1,46,19.280,64.268,0.00000000
swing-latency,9,1024,2,h1024_l2,1585162,6340648,6.046913,300,16,512,1,46,16.727,55.758,0.00000110
swing-bandwidth,9,1024,2,h1024_l2,1585162,6340648,6.046913,300,16,512,1,46,19.957,66.525,0.00000000
bruck-latency,9,1024,2,h1024_l2,1585162,6340648,6.046913,300,16,512,1,46,18.003,60.009,0.00000194
bruck-bandwidth,9,1024,2,h1024_l2,1585162,6340648,6.046913,300,16,512,1,46,18.528,61.759,0.00000000
trivance-latency,9,1024,2,h1024_l2,1585162,6340648,6.046913,300,16,512,1,46,18.240,60.801,0.00000279
trivance-bandwidth,9,1024,2,h1024_l2,1585162,6340648,6.046913,300,16,512,1,46,18.317,61.056,0.00000000
builtin,9,1024,4,h1024_l4,3684362,14737448,14.054726,300,16,512,1,46,26.181,87.269,0.00000000
ring,9,1024,4,h1024_l4,3684362,14737448,14.054726,300,16,512,1,46,33.379,111.262,0.00000000
recursive-doubling-latency,9,1024,4,h1024_l4,3684362,14737448,14.054726,300,16,512,1,46,39.499,131.662,0.00000000
recursive-doubling-bandwidth,9,1024,4,h1024_l4,3684362,14737448,14.054726,300,16,512,1,46,41.857,139.523,0.00000000
swing-latency,9,1024,4,h1024_l4,3684362,14737448,14.054726,300,16,512,1,46,35.472,118.240,0.00000095
swing-bandwidth,9,1024,4,h1024_l4,3684362,14737448,14.054726,300,16,512,1,46,42.803,142.676,0.00000000
bruck-latency,9,1024,4,h1024_l4,3684362,14737448,14.054726,300,16,512,1,46,40.277,134.258,0.00000136
bruck-bandwidth,9,1024,4,h1024_l4,3684362,14737448,14.054726,300,16,512,1,46,37.835,126.115,0.00000000
trivance-latency,9,1024,4,h1024_l4,3684362,14737448,14.054726,300,16,512,1,46,39.457,131.524,0.00000103
trivance-bandwidth,9,1024,4,h1024_l4,3684362,14737448,14.054726,300,16,512,1,46,38.502,128.340,0.00000000
builtin,9,32,2,h32_l2,17802,71208,0.067909,300,16,512,1,47,1.198,3.995,0.00000000
ring,9,32,2,h32_l2,17802,71208,0.067909,300,16,512,1,47,1.282,4.274,0.00000000
recursive-doubling-latency,9,32,2,h32_l2,17802,71208,0.067909,300,16,512,1,47,0.782,2.607,0.00000000
recursive-doubling-bandwidth,9,32,2,h32_l2,17802,71208,0.067909,300,16,512,1,47,1.052,3.505,0.00000000
swing-latency,9,32,2,h32_l2,17802,71208,0.067909,300,16,512,1,47,0.791,2.638,0.00000006
swing-bandwidth,9,32,2,h32_l2,17802,71208,0.067909,300,16,512,1,47,1.051,3.502,0.00000000
bruck-latency,9,32,2,h32_l2,17802,71208,0.067909,300,16,512,1,47,0.813,2.709,0.00000033
bruck-bandwidth,9,32,2,h32_l2,17802,71208,0.067909,300,16,512,1,47,1.040,3.466,0.00000000
trivance-latency,9,32,2,h32_l2,17802,71208,0.067909,300,16,512,1,47,0.812,2.705,0.00000033
trivance-bandwidth,9,32,2,h32_l2,17802,71208,0.067909,300,16,512,1,47,0.987,3.290,0.00000000
builtin,9,64,2,h64_l2,37642,150568,0.143593,300,16,512,1,47,1.386,4.620,0.00000000
ring,9,64,2,h64_l2,37642,150568,0.143593,300,16,512,1,47,1.382,4.608,0.00000000
recursive-doubling-latency,9,64,2,h64_l2,37642,150568,0.143593,300,16,512,1,47,0.925,3.085,0.00000000
recursive-doubling-bandwidth,9,64,2,h64_l2,37642,150568,0.143593,300,16,512,1,47,1.180,3.933,0.00000000
swing-latency,9,64,2,h64_l2,37642,150568,0.143593,300,16,512,1,47,0.952,3.175,0.00000017
swing-bandwidth,9,64,2,h64_l2,37642,150568,0.143593,300,16,512,1,47,1.220,4.068,0.00000000
bruck-latency,9,64,2,h64_l2,37642,150568,0.143593,300,16,512,1,47,0.979,3.264,0.00000034
bruck-bandwidth,9,64,2,h64_l2,37642,150568,0.143593,300,16,512,1,47,1.250,4.168,0.00000000
trivance-latency,9,64,2,h64_l2,37642,150568,0.143593,300,16,512,1,47,0.973,3.244,0.00000022
trivance-bandwidth,9,64,2,h64_l2,37642,150568,0.143593,300,16,512,1,47,1.190,3.968,0.00000000
builtin,9,128,2,h128_l2,83466,333864,0.318398,300,16,512,1,47,1.611,5.370,0.00000000
ring,9,128,2,h128_l2,83466,333864,0.318398,300,16,512,1,47,1.657,5.524,0.00000000
recursive-doubling-latency,9,128,2,h128_l2,83466,333864,0.318398,300,16,512,1,47,1.412,4.708,0.00000000
recursive-doubling-bandwidth,9,128,2,h128_l2,83466,333864,0.318398,300,16,512,1,47,1.709,5.697,0.00000000
swing-latency,9,128,2,h128_l2,83466,333864,0.318398,300,16,512,1,47,1.400,4.667,0.00000006
swing-bandwidth,9,128,2,h128_l2,83466,333864,0.318398,300,16,512,1,47,1.595,5.315,0.00000000
bruck-latency,9,128,2,h128_l2,83466,333864,0.318398,300,16,512,1,47,1.544,5.148,0.00000135
bruck-bandwidth,9,128,2,h128_l2,83466,333864,0.318398,300,16,512,1,47,1.523,5.077,0.00000000
trivance-latency,9,128,2,h128_l2,83466,333864,0.318398,300,16,512,1,47,1.464,4.879,0.00000402
trivance-bandwidth,9,128,2,h128_l2,83466,333864,0.318398,300,16,512,1,47,1.487,4.958,0.00000000
builtin,9,256,2,h256_l2,199690,798760,0.761757,300,16,512,1,47,2.257,7.524,0.00000000
ring,9,256,2,h256_l2,199690,798760,0.761757,300,16,512,1,47,2.794,9.313,0.00000000
recursive-doubling-latency,9,256,2,h256_l2,199690,798760,0.761757,300,16,512,1,47,2.579,8.595,0.00000000
recursive-doubling-bandwidth,9,256,2,h256_l2,199690,798760,0.761757,300,16,512,1,47,2.842,9.474,0.00000000
swing-latency,9,256,2,h256_l2,199690,798760,0.761757,300,16,512,1,47,2.577,8.589,0.00000012
swing-bandwidth,9,256,2,h256_l2,199690,798760,0.761757,300,16,512,1,47,2.825,9.417,0.00000000
bruck-latency,9,256,2,h256_l2,199690,798760,0.761757,300,16,512,1,47,2.777,9.258,0.00000418
bruck-bandwidth,9,256,2,h256_l2,199690,798760,0.761757,300,16,512,1,47,2.775,9.249,0.00000000
trivance-latency,9,256,2,h256_l2,199690,798760,0.761757,300,16,512,1,47,2.717,9.057,0.00000208
trivance-bandwidth,9,256,2,h256_l2,199690,798760,0.761757,300,16,512,1,47,2.824,9.413,0.00000000
builtin,9,512,2,h512_l2,530442,2121768,2.023476,300,16,512,1,47,4.401,14.671,0.00000000
ring,9,512,2,h512_l2,530442,2121768,2.023476,300,16,512,1,47,5.178,17.261,0.00000000
recursive-doubling-latency,9,512,2,h512_l2,530442,2121768,2.023476,300,16,512,1,47,6.042,20.140,0.00000000
recursive-doubling-bandwidth,9,512,2,h512_l2,530442,2121768,2.023476,300,16,512,1,47,6.674,22.245,0.00000000
swing-latency,9,512,2,h512_l2,530442,2121768,2.023476,300,16,512,1,47,5.930,19.767,0.00000136
swing-bandwidth,9,512,2,h512_l2,530442,2121768,2.023476,300,16,512,1,47,7.206,24.021,0.00000000
bruck-latency,9,512,2,h512_l2,530442,2121768,2.023476,300,16,512,1,47,6.526,21.753,0.00000172
bruck-bandwidth,9,512,2,h512_l2,530442,2121768,2.023476,300,16,512,1,47,5.761,19.204,0.00000000
trivance-latency,9,512,2,h512_l2,530442,2121768,2.023476,300,16,512,1,47,6.528,21.760,0.00000241
trivance-bandwidth,9,512,2,h512_l2,530442,2121768,2.023476,300,16,512,1,47,5.697,18.990,0.00000000
builtin,9,1024,2,h1024_l2,1585162,6340648,6.046913,300,16,512,1,47,12.619,42.062,0.00000000
ring,9,1024,2,h1024_l2,1585162,6340648,6.046913,300,16,512,1,47,15.315,51.049,0.00000000
recursive-doubling-latency,9,1024,2,h1024_l2,1585162,6340648,6.046913,300,16,512,1,47,16.393,54.644,0.00000000
recursive-doubling-bandwidth,9,1024,2,h1024_l2,1585162,6340648,6.046913,300,16,512,1,47,18.891,62.971,0.00000000
swing-latency,9,1024,2,h1024_l2,1585162,6340648,6.046913,300,16,512,1,47,17.293,57.644,0.00000110
swing-bandwidth,9,1024,2,h1024_l2,1585162,6340648,6.046913,300,16,512,1,47,20.374,67.913,0.00000000
bruck-latency,9,1024,2,h1024_l2,1585162,6340648,6.046913,300,16,512,1,47,19.056,63.519,0.00000194
bruck-bandwidth,9,1024,2,h1024_l2,1585162,6340648,6.046913,300,16,512,1,47,18.395,61.315,0.00000000
trivance-latency,9,1024,2,h1024_l2,1585162,6340648,6.046913,300,16,512,1,47,18.671,62.236,0.00000279
trivance-bandwidth,9,1024,2,h1024_l2,1585162,6340648,6.046913,300,16,512,1,47,18.784,62.612,0.00000000
builtin,9,1024,4,h1024_l4,3684362,14737448,14.054726,300,16,512,1,47,25.725,85.748,0.00000000
ring,9,1024,4,h1024_l4,3684362,14737448,14.054726,300,16,512,1,47,36.931,123.104,0.00000000
recursive-doubling-latency,9,1024,4,h1024_l4,3684362,14737448,14.054726,300,16,512,1,47,37.423,124.743,0.00000000
recursive-doubling-bandwidth,9,1024,4,h1024_l4,3684362,14737448,14.054726,300,16,512,1,47,41.434,138.112,0.00000000
swing-latency,9,1024,4,h1024_l4,3684362,14737448,14.054726,300,16,512,1,47,36.174,120.579,0.00000095
swing-bandwidth,9,1024,4,h1024_l4,3684362,14737448,14.054726,300,16,512,1,47,40.543,135.142,0.00000000
bruck-latency,9,1024,4,h1024_l4,3684362,14737448,14.054726,300,16,512,1,47,39.800,132.666,0.00000136
bruck-bandwidth,9,1024,4,h1024_l4,3684362,14737448,14.054726,300,16,512,1,47,38.702,129.008,0.00000000
trivance-latency,9,1024,4,h1024_l4,3684362,14737448,14.054726,300,16,512,1,47,38.832,129.440,0.00000103
trivance-bandwidth,9,1024,4,h1024_l4,3684362,14737448,14.054726,300,16,512,1,47,36.867,122.889,0.00000000
builtin,9,32,2,h32_l2,17802,71208,0.067909,300,16,512,1,48,1.174,3.915,0.00000000
ring,9,32,2,h32_l2,17802,71208,0.067909,300,16,512,1,48,1.226,4.085,0.00000000
recursive-doubling-latency,9,32,2,h32_l2,17802,71208,0.067909,300,16,512,1,48,0.775,2.584,0.00000000
recursive-doubling-bandwidth,9,32,2,h32_l2,17802,71208,0.067909,300,16,512,1,48,1.035,3.449,0.00000000
swing-latency,9,32,2,h32_l2,17802,71208,0.067909,300,16,512,1,48,0.791,2.636,0.00000006
swing-bandwidth,9,32,2,h32_l2,17802,71208,0.067909,300,16,512,1,48,1.091,3.637,0.00000000
bruck-latency,9,32,2,h32_l2,17802,71208,0.067909,300,16,512,1,48,0.792,2.641,0.00000033
bruck-bandwidth,9,32,2,h32_l2,17802,71208,0.067909,300,16,512,1,48,1.082,3.606,0.00000000
trivance-latency,9,32,2,h32_l2,17802,71208,0.067909,300,16,512,1,48,0.793,2.643,0.00000033
trivance-bandwidth,9,32,2,h32_l2,17802,71208,0.067909,300,16,512,1,48,1.021,3.403,0.00000000
builtin,9,64,2,h64_l2,37642,150568,0.143593,300,16,512,1,48,1.319,4.398,0.00000000
ring,9,64,2,h64_l2,37642,150568,0.143593,300,16,512,1,48,1.389,4.629,0.00000000
recursive-doubling-latency,9,64,2,h64_l2,37642,150568,0.143593,300,16,512,1,48,0.910,3.035,0.00000000
recursive-doubling-bandwidth,9,64,2,h64_l2,37642,150568,0.143593,300,16,512,1,48,1.190,3.965,0.00000000
swing-latency,9,64,2,h64_l2,37642,150568,0.143593,300,16,512,1,48,0.947,3.157,0.00000017
swing-bandwidth,9,64,2,h64_l2,37642,150568,0.143593,300,16,512,1,48,1.228,4.094,0.00000000
bruck-latency,9,64,2,h64_l2,37642,150568,0.143593,300,16,512,1,48,0.986,3.287,0.00000034
bruck-bandwidth,9,64,2,h64_l2,37642,150568,0.143593,300,16,512,1,48,1.184,3.945,0.00000000
trivance-latency,9,64,2,h64_l2,37642,150568,0.143593,300,16,512,1,48,0.977,3.257,0.00000022
trivance-bandwidth,9,64,2,h64_l2,37642,150568,0.143593,300,16,512,1,48,1.185,3.951,0.00000000
builtin,9,128,2,h128_l2,83466,333864,0.318398,300,16,512,1,48,1.571,5.237,0.00000000
ring,9,128,2,h128_l2,83466,333864,0.318398,300,16,512,1,48,1.704,5.681,0.00000000
recursive-doubling-latency,9,128,2,h128_l2,83466,333864,0.318398,300,16,512,1,48,1.374,4.580,0.00000000
recursive-doubling-bandwidth,9,128,2,h128_l2,83466,333864,0.318398,300,16,512,1,48,1.628,5.428,0.00000000
swing-latency,9,128,2,h128_l2,83466,333864,0.318398,300,16,512,1,48,1.445,4.817,0.00000006
swing-bandwidth,9,128,2,h128_l2,83466,333864,0.318398,300,16,512,1,48,1.598,5.327,0.00000000
bruck-latency,9,128,2,h128_l2,83466,333864,0.318398,300,16,512,1,48,1.481,4.936,0.00000135
bruck-bandwidth,9,128,2,h128_l2,83466,333864,0.318398,300,16,512,1,48,1.578,5.260,0.00000000
trivance-latency,9,128,2,h128_l2,83466,333864,0.318398,300,16,512,1,48,1.489,4.963,0.00000402
trivance-bandwidth,9,128,2,h128_l2,83466,333864,0.318398,300,16,512,1,48,1.528,5.093,0.00000000
builtin,9,256,2,h256_l2,199690,798760,0.761757,300,16,512,1,48,2.392,7.975,0.00000000
ring,9,256,2,h256_l2,199690,798760,0.761757,300,16,512,1,48,2.920,9.733,0.00000000
recursive-doubling-latency,9,256,2,h256_l2,199690,798760,0.761757,300,16,512,1,48,2.610,8.701,0.00000000
recursive-doubling-bandwidth,9,256,2,h256_l2,199690,798760,0.761757,300,16,512,1,48,2.933,9.777,0.00000000
swing-latency,9,256,2,h256_l2,199690,798760,0.761757,300,16,512,1,48,2.483,8.276,0.00000012
swing-bandwidth,9,256,2,h256_l2,199690,798760,0.761757,300,16,512,1,48,2.965,9.885,0.00000000
bruck-latency,9,256,2,h256_l2,199690,798760,0.761757,300,16,512,1,48,2.814,9.382,0.00000418
bruck-bandwidth,9,256,2,h256_l2,199690,798760,0.761757,300,16,512,1,48,2.697,8.991,0.00000000
trivance-latency,9,256,2,h256_l2,199690,798760,0.761757,300,16,512,1,48,2.690,8.965,0.00000208
trivance-bandwidth,9,256,2,h256_l2,199690,798760,0.761757,300,16,512,1,48,2.835,9.450,0.00000000
builtin,9,512,2,h512_l2,530442,2121768,2.023476,300,16,512,1,48,4.329,14.428,0.00000000
ring,9,512,2,h512_l2,530442,2121768,2.023476,300,16,512,1,48,5.196,17.321,0.00000000
recursive-doubling-latency,9,512,2,h512_l2,530442,2121768,2.023476,300,16,512,1,48,6.022,20.073,0.00000000
recursive-doubling-bandwidth,9,512,2,h512_l2,530442,2121768,2.023476,300,16,512,1,48,7.019,23.395,0.00000000
swing-latency,9,512,2,h512_l2,530442,2121768,2.023476,300,16,512,1,48,5.992,19.972,0.00000136
swing-bandwidth,9,512,2,h512_l2,530442,2121768,2.023476,300,16,512,1,48,6.835,22.785,0.00000000
bruck-latency,9,512,2,h512_l2,530442,2121768,2.023476,300,16,512,1,48,6.453,21.510,0.00000172
bruck-bandwidth,9,512,2,h512_l2,530442,2121768,2.023476,300,16,512,1,48,5.658,18.860,0.00000000
trivance-latency,9,512,2,h512_l2,530442,2121768,2.023476,300,16,512,1,48,6.463,21.542,0.00000241
trivance-bandwidth,9,512,2,h512_l2,530442,2121768,2.023476,300,16,512,1,48,5.679,18.930,0.00000000
builtin,9,1024,2,h1024_l2,1585162,6340648,6.046913,300,16,512,1,48,14.099,46.995,0.00000000
ring,9,1024,2,h1024_l2,1585162,6340648,6.046913,300,16,512,1,48,16.542,55.141,0.00000000
recursive-doubling-latency,9,1024,2,h1024_l2,1585162,6340648,6.046913,300,16,512,1,48,17.046,56.820,0.00000000
recursive-doubling-bandwidth,9,1024,2,h1024_l2,1585162,6340648,6.046913,300,16,512,1,48,20.157,67.189,0.00000000
swing-latency,9,1024,2,h1024_l2,1585162,6340648,6.046913,300,16,512,1,48,16.794,55.978,0.00000110
swing-bandwidth,9,1024,2,h1024_l2,1585162,6340648,6.046913,300,16,512,1,48,19.822,66.072,0.00000000
bruck-latency,9,1024,2,h1024_l2,1585162,6340648,6.046913,300,16,512,1,48,19.207,64.022,0.00000194
bruck-bandwidth,9,1024,2,h1024_l2,1585162,6340648,6.046913,300,16,512,1,48,18.881,62.936,0.00000000
trivance-latency,9,1024,2,h1024_l2,1585162,6340648,6.046913,300,16,512,1,48,18.252,60.838,0.00000279
trivance-bandwidth,9,1024,2,h1024_l2,1585162,6340648,6.046913,300,16,512,1,48,18.734,62.448,0.00000000
builtin,9,1024,4,h1024_l4,3684362,14737448,14.054726,300,16,512,1,48,26.012,86.708,0.00000000
ring,9,1024,4,h1024_l4,3684362,14737448,14.054726,300,16,512,1,48,32.104,107.014,0.00000000
recursive-doubling-latency,9,1024,4,h1024_l4,3684362,14737448,14.054726,300,16,512,1,48,37.499,124.996,0.00000000
recursive-doubling-bandwidth,9,1024,4,h1024_l4,3684362,14737448,14.054726,300,16,512,1,48,41.251,137.505,0.00000000
swing-latency,9,1024,4,h1024_l4,3684362,14737448,14.054726,300,16,512,1,48,36.815,122.717,0.00000095
swing-bandwidth,9,1024,4,h1024_l4,3684362,14737448,14.054726,300,16,512,1,48,41.446,138.152,0.00000000
bruck-latency,9,1024,4,h1024_l4,3684362,14737448,14.054726,300,16,512,1,48,40.510,135.032,0.00000136
bruck-bandwidth,9,1024,4,h1024_l4,3684362,14737448,14.054726,300,16,512,1,48,38.571,128.571,0.00000000
trivance-latency,9,1024,4,h1024_l4,3684362,14737448,14.054726,300,16,512,1,48,39.688,132.295,0.00000103
trivance-bandwidth,9,1024,4,h1024_l4,3684362,14737448,14.054726,300,16,512,1,48,37.381,124.605,0.00000000
builtin,9,32,2,h32_l2,17802,71208,0.067909,300,16,512,1,49,1.224,4.080,0.00000000
ring,9,32,2,h32_l2,17802,71208,0.067909,300,16,512,1,49,1.240,4.133,0.00000000
recursive-doubling-latency,9,32,2,h32_l2,17802,71208,0.067909,300,16,512,1,49,0.783,2.610,0.00000000
recursive-doubling-bandwidth,9,32,2,h32_l2,17802,71208,0.067909,300,16,512,1,49,1.028,3.428,0.00000000
swing-latency,9,32,2,h32_l2,17802,71208,0.067909,300,16,512,1,49,0.765,2.549,0.00000006
swing-bandwidth,9,32,2,h32_l2,17802,71208,0.067909,300,16,512,1,49,1.041,3.469,0.00000000
bruck-latency,9,32,2,h32_l2,17802,71208,0.067909,300,16,512,1,49,0.810,2.701,0.00000033
bruck-bandwidth,9,32,2,h32_l2,17802,71208,0.067909,300,16,512,1,49,1.037,3.455,0.00000000
trivance-latency,9,32,2,h32_l2,17802,71208,0.067909,300,16,512,1,49,0.809,2.698,0.00000033
trivance-bandwidth,9,32,2,h32_l2,17802,71208,0.067909,300,16,512,1,49,1.015,3.384,0.00000000
builtin,9,64,2,h64_l2,37642,150568,0.143593,300,16,512,1,49,1.221,4.071,0.00000000
ring,9,64,2,h64_l2,37642,150568,0.143593,300,16,512,1,49,1.382,4.606,0.00000000
recursive-doubling-latency,9,64,2,h64_l2,37642,150568,0.143593,300,16,512,1,49,0.898,2.994,0.00000000
recursive-doubling-bandwidth,9,64,2,h64_l2,37642,150568,0.143593,300,16,512,1,49,1.199,3.997,0.00000000
swing-latency,9,64,2,h64_l2,37642,150568,0.143593,300,16,512,1,49,0.966,3.220,0.00000017
swing-bandwidth,9,64,2,h64_l2,37642,150568,0.143593,300,16,512,1,49,1.273,4.243,0.00000000
bruck-latency,9,64,2,h64_l2,37642,150568,0.143593,300,16,512,1,49,0.972,3.239,0.00000034
bruck-bandwidth,9,64,2,h64_l2,37642,150568,0.143593,300,16,512,1,49,1.202,4.008,0.00000000
trivance-latency,9,64,2,h64_l2,37642,150568,0.143593,300,16,512,1,49,0.924,3.081,0.00000022
trivance-bandwidth,9,64,2,h64_l2,37642,150568,0.143593,300,16,512,1,49,1.205,4.017,0.00000000
builtin,9,128,2,h128_l2,83466,333864,0.318398,300,16,512,1,49,1.509,5.029,0.00000000
ring,9,128,2,h128_l2,83466,333864,0.318398,300,16,512,1,49,1.695,5.649,0.00000000
recursive-doubling-latency,9,128,2,h128_l2,83466,333864,0.318398,300,16,512,1,49,1.337,4.458,0.00000000
recursive-doubling-bandwidth,9,128,2,h128_l2,83466,333864,0.318398,300,16,512,1,49,1.693,5.644,0.00000000
swing-latency,9,128,2,h128_l2,83466,333864,0.318398,300,16,512,1,49,1.375,4.582,0.00000006
swing-bandwidth,9,128,2,h128_l2,83466,333864,0.318398,300,16,512,1,49,1.596,5.321,0.00000000
bruck-latency,9,128,2,h128_l2,83466,333864,0.318398,300,16,512,1,49,1.501,5.002,0.00000135
bruck-bandwidth,9,128,2,h128_l2,83466,333864,0.318398,300,16,512,1,49,1.586,5.287,0.00000000
trivance-latency,9,128,2,h128_l2,83466,333864,0.318398,300,16,512,1,49,1.427,4.758,0.00000402
trivance-bandwidth,9,128,2,h128_l2,83466,333864,0.318398,300,16,512,1,49,1.531,5.103,0.00000000
builtin,9,256,2,h256_l2,199690,798760,0.761757,300,16,512,1,49,2.359,7.862,0.00000000
ring,9,256,2,h256_l2,199690,798760,0.761757,300,16,512,1,49,2.729,9.096,0.00000000
recursive-doubling-latency,9,256,2,h256_l2,199690,798760,0.761757,300,16,512,1,49,2.535,8.451,0.00000000
recursive-doubling-bandwidth,9,256,2,h256_l2,199690,798760,0.761757,300,16,512,1,49,3.006,10.020,0.00000000
swing-latency,9,256,2,h256_l2,199690,798760,0.761757,300,16,512,1,49,2.526,8.420,0.00000012
swing-bandwidth,9,256,2,h256_l2,199690,798760,0.761757,300,16,512,1,49,3.021,10.068,0.00000000
bruck-latency,9,256,2,h256_l2,199690,798760,0.761757,300,16,512,1,49,2.757,9.191,0.00000418
bruck-bandwidth,9,256,2,h256_l2,199690,798760,0.761757,300,16,512,1,49,2.773,9.244,0.00000000
trivance-latency,9,256,2,h256_l2,199690,798760,0.761757,300,16,512,1,49,2.714,9.048,0.00000208
trivance-bandwidth,9,256,2,h256_l2,199690,798760,0.761757,300,16,512,1,49,2.811,9.371,0.00000000
builtin,9,512,2,h512_l2,530442,2121768,2.023476,300,16,512,1,49,4.235,14.116,0.00000000
ring,9,512,2,h512_l2,530442,2121768,2.023476,300,16,512,1,49,5.262,17.540,0.00000000
recursive-doubling-latency,9,512,2,h512_l2,530442,2121768,2.023476,300,16,512,1,49,6.169,20.564,0.00000000
recursive-doubling-bandwidth,9,512,2,h512_l2,530442,2121768,2.023476,300,16,512,1,49,6.899,22.997,0.00000000
swing-latency,9,512,2,h512_l2,530442,2121768,2.023476,300,16,512,1,49,6.041,20.136,0.00000136
swing-bandwidth,9,512,2,h512_l2,530442,2121768,2.023476,300,16,512,1,49,6.647,22.158,0.00000000
bruck-latency,9,512,2,h512_l2,530442,2121768,2.023476,300,16,512,1,49,6.585,21.951,0.00000172
bruck-bandwidth,9,512,2,h512_l2,530442,2121768,2.023476,300,16,512,1,49,5.853,19.509,0.00000000
trivance-latency,9,512,2,h512_l2,530442,2121768,2.023476,300,16,512,1,49,6.468,21.560,0.00000241
trivance-bandwidth,9,512,2,h512_l2,530442,2121768,2.023476,300,16,512,1,49,5.539,18.462,0.00000000
builtin,9,1024,2,h1024_l2,1585162,6340648,6.046913,300,16,512,1,49,12.474,41.580,0.00000000
ring,9,1024,2,h1024_l2,1585162,6340648,6.046913,300,16,512,1,49,16.175,53.918,0.00000000
recursive-doubling-latency,9,1024,2,h1024_l2,1585162,6340648,6.046913,300,16,512,1,49,17.198,57.327,0.00000000
recursive-doubling-bandwidth,9,1024,2,h1024_l2,1585162,6340648,6.046913,300,16,512,1,49,19.748,65.826,0.00000000
swing-latency,9,1024,2,h1024_l2,1585162,6340648,6.046913,300,16,512,1,49,16.967,56.558,0.00000110
swing-bandwidth,9,1024,2,h1024_l2,1585162,6340648,6.046913,300,16,512,1,49,20.433,68.109,0.00000000
bruck-latency,9,1024,2,h1024_l2,1585162,6340648,6.046913,300,16,512,1,49,19.539,65.129,0.00000194
bruck-bandwidth,9,1024,2,h1024_l2,1585162,6340648,6.046913,300,16,512,1,49,18.509,61.695,0.00000000
trivance-latency,9,1024,2,h1024_l2,1585162,6340648,6.046913,300,16,512,1,49,18.479,61.596,0.00000279
trivance-bandwidth,9,1024,2,h1024_l2,1585162,6340648,6.046913,300,16,512,1,49,18.602,62.007,0.00000000
builtin,9,1024,4,h1024_l4,3684362,14737448,14.054726,300,16,512,1,49,26.127,87.088,0.00000000
ring,9,1024,4,h1024_l4,3684362,14737448,14.054726,300,16,512,1,49,34.277,114.255,0.00000000
recursive-doubling-latency,9,1024,4,h1024_l4,3684362,14737448,14.054726,300,16,512,1,49,37.497,124.989,0.00000000
recursive-doubling-bandwidth,9,1024,4,h1024_l4,3684362,14737448,14.054726,300,16,512,1,49,43.531,145.105,0.00000000
swing-latency,9,1024,4,h1024_l4,3684362,14737448,14.054726,300,16,512,1,49,37.518,125.059,0.00000095
swing-bandwidth,9,1024,4,h1024_l4,3684362,14737448,14.054726,300,16,512,1,49,41.731,139.103,0.00000000
bruck-latency,9,1024,4,h1024_l4,3684362,14737448,14.054726,300,16,512,1,49,39.793,132.642,0.00000136
bruck-bandwidth,9,1024,4,h1024_l4,3684362,14737448,14.054726,300,16,512,1,49,37.984,126.614,0.00000000
trivance-latency,9,1024,4,h1024_l4,3684362,14737448,14.054726,300,16,512,1,49,39.751,132.505,0.00000103
trivance-bandwidth,9,1024,4,h1024_l4,3684362,14737448,14.054726,300,16,512,1,49,36.950,123.168,0.00000000
builtin,9,32,2,h32_l2,17802,71208,0.067909,300,16,512,1,50,1.190,3.966,0.00000000
ring,9,32,2,h32_l2,17802,71208,0.067909,300,16,512,1,50,1.253,4.175,0.00000000
recursive-doubling-latency,9,32,2,h32_l2,17802,71208,0.067909,300,16,512,1,50,0.795,2.650,0.00000000
recursive-doubling-bandwidth,9,32,2,h32_l2,17802,71208,0.067909,300,16,512,1,50,1.031,3.437,0.00000000
swing-latency,9,32,2,h32_l2,17802,71208,0.067909,300,16,512,1,50,0.783,2.611,0.00000006
swing-bandwidth,9,32,2,h32_l2,17802,71208,0.067909,300,16,512,1,50,1.023,3.411,0.00000000
bruck-latency,9,32,2,h32_l2,17802,71208,0.067909,300,16,512,1,50,0.813,2.710,0.00000033
bruck-bandwidth,9,32,2,h32_l2,17802,71208,0.067909,300,16,512,1,50,1.045,3.483,0.00000000
trivance-latency,9,32,2,h32_l2,17802,71208,0.067909,300,16,512,1,50,0.811,2.703,0.00000033
trivance-bandwidth,9,32,2,h32_l2,17802,71208,0.067909,300,16,512,1,50,1.060,3.533,0.00000000
builtin,9,64,2,h64_l2,37642,150568,0.143593,300,16,512,1,50,1.372,4.574,0.00000000
ring,9,64,2,h64_l2,37642,150568,0.143593,300,16,512,1,50,1.410,4.700,0.00000000
recursive-doubling-latency,9,64,2,h64_l2,37642,150568,0.143593,300,16,512,1,50,0.921,3.069,0.00000000
recursive-doubling-bandwidth,9,64,2,h64_l2,37642,150568,0.143593,300,16,512,1,50,1.206,4.022,0.00000000
swing-latency,9,64,2,h64_l2,37642,150568,0.143593,300,16,512,1,50,0.905,3.016,0.00000017
swing-bandwidth,9,64,2,h64_l2,37642,150568,0.143593,300,16,512,1,50,1.170,3.901,0.00000000
bruck-latency,9,64,2,h64_l2,37642,150568,0.143593,300,16,512,1,50,0.964,3.213,0.00000034
bruck-bandwidth,9,64,2,h64_l2,37642,150568,0.143593,300,16,512,1,50,1.189,3.963,0.00000000
trivance-latency,9,64,2,h64_l2,37642,150568,0.143593,300,16,512,1,50,0.970,3.232,0.00000022
trivance-bandwidth,9,64,2,h64_l2,37642,150568,0.143593,300,16,512,1,50,1.178,3.926,0.00000000
builtin,9,128,2,h128_l2,83466,333864,0.318398,300,16,512,1,50,1.523,5.075,0.00000000
ring,9,128,2,h128_l2,83466,333864,0.318398,300,16,512,1,50,1.656,5.518,0.00000000
recursive-doubling-latency,9,128,2,h128_l2,83466,333864,0.318398,300,16,512,1,50,1.454,4.845,0.00000000
recursive-doubling-bandwidth,9,128,2,h128_l2,83466,333864,0.318398,300,16,512,1,50,1.613,5.377,0.00000000
swing-latency,9,128,2,h128_l2,83466,333864,0.318398,300,16,512,1,50,1.420,4.733,0.00000006
swing-bandwidth,9,128,2,h128_l2,83466,333864,0.318398,300,16,512,1,50,1.674,5.581,0.00000000
bruck-latency,9,128,2,h128_l2,83466,333864,0.318398,300,16,512,1,50,1.450,4.834,0.00000135
bruck-bandwidth,9,128,2,h128_l2,83466,333864,0.318398,300,16,512,1,50,1.535,5.118,0.00000000
trivance-latency,9,128,2,h128_l2,83466,333864,0.318398,300,16,512,1,50,1.519,5.064,0.00000402
trivance-bandwidth,9,128,2,h128_l2,83466,333864,0.318398,300,16,512,1,50,1.526,5.085,0.00000000
builtin,9,256,2,h256_l2,199690,798760,0.761757,300,16,512,1,50,2.222,7.407,0.00000000
ring,9,256,2,h256_l2,199690,798760,0.761757,300,16,512,1,50,2.753,9.178,0.00000000
recursive-doubling-latency,9,256,2,h256_l2,199690,798760,0.761757,300,16,512,1,50,2.488,8.292,0.00000000
recursive-doubling-bandwidth,9,256,2,h256_l2,199690,798760,0.761757,300,16,512,1,50,2.823,9.410,0.00000000
swing-latency,9,256,2,h256_l2,199690,798760,0.761757,300,16,512,1,50,2.521,8.404,0.00000012
swing-bandwidth,9,256,2,h256_l2,199690,798760,0.761757,300,16,512,1,50,2.997,9.991,0.00000000
bruck-latency,9,256,2,h256_l2,199690,798760,0.761757,300,16,512,1,50,2.734,9.112,0.00000418
bruck-bandwidth,9,256,2,h256_l2,199690,798760,0.761757,300,16,512,1,50,2.832,9.440,0.00000000
trivance-latency,9,256,2,h256_l2,199690,798760,0.761757,300,16,512,1,50,2.741,9.135,0.00000208
trivance-bandwidth,9,256,2,h256_l2,199690,798760,0.761757,300,16,512,1,50,2.777,9.256,0.00000000
builtin,9,512,2,h512_l2,530442,2121768,2.023476,300,16,512,1,50,4.589,15.297,0.00000000
ring,9,512,2,h512_l2,530442,2121768,2.023476,300,16,512,1,50,5.294,17.647,0.00000000
recursive-doubling-latency,9,512,2,h512_l2,530442,2121768,2.023476,300,16,512,1,50,6.258,20.861,0.00000000
recursive-doubling-bandwidth,9,512,2,h512_l2,530442,2121768,2.023476,300,16,512,1,50,7.165,23.882,0.00000000
swing-latency,9,512,2,h512_l2,530442,2121768,2.023476,300,16,512,1,50,6.205,20.685,0.00000136
swing-bandwidth,9,512,2,h512_l2,530442,2121768,2.023476,300,16,512,1,50,7.180,23.932,0.00000000
bruck-latency,9,512,2,h512_l2,530442,2121768,2.023476,300,16,512,1,50,6.549,21.831,0.00000172
bruck-bandwidth,9,512,2,h512_l2,530442,2121768,2.023476,300,16,512,1,50,5.704,19.014,0.00000000
trivance-latency,9,512,2,h512_l2,530442,2121768,2.023476,300,16,512,1,50,6.564,21.881,0.00000241
trivance-bandwidth,9,512,2,h512_l2,530442,2121768,2.023476,300,16,512,1,50,5.698,18.995,0.00000000
builtin,9,1024,2,h1024_l2,1585162,6340648,6.046913,300,16,512,1,50,12.586,41.952,0.00000000
ring,9,1024,2,h1024_l2,1585162,6340648,6.046913,300,16,512,1,50,15.997,53.324,0.00000000
recursive-doubling-latency,9,1024,2,h1024_l2,1585162,6340648,6.046913,300,16,512,1,50,17.541,58.469,0.00000000
recursive-doubling-bandwidth,9,1024,2,h1024_l2,1585162,6340648,6.046913,300,16,512,1,50,20.051,66.838,0.00000000
swing-latency,9,1024,2,h1024_l2,1585162,6340648,6.046913,300,16,512,1,50,16.914,56.380,0.00000110
swing-bandwidth,9,1024,2,h1024_l2,1585162,6340648,6.046913,300,16,512,1,50,19.254,64.179,0.00000000
bruck-latency,9,1024,2,h1024_l2,1585162,6340648,6.046913,300,16,512,1,50,18.023,60.077,0.00000194
bruck-bandwidth,9,1024,2,h1024_l2,1585162,6340648,6.046913,300,16,512,1,50,19.019,63.396,0.00000000
trivance-latency,9,1024,2,h1024_l2,1585162,6340648,6.046913,300,16,512,1,50,17.739,59.129,0.00000279
trivance-bandwidth,9,1024,2,h1024_l2,1585162,6340648,6.046913,300,16,512,1,50,18.015,60.051,0.00000000
builtin,9,1024,4,h1024_l4,3684362,14737448,14.054726,300,16,512,1,50,26.686,88.953,0.00000000
ring,9,1024,4,h1024_l4,3684362,14737448,14.054726,300,16,512,1,50,33.223,110.744,0.00000000
recursive-doubling-latency,9,1024,4,h1024_l4,3684362,14737448,14.054726,300,16,512,1,50,35.401,118.005,0.00000000
recursive-doubling-bandwidth,9,1024,4,h1024_l4,3684362,14737448,14.054726,300,16,512,1,50,40.570,135.235,0.00000000
swing-latency,9,1024,4,h1024_l4,3684362,14737448,14.054726,300,16,512,1,50,35.787,119.289,0.00000095
swing-bandwidth,9,1024,4,h1024_l4,3684362,14737448,14.054726,300,16,512,1,50,41.320,137.735,0.00000000
bruck-latency,9,1024,4,h1024_l4,3684362,14737448,14.054726,300,16,512,1,50,41.477,138.256,0.00000136
bruck-bandwidth,9,1024,4,h1024_l4,3684362,14737448,14.054726,300,16,512,1,50,37.975,126.584,0.00000000
trivance-latency,9,1024,4,h1024_l4,3684362,14737448,14.054726,300,16,512,1,50,41.726,139.087,0.00000103
trivance-bandwidth,9,1024,4,h1024_l4,3684362,14737448,14.054726,300,16,512,1,50,38.531,128.437,0.00000000
